file	title	source	notes	pages	notes_per_page	moved_at
你还要我怎样_2.txt	你还要我怎样	jianpujia-7161	14	10	1.40	2026-10-03 11:30:56
你还要我怎样_2.json	你还要我怎样	jianpujia-7161	14	10	1.40	2026-10-03 11:30:56
剩下的盛夏.txt	剩下的盛夏	jianpujia-15578	11	4	2.80	2026-10-03 11:30:56
剩下的盛夏.json	剩下的盛夏	jianpujia-15578	11	4	2.80	2026-10-03 11:30:56
爱错（简和谱）__qupu123-350544.txt	爱错	qupu123-350544	6	2	3.00	2026-10-03 11:30:56
爱错（简和谱）__qupu123-350544.json	爱错	qupu123-350544	6	2	3.00	2026-10-03 11:30:56
相亲相爱.txt	相亲相爱	qupu123-316598	13	4	3.20	2026-10-03 11:30:56
相亲相爱.json	相亲相爱	qupu123-316598	13	4	3.20	2026-10-03 11:30:56
爱我中华.txt	爱我中华	qupu123-330845	10	3	3.30	2026-10-03 11:30:56
爱我中华.json	爱我中华	qupu123-330845	10	3	3.30	2026-10-03 11:30:56
有点甜.txt	有点甜	jianpujia-155486	14	4	3.50	2026-10-03 11:30:56
有点甜.json	有点甜	jianpujia-155486	14	4	3.50	2026-10-03 11:30:56
丁小琴编-27美丽的孔雀河.txt	丁小琴编-27美丽的孔雀河	qupu123-325233	11	3	3.70	2026-10-03 11:30:56
丁小琴编-27美丽的孔雀河.json	丁小琴编-27美丽的孔雀河	qupu123-325233	11	3	3.70	2026-10-03 11:30:56
找朋友_2.txt	找朋友	qupu123-339911	8	2	4.00	2026-10-03 11:30:56
找朋友_2.json	找朋友	qupu123-339911	8	2	4.00	2026-10-03 11:30:56
军营里的红玫瑰_2.txt	军营里的红玫瑰	qupu123-314064	16	4	4.00	2026-10-03 11:30:56
军营里的红玫瑰_2.json	军营里的红玫瑰	qupu123-314064	16	4	4.00	2026-10-03 11:30:56
我从草原来.txt	我从草原来	jianpujia-7077	16	4	4.00	2026-10-03 11:30:56
我从草原来.json	我从草原来	jianpujia-7077	16	4	4.00	2026-10-03 11:30:57
Top_Of_The_World.txt	Top Of The World	qupu123-270469	13	3	4.30	2026-10-03 11:30:57
Top_Of_The_World.json	Top Of The World	qupu123-270469	13	3	4.30	2026-10-03 11:30:57
铁纪荣光.txt	铁纪荣光	qupu123-335326	13	3	4.30	2026-10-03 11:30:57
铁纪荣光.json	铁纪荣光	qupu123-335326	13	3	4.30	2026-10-03 11:30:57
丁小琴编-34把我的奶名儿叫.txt	丁小琴编-34把我的奶名儿叫	qupu123-325280	22	5	4.40	2026-10-03 11:30:57
丁小琴编-34把我的奶名儿叫.json	丁小琴编-34把我的奶名儿叫	qupu123-325280	22	5	4.40	2026-10-03 11:30:57
沁园春·雪.txt	沁园春·雪	qupu123-370523	9	2	4.50	2026-10-03 11:30:57
沁园春·雪.json	沁园春·雪	qupu123-370523	9	2	4.50	2026-10-03 11:30:57
丁小琴编-21金风吹来的时候.txt	丁小琴编-21金风吹来的时候	qupu123-325226	10	2	5.00	2026-10-03 11:30:57
丁小琴编-21金风吹来的时候.json	丁小琴编-21金风吹来的时候	qupu123-325226	10	2	5.00	2026-10-03 11:30:57
冰雨_8.txt	冰雨	qupu123-349872	10	2	5.00	2026-10-03 11:30:57
冰雨_8.json	冰雨	qupu123-349872	10	2	5.00	2026-10-03 11:30:57
南山之外还有山.txt	南山之外还有山	qupu123-329263	10	2	5.00	2026-10-03 11:30:57
南山之外还有山.json	南山之外还有山	qupu123-329263	10	2	5.00	2026-10-03 11:30:57
因为爱情_4.txt	因为爱情	qupu123-339784	10	2	5.00	2026-10-03 11:30:57
因为爱情_4.json	因为爱情	qupu123-339784	10	2	5.00	2026-10-03 11:30:57
小燕子_6.txt	小燕子	qupu123-339909	10	2	5.00	2026-10-03 11:30:57
小燕子_6.json	小燕子	qupu123-339909	10	2	5.00	2026-10-03 11:30:57
沁园春·雪_2.txt	沁园春·雪	qupu123-370523	10	2	5.00	2026-10-03 11:30:57
沁园春·雪_2.json	沁园春·雪	qupu123-370523	10	2	5.00	2026-10-03 11:30:57
洋葱.txt	洋葱	qupu123-339778	10	2	5.00	2026-10-03 11:30:57
洋葱.json	洋葱	qupu123-339778	10	2	5.00	2026-10-03 11:30:57
一颗开花的树.txt	一颗开花的树	qupu123-331584	15	3	5.00	2026-10-03 11:30:57
一颗开花的树.json	一颗开花的树	qupu123-331584	15	3	5.00	2026-10-03 11:30:57
追寻_3.txt	追寻	qupu123-312869	25	5	5.00	2026-10-03 11:30:57
追寻_3.json	追寻	qupu123-312869	25	5	5.00	2026-10-03 11:30:57
练习_2.txt	练习	jianpujia-15039	45	9	5.00	2026-10-03 11:30:57
练习_2.json	练习	jianpujia-15039	45	9	5.00	2026-10-03 11:30:57
丁小琴编-16花非花.txt	丁小琴编-16花非花	qupu123-325172	11	2	5.50	2026-10-03 11:30:57
丁小琴编-16花非花.json	丁小琴编-16花非花	qupu123-325172	11	2	5.50	2026-10-03 11:30:57
十五的月亮.txt	十五的月亮	jianpucn-39109	11	2	5.50	2026-10-03 11:30:57
十五的月亮.json	十五的月亮	jianpucn-39109	11	2	5.50	2026-10-03 11:30:57
童话_3.txt	童话	qupu123-339965	11	2	5.50	2026-10-03 11:30:57
童话_3.json	童话	qupu123-339965	11	2	5.50	2026-10-03 11:30:57
江河梦.txt	江河梦	qupu123-303181	35	6	5.80	2026-10-03 11:30:57
江河梦.json	江河梦	qupu123-303181	35	6	5.80	2026-10-03 11:30:57
一千个伤心的理由_6.txt	一千个伤心的理由	qupu123-339783	12	2	6.00	2026-10-03 11:30:57
一千个伤心的理由_6.json	一千个伤心的理由	qupu123-339783	12	2	6.00	2026-10-03 11:30:57
光辉岁月_3.txt	光辉岁月	qupu123-339709	12	2	6.00	2026-10-03 11:30:57
光辉岁月_3.json	光辉岁月	qupu123-339709	12	2	6.00	2026-10-03 11:30:57
光辉岁月_5.txt	光辉岁月	qupu123-339709	12	2	6.00	2026-10-03 11:30:57
光辉岁月_5.json	光辉岁月	qupu123-339709	12	2	6.00	2026-10-03 11:30:57
数鸭子.txt	数鸭子	qupu123-339898	12	2	6.00	2026-10-03 11:30:57
数鸭子.json	数鸭子	qupu123-339898	12	2	6.00	2026-10-03 11:30:57
泡沫_2.txt	泡沫	qupu123-339651	12	2	6.00	2026-10-03 11:30:57
泡沫_2.json	泡沫	qupu123-339651	12	2	6.00	2026-10-03 11:30:57
爱与诚.txt	爱与诚	qupu123-339558	12	2	6.00	2026-10-03 11:30:57
爱与诚.json	爱与诚	qupu123-339558	12	2	6.00	2026-10-03 11:30:57
生日快乐_2.txt	生日快乐	jianpujia-15835	25	4	6.20	2026-10-03 11:30:57
生日快乐_2.json	生日快乐	jianpujia-15835	25	4	6.20	2026-10-03 11:30:57
我们走在大路上_2.txt	我们走在大路上	qupu123-14205	32	5	6.40	2026-10-03 11:30:57
我们走在大路上_2.json	我们走在大路上	qupu123-14205	32	5	6.40	2026-10-03 11:30:57
大家都来跳.txt	大家都来跳	qupu123-331497	13	2	6.50	2026-10-03 11:30:57
大家都来跳.json	大家都来跳	qupu123-331497	13	2	6.50	2026-10-03 11:30:57
月半小夜曲_5.txt	月半小夜曲	qupu123-346348	13	2	6.50	2026-10-03 11:30:57
月半小夜曲_5.json	月半小夜曲	qupu123-346348	13	2	6.50	2026-10-03 11:30:57
追光者_2.txt	追光者	qupu123-339803	13	2	6.50	2026-10-03 11:30:57
追光者_2.json	追光者	qupu123-339803	13	2	6.50	2026-10-03 11:30:57
七色光之歌.txt	七色光之歌	jianpujia-7494	26	4	6.50	2026-10-03 11:30:57
七色光之歌.json	七色光之歌	jianpujia-7494	26	4	6.50	2026-10-03 11:30:57
丁小琴编-38长城永在我心上.txt	丁小琴编-38长城永在我心上	qupu123-325284	20	3	6.70	2026-10-03 11:30:57
丁小琴编-38长城永在我心上.json	丁小琴编-38长城永在我心上	qupu123-325284	20	3	6.70	2026-10-03 11:30:57
黄果树瀑布的怀抱.txt	黄果树瀑布的怀抱	qupu123-332137	20	3	6.70	2026-10-03 11:30:57
黄果树瀑布的怀抱.json	黄果树瀑布的怀抱	qupu123-332137	20	3	6.70	2026-10-03 11:30:57
朋友_3.txt	朋友	qupu123-340493	14	2	7.00	2026-10-03 11:30:57
朋友_3.json	朋友	qupu123-340493	14	2	7.00	2026-10-03 11:30:57
林俊杰《修炼爱情》吉他谱C调入门版_猴哥吉他教学_高音教编配.txt	林俊杰《修炼爱情》吉他谱C调入门版 猴哥吉他教学 高音教编配	qupu123-343700	14	2	7.00	2026-10-03 11:30:57
林俊杰《修炼爱情》吉他谱C调入门版_猴哥吉他教学_高音教编配.json	林俊杰《修炼爱情》吉他谱C调入门版 猴哥吉他教学 高音教编配	qupu123-343700	14	2	7.00	2026-10-03 11:30:57
栽秧唱得热.txt	栽秧唱得热	qupu123-335891	14	2	7.00	2026-10-03 11:30:57
栽秧唱得热.json	栽秧唱得热	qupu123-335891	14	2	7.00	2026-10-03 11:30:57
爱情转移_4.txt	爱情转移	qupu123-339554	14	2	7.00	2026-10-03 11:30:57
爱情转移_4.json	爱情转移	qupu123-339554	14	2	7.00	2026-10-03 11:30:57
说散就散_3.txt	说散就散	qupu123-339679	14	2	7.00	2026-10-03 11:30:57
说散就散_3.json	说散就散	qupu123-339679	14	2	7.00	2026-10-03 11:30:57
丁小琴编-7啊，中国的土地.txt	丁小琴编-7啊，中国的土地	qupu123-324958	21	3	7.00	2026-10-03 11:30:57
丁小琴编-7啊，中国的土地.json	丁小琴编-7啊，中国的土地	qupu123-324958	21	3	7.00	2026-10-03 11:30:57
亲亲我.txt	亲亲我	qupu123-335633	22	3	7.30	2026-10-03 11:30:57
亲亲我.json	亲亲我	qupu123-335633	22	3	7.30	2026-10-03 11:30:57
分手快乐.txt	分手快乐	jianpucn-113487	15	2	7.50	2026-10-03 11:30:57
分手快乐.json	分手快乐	jianpucn-113487	15	2	7.50	2026-10-03 11:30:57
古诗词今唱：别董大.txt	古诗词今唱：别董大	qupu123-328002	15	2	7.50	2026-10-03 11:30:57
古诗词今唱：别董大.json	古诗词今唱：别董大	qupu123-328002	15	2	7.50	2026-10-03 11:30:57
爱的代价_3.txt	爱的代价	qupu123-350092	15	2	7.50	2026-10-03 11:30:57
爱的代价_3.json	爱的代价	qupu123-350092	15	2	7.50	2026-10-03 11:30:57
钢铁战士娃娃脸.txt	钢铁战士娃娃脸	qupu123-333857	15	2	7.50	2026-10-03 11:30:57
钢铁战士娃娃脸.json	钢铁战士娃娃脸	qupu123-333857	15	2	7.50	2026-10-03 11:30:57
让我们荡起双桨_5.txt	让我们荡起双桨	qupu123-53613	54	7	7.70	2026-10-03 11:30:57
让我们荡起双桨_5.json	让我们荡起双桨	qupu123-53613	54	7	7.70	2026-10-03 11:30:57
人间烟火.txt	人间烟火	qupu123-382916	16	2	8.00	2026-10-03 11:30:57
人间烟火.json	人间烟火	qupu123-382916	16	2	8.00	2026-10-03 11:30:57
种太阳.txt	种太阳	qupu123-339912	16	2	8.00	2026-10-03 11:30:57
种太阳.json	种太阳	qupu123-339912	16	2	8.00	2026-10-03 11:30:57
Welcome_to_Our_World钢琴.txt	Welcome_to_Our_World钢琴	jianpujia-387622	48	6	8.00	2026-10-03 11:30:57
Welcome_to_Our_World钢琴.json	Welcome_to_Our_World钢琴	jianpujia-387622	48	6	8.00	2026-10-03 11:30:57
拔萝卜.txt	拔萝卜	jianpujia-15218	48	6	8.00	2026-10-03 11:30:57
拔萝卜.json	拔萝卜	jianpujia-15218	48	6	8.00	2026-10-03 11:30:57
帕帕杰诺的咏叹调.txt	帕帕杰诺的咏叹调	qupu123-335646	41	5	8.20	2026-10-03 11:30:57
帕帕杰诺的咏叹调.json	帕帕杰诺的咏叹调	qupu123-335646	41	5	8.20	2026-10-03 11:30:57
K歌之王_3.txt	K歌之王	qupu123-352307	17	2	8.50	2026-10-03 11:30:57
K歌之王_3.json	K歌之王	qupu123-352307	17	2	8.50	2026-10-03 11:30:57
平凡之路_3.txt	平凡之路	qupu123-341067	17	2	8.50	2026-10-03 11:30:57
平凡之路_3.json	平凡之路	qupu123-341067	17	2	8.50	2026-10-03 11:30:57
消愁_3.txt	消愁	qupu123-339769	17	2	8.50	2026-10-03 11:30:57
消愁_3.json	消愁	qupu123-339769	17	2	8.50	2026-10-03 11:30:57
沧海一声笑_4.txt	沧海一声笑	qupu123-701	34	4	8.50	2026-10-03 11:30:57
沧海一声笑_4.json	沧海一声笑	qupu123-701	34	4	8.50	2026-10-03 11:30:57
沧海一声笑（电视剧《笑傲江湖....txt	沧海一声笑（电视剧《笑傲江湖...	qupu123-701	34	4	8.50	2026-10-03 11:30:57
沧海一声笑（电视剧《笑傲江湖....json	沧海一声笑（电视剧《笑傲江湖...	qupu123-701	34	4	8.50	2026-10-03 11:30:57
安顺屯堡人.txt	安顺屯堡人	qupu123-332496	44	5	8.80	2026-10-03 11:30:57
安顺屯堡人.json	安顺屯堡人	qupu123-332496	44	5	8.80	2026-10-03 11:30:57
我是一只小小鸟.txt	我是一只小小鸟	qupu123-353670	18	2	9.00	2026-10-03 11:30:57
我是一只小小鸟.json	我是一只小小鸟	qupu123-353670	18	2	9.00	2026-10-03 11:30:57
滨海圆舞曲.txt	滨海圆舞曲	qupu123-325076	27	3	9.00	2026-10-03 11:30:57
滨海圆舞曲.json	滨海圆舞曲	qupu123-325076	27	3	9.00	2026-10-03 11:30:57
安顺屯堡人_2.txt	安顺屯堡人	qupu123-332496	45	5	9.00	2026-10-03 11:30:57
安顺屯堡人_2.json	安顺屯堡人	qupu123-332496	45	5	9.00	2026-10-03 11:30:57
致青春_钢琴.txt	致青春_钢琴	jianpujia-252886	45	5	9.00	2026-10-03 11:30:57
致青春_钢琴.json	致青春_钢琴	jianpujia-252886	45	5	9.00	2026-10-03 11:30:57
马儿啊，你慢些走.txt	马儿啊，你慢些走	qupu123-8386	85	9	9.40	2026-10-03 11:30:57
马儿啊，你慢些走.json	马儿啊，你慢些走	qupu123-8386	85	9	9.40	2026-10-03 11:30:57
喜结良缘（陈光军_王春雷_2.txt	喜结良缘（陈光军 王春雷	qupu123-332221	19	2	9.50	2026-10-03 11:30:57
喜结良缘（陈光军_王春雷_2.json	喜结良缘（陈光军 王春雷	qupu123-332221	19	2	9.50	2026-10-03 11:30:57
喜结良缘（陈光军_王春雷.txt	喜结良缘（陈光军_王春雷	qupu123-332221	19	2	9.50	2026-10-03 11:30:57
喜结良缘（陈光军_王春雷.json	喜结良缘（陈光军_王春雷	qupu123-332221	19	2	9.50	2026-10-03 11:30:57
夜空中最亮的星_2.txt	夜空中最亮的星	qupu123-339780	19	2	9.50	2026-10-03 11:30:57
夜空中最亮的星_2.json	夜空中最亮的星	qupu123-339780	19	2	9.50	2026-10-03 11:30:57
一闪一闪亮晶晶.txt	一闪一闪亮晶晶	jianpujia-15829	48	5	9.60	2026-10-03 11:30:57
一闪一闪亮晶晶.json	一闪一闪亮晶晶	jianpujia-15829	48	5	9.60	2026-10-03 11:30:57
丁小琴编-7啊，中国的土地_2.txt	丁小琴编-7啊，中国的土地	qupu123-324958	29	3	9.70	2026-10-03 11:30:57
丁小琴编-7啊，中国的土地_2.json	丁小琴编-7啊，中国的土地	qupu123-324958	29	3	9.70	2026-10-03 11:30:57
太行情.txt	太行情	qupu123-370552	20	2	10.00	2026-10-03 11:30:57
太行情.json	太行情	qupu123-370552	20	2	10.00	2026-10-03 11:30:57
那些花儿_2.txt	那些花儿	qupu123-339646	20	2	10.00	2026-10-03 11:30:57
那些花儿_2.json	那些花儿	qupu123-339646	20	2	10.00	2026-10-03 11:30:57
安顺我的家.txt	安顺我的家	qupu123-333817	40	4	10.00	2026-10-03 11:30:57
安顺我的家.json	安顺我的家	qupu123-333817	40	4	10.00	2026-10-03 11:30:57
橘子船.txt	橘子船	qupu123-319281	21	2	10.50	2026-10-03 11:30:57
橘子船.json	橘子船	qupu123-319281	21	2	10.50	2026-10-03 11:30:57
丁小琴编-6梅娘曲.txt	丁小琴编-6梅娘曲	qupu123-324957	22	2	11.00	2026-10-03 11:30:57
丁小琴编-6梅娘曲.json	丁小琴编-6梅娘曲	qupu123-324957	22	2	11.00	2026-10-03 11:30:57
卖杂货.txt	卖杂货	qupu123-336107	22	2	11.00	2026-10-03 11:30:57
卖杂货.json	卖杂货	qupu123-336107	22	2	11.00	2026-10-03 11:30:57
我的歌声里_3.txt	我的歌声里	qupu123-343537	22	2	11.00	2026-10-03 11:30:57
我的歌声里_3.json	我的歌声里	qupu123-343537	22	2	11.00	2026-10-03 11:30:57
上学歌_2.txt	上学歌	jianpujia-15571	44	4	11.00	2026-10-03 11:30:57
上学歌_2.json	上学歌	jianpujia-15571	44	4	11.00	2026-10-03 11:30:57
上学歌_3.txt	上学歌	jianpujia-15571	44	4	11.00	2026-10-03 11:30:57
上学歌_3.json	上学歌	jianpujia-15571	44	4	11.00	2026-10-03 11:30:57
安顺我的家_2.txt	安顺我的家	qupu123-333817	44	4	11.00	2026-10-03 11:30:57
安顺我的家_2.json	安顺我的家	qupu123-333817	44	4	11.00	2026-10-03 11:30:57
胡广生_3.txt	胡广生	qupu123-334889	44	4	11.00	2026-10-03 11:30:57
胡广生_3.json	胡广生	qupu123-334889	44	4	11.00	2026-10-03 11:30:57
粉刷匠.txt	粉刷匠	jianpujia-26419	55	5	11.00	2026-10-03 11:30:57
粉刷匠.json	粉刷匠	jianpujia-26419	55	5	11.00	2026-10-03 11:30:57
古诗词今唱：望岳.txt	古诗词今唱：望岳	qupu123-328137	23	2	11.50	2026-10-03 11:30:57
古诗词今唱：望岳.json	古诗词今唱：望岳	qupu123-328137	23	2	11.50	2026-10-03 11:30:57
我的爱人你可听见.txt	我的爱人你可听见	qupu123-370529	23	2	11.50	2026-10-03 11:30:57
我的爱人你可听见.json	我的爱人你可听见	qupu123-370529	23	2	11.50	2026-10-03 11:30:57
祖国不会忘记.txt	祖国不会忘记	qupu123-23391	178	15	11.90	2026-10-03 11:30:57
祖国不会忘记.json	祖国不会忘记	qupu123-23391	178	15	11.90	2026-10-03 11:30:57
单车.txt	单车	qupu123-339697	24	2	12.00	2026-10-03 11:30:57
单车.json	单车	qupu123-339697	24	2	12.00	2026-10-03 11:30:57
南山南_3.txt	南山南	qupu123-339647	24	2	12.00	2026-10-03 11:30:57
南山南_3.json	南山南	qupu123-339647	24	2	12.00	2026-10-03 11:30:57
开门大吉_2.txt	开门大吉	qupu123-307903	24	2	12.00	2026-10-03 11:30:57
开门大吉_2.json	开门大吉	qupu123-307903	24	2	12.00	2026-10-03 11:30:57
红豆.txt	红豆	qupu123-339811	24	2	12.00	2026-10-03 11:30:57
红豆.json	红豆	qupu123-339811	24	2	12.00	2026-10-03 11:30:57
红豆_3.txt	红豆	qupu123-339811	24	2	12.00	2026-10-03 11:30:57
红豆_3.json	红豆	qupu123-339811	24	2	12.00	2026-10-03 11:30:57
小鸟唱，我也唱.txt	小鸟唱，我也唱	qupu123-334535	25	2	12.50	2026-10-03 11:30:57
小鸟唱，我也唱.json	小鸟唱，我也唱	qupu123-334535	25	2	12.50	2026-10-03 11:30:57
海阔天空_5.txt	海阔天空	qupu123-339710	25	2	12.50	2026-10-03 11:30:57
海阔天空_5.json	海阔天空	qupu123-339710	25	2	12.50	2026-10-03 11:30:57
牧羊曲.txt	牧羊曲	qupu123-406	64	5	12.80	2026-10-03 11:30:57
牧羊曲.json	牧羊曲	qupu123-406	64	5	12.80	2026-10-03 11:30:57
贝斯谱W.txt	贝斯谱W	qupu123-396781	333	26	12.80	2026-10-03 11:30:57
贝斯谱W.json	贝斯谱W	qupu123-396781	333	26	12.80	2026-10-03 11:30:57
活着就好.txt	活着就好	qupu123-333386	26	2	13.00	2026-10-03 11:30:57
活着就好.json	活着就好	qupu123-333386	26	2	13.00	2026-10-03 11:30:57
打扮歌.txt	打扮歌	qupu123-336110	39	3	13.00	2026-10-03 11:30:57
打扮歌.json	打扮歌	qupu123-336110	39	3	13.00	2026-10-03 11:30:57
蒙蒙小雨不离天.txt	蒙蒙小雨不离天	qupu123-324579	67	5	13.40	2026-10-03 11:30:57
蒙蒙小雨不离天.json	蒙蒙小雨不离天	qupu123-324579	67	5	13.40	2026-10-03 11:30:57
金凤吹过白水河.txt	金凤吹过白水河	qupu123-332363	67	5	13.40	2026-10-03 11:30:57
金凤吹过白水河.json	金凤吹过白水河	qupu123-332363	67	5	13.40	2026-10-03 11:30:57
天山儿女怀念毛主席.txt	天山儿女怀念毛主席	qupu123-331903	54	4	13.50	2026-10-03 11:30:57
天山儿女怀念毛主席.json	天山儿女怀念毛主席	qupu123-331903	54	4	13.50	2026-10-03 11:30:57
强军战歌最嘹亮.txt	强军战歌最嘹亮	qupu123-333284	41	3	13.70	2026-10-03 11:30:57
强军战歌最嘹亮.json	强军战歌最嘹亮	qupu123-333284	41	3	13.70	2026-10-03 11:30:57
很爱很爱你_3.txt	很爱很爱你	qupu123-350715	28	2	14.00	2026-10-03 11:30:57
很爱很爱你_3.json	很爱很爱你	qupu123-350715	28	2	14.00	2026-10-03 11:30:57
最是那一低头的温柔.txt	最是那一低头的温柔	qupu123-333378	28	2	14.00	2026-10-03 11:30:57
最是那一低头的温柔.json	最是那一低头的温柔	qupu123-333378	28	2	14.00	2026-10-03 11:30:57
找朋友.txt	找朋友	jianpujia-15551	56	4	14.00	2026-10-03 11:30:57
找朋友.json	找朋友	jianpujia-15551	56	4	14.00	2026-10-03 11:30:57
拥抱_3.txt	拥抱	jianpujia-15261	56	4	14.00	2026-10-03 11:30:57
拥抱_3.json	拥抱	jianpujia-15261	56	4	14.00	2026-10-03 11:30:57
未命名-jianpujia-15551.txt	未命名-jianpujia-15551	jianpujia-15551	56	4	14.00	2026-10-03 11:30:57
未命名-jianpujia-15551.json	未命名-jianpujia-15551	jianpujia-15551	56	4	14.00	2026-10-03 11:30:57
我的安顺.txt	我的安顺	qupu123-333818	43	3	14.30	2026-10-03 11:30:57
我的安顺.json	我的安顺	qupu123-333818	43	3	14.30	2026-10-03 11:30:57
利剑之歌.txt	利剑之歌	qupu123-333189	29	2	14.50	2026-10-03 11:30:57
利剑之歌.json	利剑之歌	qupu123-333189	29	2	14.50	2026-10-03 11:30:57
古诗词今唱：墨梅.txt	古诗词今唱：墨梅	qupu123-328118	29	2	14.50	2026-10-03 11:30:57
古诗词今唱：墨梅.json	古诗词今唱：墨梅	qupu123-328118	29	2	14.50	2026-10-03 11:30:57
正是河豚欲上时.txt	正是河豚欲上时	qupu123-333570	29	2	14.50	2026-10-03 11:30:57
正是河豚欲上时.json	正是河豚欲上时	qupu123-333570	29	2	14.50	2026-10-03 11:30:57
教师颂.txt	教师颂	qupu123-324350	88	6	14.70	2026-10-03 11:30:57
教师颂.json	教师颂	qupu123-324350	88	6	14.70	2026-10-03 11:30:57
