file	title	site	source_url	suggested_tag	human_tag
101.txt	101	jianpucn	http://www.jianpu.cn/pu/15/150657.htm		
49-03-Overjoyed_-C-_固定调.txt	49-03-Overjoyed -C- 固定调	qupu123	https://www.qupu123.com/jipu/p359349.html	分类/记谱	
49-07-Yesterday_-F-_首调.txt	49-07-Yesterday -F- 首调	qupu123	https://www.qupu123.com/jipu/p360948.html	分类/记谱	
49-39-Hey_Jude_-F-_首调.txt	49-39-Hey Jude -F- 首调	qupu123	https://www.qupu123.com/jipu/p360774.html	分类/记谱	
ANDY_歌曲类.txt	ANDY 歌曲类	jianpucn	http://www.jianpu.cn/pu/64/64785.htm		
ASK.txt	ASK	jianpucn	http://www.jianpu.cn/pu/61/61257.htm		
A_Mour.txt	A Mour	jianpucn	http://www.jianpu.cn/pu/50/50291.htm		
Amazing_grace.txt	Amazing grace	qupu123	https://www.qupu123.com/jipu/p353273.html	分类/记谱	
Angel.txt	Angel	jianpucn	http://www.jianpu.cn/pu/60/60926.htm		
Beautiful_歌曲类.txt	Beautiful 歌曲类	jianpucn	http://www.jianpu.cn/pu/64/64783.htm		
Because_of_You.txt	Because_of_You	qupu123	https://www.qupu123.com/waiguo/jiuziyishang/p378214.html	分类/外国歌曲	
Better_man_歌曲类.txt	Better man 歌曲类	jianpucn	http://www.jianpu.cn/pu/64/64782.htm		
Black欧谱斯.txt	Black欧谱斯	jianpucn	http://www.jianpu.cn/pu/10/109480.htm		
Blue_Berry_Hill_鸟饭树山.txt	Blue_Berry_Hill_鸟饭树山	qupu123	https://www.qupu123.com/waiguo/waiwen/p375493.html	分类/外国歌曲	
Danny_Boy（小野丽莎.txt	Danny Boy（小野丽莎	qupu123	https://www.qupu123.com/jipu/p318427.html	分类/记谱	
Flying_To_The_Moon.txt	Flying To The Moon	jianpucn	http://www.jianpu.cn/pu/60/60736.htm		
Funny_Face_歌曲类.txt	Funny Face 歌曲类	jianpucn	http://www.jianpu.cn/pu/64/64780.htm		
Here_We_are.txt	Here We are	jianpucn	http://www.jianpu.cn/pu/61/61281.htm		
Hey!Lover.txt	Hey!Lover	jianpucn	http://www.jianpu.cn/pu/60/60439.htm		
Hey_Hah.txt	Hey Hah	jianpucn	http://www.jianpu.cn/pu/58/58775.htm		
Honey_Honey.txt	Honey Honey	jianpucn	http://www.jianpu.cn/pu/43/437686.htm		
K歌之王.txt	k歌之王	jianpujia	https://www.jianpujia.com/jianpu/14936.html		
LEAVE_歌曲类.txt	LEAVE 歌曲类	jianpucn	http://www.jianpu.cn/pu/64/64749.htm		
Letting Go__qupu123-378232.txt	Letting Go	qupu123	https://www.qupu123.com/waiguo/jiuziyishang/p378232.html	分类/外国歌曲	
Make_a_Wish.txt	Make a Wish	jianpucn	http://www.jianpu.cn/pu/61/61289.htm		
Moon_River.txt	Moon River	qupu123	https://www.qupu123.com/waiguo/waiwen/p270467.html	分类/外国歌曲	
My_Heart_Will_Go_On.txt	My Heart Will Go On	qupu123	https://www.qupu123.com/waiguo/waiwen/p270323.html	分类/外国歌曲	
OVER_THE_RAINBOW）.txt	OVER THE RAINBOW）	qupu123			
Piano.txt	Piano	jianpucn	http://www.jianpu.cn/pu/61/61235.htm		
Show_Up.txt	Show Up	jianpucn	http://www.jianpu.cn/pu/58/58767.htm		
Sometimes_love_just_aint_enough.txt	Sometimes love just aint enough	jianpucn	http://www.jianpu.cn/pu/83/83450.htm		
Sophia.txt	Sophia	jianpucn	http://www.jianpu.cn/pu/61/61271.htm		
Stefanie.txt	Stefanie	jianpucn	http://www.jianpu.cn/pu/34/34741.htm		
Super_Star.txt	Super Star	jianpucn	http://www.jianpu.cn/pu/59/59329.htm		
THE_MOMENT_歌曲类.txt	THE MOMENT 歌曲类	jianpucn	http://www.jianpu.cn/pu/64/64727.htm		
This_is.txt	This is	jianpucn	http://www.jianpu.cn/pu/61/61239.htm		
Wake_UP.txt	Wake UP	jianpucn	http://www.jianpu.cn/pu/60/60491.htm		
We_will_get_there.txt	We will get there	jianpucn	http://www.jianpu.cn/pu/63/63216.htm		
qd1z_anthem.txt	青岛一中校歌				
《喝烧酒，吼秦腔》.txt	《喝烧酒，吼秦腔》	jianpucn	http://www.jianpu.cn/pu/14/149513.htm		
《想你,零点零一分》.txt	《想你,零点零一分》	jianpucn	http://www.jianpu.cn/pu/13/130113.htm		
《抱きしめて》.txt	《抱きしめて》	qupu123	https://www.qupu123.com/waiguo/qizi/p377699.html	分类/外国歌曲	
《祖国为你唱支歌》.txt	《祖国为你唱支歌》	jianpucn	http://www.jianpu.cn/pu/17/179377.htm		
《蝶恋花_答李淑一》.txt	《蝶恋花 答李淑一》	jianpucn	http://www.jianpu.cn/pu/28/284451.htm		
【日】真夏の果実（盛夏的果实）.txt	【日】真夏の果実（盛夏的果实）	qupu123	https://www.qupu123.com/jipu/p323610.html	分类/记谱	
一丝不挂.txt	一丝不挂	jianpucn	http://www.jianpu.cn/pu/13/133511.htm		
一个人.txt	一个人	jianpucn	http://www.jianpu.cn/pu/86/86378.htm		
一个爱上浪漫的人.txt	一个爱上浪漫的人	jianpucn	http://www.jianpu.cn/pu/38/38545.htm		
一切就在转眼之间（）.txt	一切就在转眼之间（）	qupu123			
一声叹息.txt	一声叹息	jianpucn	http://www.jianpu.cn/pu/27/278123.htm		
一夜长大.txt	一夜长大	jianpucn	http://www.jianpu.cn/pu/31/312594.htm		
一带一路歌.txt	一带一路歌	jianpucn	http://www.jianpu.cn/pu/33/333386.htm		
一念暖阳.txt	一念暖阳	jianpucn	http://www.jianpu.cn/pu/47/475807.htm		
一河冰川水.txt	一河冰川水	jianpucn	http://www.jianpu.cn/pu/15/156886.htm		
一点光一点亮.txt	一点光一点亮	jianpucn	http://www.jianpu.cn/pu/89/89344.htm		
一生只爱你（陈天明.txt	一生只爱你（陈天明	qupu123			
一百年.txt	一百年	jianpucn	http://www.jianpu.cn/pu/20/208496.htm		
一盏心灯.txt	一盏心灯	jianpucn	http://www.jianpu.cn/pu/27/276279.htm		
一荤一素.txt	一荤一素	qupu123	https://www.qupu123.com/jipu/p351637.html	分类/记谱	
一起看月亮.txt	一起看月亮	jianpucn	http://www.jianpu.cn/pu/15/158664.htm		
一起走过的日子.txt	一起走过的日子	qupu123	https://www.qupu123.com/jipu/p364116.html	分类/记谱	
一路上有你.txt	一路上有你	qupu123	https://www.qupu123.com/yuanchuang/p361869.html	分类/原创	
一路生花__qupu123-385863.txt	一路生花	qupu123	https://www.qupu123.com/jipu/p385863.html	分类/记谱	
一路生花__qupu123-397307.txt	一路生花	qupu123	https://www.qupu123.com/puyou/shangchuan/p397307.html	分类/谱友上传	
一路生花（二部合唱谱）__qupu123-396591.txt	一路生花	qupu123	https://www.qupu123.com/yuanchuang/p396591.html	分类/原创	
一路相伴.txt	一路相伴	jianpucn	http://www.jianpu.cn/pu/27/27476.htm		
一首情歌.txt	一首情歌	jianpucn	http://www.jianpu.cn/pu/89/89326.htm		
丁香花（袁浩.txt	丁香花（袁浩	qupu123	https://www.qupu123.com/yuanchuang/p336145.html	分类/原创	
万众仰望一帅星.txt	万众仰望一帅星	jianpucn	http://www.jianpu.cn/pu/29/291720.htm		
三寸日光.txt	三寸日光	jianpucn	http://www.jianpu.cn/pu/11/119560.htm		
三秦放歌.txt	三秦放歌	jianpucn	http://www.jianpu.cn/pu/19/191107.htm		
上一道坡下一道梁.txt	上一道坡下一道梁	jianpucn	http://www.jianpu.cn/pu/20/203319.htm		
上传《问楼兰》.txt	上传《问楼兰》	jianpucn	http://www.jianpu.cn/pu/15/150302.htm		
上学歌.txt	上学歌	qupu123	https://www.qupu123.com/jipu/p354511.html	分类/记谱	
上昆崙.txt	上昆崙	jianpucn	http://www.jianpu.cn/pu/22/223890.htm		
上春山.txt	上春山	qinyipu			
上林_十分红.txt	上林 十分红	jianpucn	http://www.jianpu.cn/pu/26/261176.htm		
上林春色十分红.txt	上林春色十分红	jianpucn	http://www.jianpu.cn/pu/26/261082.htm		
上海人&nbsp;&nbsp;.txt	上海人	jianpucn	http://www.jianpu.cn/pu/47/475629.htm		
上海人.txt	上海人	jianpucn	http://www.jianpu.cn/pu/47/475629.htm		
下一个天亮__qupu123-385166.txt	下一个天亮	qupu123	https://www.qupu123.com/jipu/p385166.html	分类/记谱	
下一个天亮（编配乐谱）__qupu123-34754.txt	下一个天亮	qupu123	https://www.qupu123.com/tongsu/wuzi/p34754.html	分类/通俗歌曲	
下雨的时候会想你_歌曲类.txt	下雨的时候会想你 歌曲类	jianpucn	http://www.jianpu.cn/pu/11/113971.htm		
下雪.txt	下雪	jianpucn	http://www.jianpu.cn/pu/89/89385.htm		
不不不.txt	不不不	jianpucn	http://www.jianpu.cn/pu/28/286798.htm		
不到天荒情不老.txt	不到天荒情不老	jianpucn	http://www.jianpu.cn/pu/27/272404.htm		
不同_歌曲类.txt	不同 歌曲类	jianpucn	http://www.jianpu.cn/pu/64/64593.htm		
不如归去.txt	不如归去	jianpucn	http://www.jianpu.cn/pu/43/432656.htm		
不如这样.txt	不如这样	jianpucn	http://www.jianpu.cn/pu/63/63136.htm		
不如重新开始.txt	不如重新开始	jianpucn	http://www.jianpu.cn/pu/51/51000.htm		
不必在乎我是谁1.txt	不必在乎我是谁1	jianpucn	http://www.jianpu.cn/pu/34/34193.htm		
不必在乎我是谁_歌曲类.txt	不必在乎我是谁 歌曲类	jianpucn	http://www.jianpu.cn/pu/64/64600.htm		
不想睡.txt	不想睡	jianpucn	http://www.jianpu.cn/pu/31/313427.htm		
不消失的回忆.txt	不消失的回忆	jianpucn	http://www.jianpu.cn/pu/40/402899.htm		
不潮不用花钱.txt	不潮不用花钱	unknown			
不然你要我怎么样.txt	不然你要我怎么样	jianpucn	http://www.jianpu.cn/pu/11/118658.htm		
不能不爱你.txt	不能不爱你	jianpucn	http://www.jianpu.cn/pu/15/159211.htm		
不能和你一起.txt	不能和你一起	jianpucn	http://www.jianpu.cn/pu/34/34188.htm		
不能和你一起2.txt	不能和你一起2	jianpucn	http://www.jianpu.cn/pu/34/34189.htm		
不能和你在一起_歌曲类.txt	不能和你在一起 歌曲类	jianpucn	http://www.jianpu.cn/pu/64/64595.htm		
不舍不弃.txt	不舍不弃	jianpucn	http://www.jianpu.cn/pu/51/51573.htm		
不要说话.txt	不要说话	jianpucn	http://www.jianpu.cn/pu/13/132190.htm		
不要问为什么.txt	不要问为什么	jianpucn	http://www.jianpu.cn/pu/36/36076.htm		
不让你看到我的泪.txt	不让你看到我的泪	jianpucn	http://www.jianpu.cn/pu/25/251973.htm		
与世界联网.txt	与世界联网	jianpucn	http://www.jianpu.cn/pu/11/118680.htm		
与你走过的老路（）.txt	与你走过的老路（）	qupu123	https://www.qupu123.com/jipu/p394890.html	分类/记谱	
与我常在_chord_and_solo.txt	与我常在 chord and solo	jianpucn	http://www.jianpu.cn/pu/21/213352.htm		
世界之巅_（.txt	世界之巅 （	jianpucn	http://www.jianpu.cn/pu/10/109441.htm		
世界末日（.txt	世界末日（	jianpucn	http://www.jianpu.cn/pu/10/109442.htm		
世界赠与我的__qupu123-389019.txt	世界赠与我的	qupu123	https://www.qupu123.com/puyou/shangchuan/p389019.html	分类/谱友上传	
世间始终你好_2.txt	世间始终你好	qupu123	https://www.qupu123.com/jipu/p285065.html	分类/记谱	
东北秧歌：单掏花.txt	东北秧歌：单掏花	jianpucn	http://www.jianpu.cn/pu/16/163603.htm		
东北秧歌：春秀.txt	东北秧歌：春秀	jianpucn	http://www.jianpu.cn/pu/16/163604.htm		
东北秧歌：秧歌会.txt	东北秧歌：秧歌会	jianpucn	http://www.jianpu.cn/pu/16/163605.htm		
东北秧歌：稳相.txt	东北秧歌：稳相	jianpucn	http://www.jianpu.cn/pu/16/163609.htm		
东北秧歌：跳吧.txt	东北秧歌：跳吧	jianpucn	http://www.jianpu.cn/pu/16/163606.htm		
东北秧歌：送粮车队.txt	东北秧歌：送粮车队	jianpucn	http://www.jianpu.cn/pu/16/163610.htm		
东北秧歌：闹秧歌.txt	东北秧歌：闹秧歌	jianpucn	http://www.jianpu.cn/pu/16/163608.htm		
东方之珠.txt	东方之珠	jianpucn	http://www.jianpu.cn/pu/36/36517.htm		
东方半点心_歌曲类.txt	东方半点心 歌曲类	jianpucn	http://www.jianpu.cn/pu/11/115332.htm		
东方女孩.txt	东方女孩	jianpucn	http://www.jianpu.cn/pu/45/45923.htm		
东营，美丽的家乡.txt	东营，美丽的家乡	jianpucn	http://www.jianpu.cn/pu/11/118699.htm		
东辰之歌.txt	东辰之歌	jianpucn	http://www.jianpu.cn/pu/12/120292.htm		
丝路_歌曲类.txt	丝路 歌曲类	jianpucn	http://www.jianpu.cn/pu/11/115070.htm		
两个人的幸运.txt	两个人的幸运	jianpucn	http://www.jianpu.cn/pu/36/36605.htm		
个人秘密.txt	个人秘密	jianpucn	http://www.jianpu.cn/pu/85/85703.htm		
丫头.txt	丫头	jianpucn	http://www.jianpu.cn/pu/73/73783.htm		
中华你我他.txt	中华你我他	jianpucn	http://www.jianpu.cn/pu/47/475805.htm		
中华民族.txt	中华民族	jianpucn	http://www.jianpu.cn/pu/24/248338.htm		
中国不可阻挡.txt	中国不可阻挡	jianpucn	http://www.jianpu.cn/pu/44/448140.htm		
中国大舞台.txt	中国大舞台	jianpucn	http://www.jianpu.cn/pu/43/437292.htm		
中国大舞合.txt	中国大舞合	jianpucn	http://www.jianpu.cn/pu/12/121018.htm		
中国好运.txt	中国好运	jianpucn	http://www.jianpu.cn/pu/40/40277.htm		
中国应急救援之歌.txt	中国应急救援之歌	jianpucn	http://www.jianpu.cn/pu/43/436738.htm		
中国忘不了你.txt	中国忘不了你	jianpucn	http://www.jianpu.cn/pu/43/437729.htm		
中国无穷.txt	中国无穷	jianpucn	http://www.jianpu.cn/pu/12/127938.htm		
中国是我们每一个.txt	中国是我们每一个	jianpucn	http://www.jianpu.cn/pu/15/151099.htm		
中国禧福祥.txt	中国禧福祥	jianpucn	http://www.jianpu.cn/pu/40/407800.htm		
中秋情.txt	中秋情	jianpucn	http://www.jianpu.cn/pu/47/475610.htm		
中秋情_&nbsp;&nbsp;.txt	中秋情	jianpucn	http://www.jianpu.cn/pu/47/475610.htm		
丰收中国年.txt	丰收中国年	jianpucn	http://www.jianpu.cn/pu/47/475381.htm		
为了家园更美好.txt	为了家园更美好	jianpucn	http://www.jianpu.cn/pu/18/188726.htm		
为共和国尽忠，为老百姓尽孝.txt	为共和国尽忠，为老百姓尽孝	jianpucn	http://www.jianpu.cn/pu/13/134769.htm		
为我好.txt	为我好	jianpucn	http://www.jianpu.cn/pu/85/85491.htm		
乡下亲戚.txt	乡下亲戚	jianpucn	http://www.jianpu.cn/pu/33/33679.htm		
乡姿.txt	乡姿	jianpucn	http://www.jianpu.cn/pu/30/306106.htm		
乡愁四韵.txt	乡愁四韵	jianpucn	http://www.jianpu.cn/pu/61/6128.htm		
云台蝴蝶.txt	云台蝴蝶	jianpucn	http://www.jianpu.cn/pu/47/475816.htm		
五百年窑火.txt	五百年窑火	jianpucn	http://www.jianpu.cn/pu/31/31781.htm		
亚细亚的孤儿.txt	亚细亚的孤儿	jianpucn	http://www.jianpu.cn/pu/12/120924.htm		
亭亭.txt	亭亭	jianpucn	http://www.jianpu.cn/pu/47/472723.htm		
亲亲.txt	亲亲	jianpucn	http://www.jianpu.cn/pu/54/54881.htm		
亲人子弟兵.txt	亲人子弟兵	jianpucn	http://www.jianpu.cn/pu/47/475922.htm		
亲情无价.txt	亲情无价	qupu123	https://www.qupu123.com/yuanchuang/p362755.html	分类/原创	
亲爱的你啊__qupu123-395089.txt	亲爱的你啊	qupu123	https://www.qupu123.com/puyou/shangchuan/p395089.html	分类/谱友上传	
亲爱的你啊（三声部合唱简谱）__qupu123-393617.txt	亲爱的你啊（三声部合唱	qupu123	https://www.qupu123.com/yuanchuang/p393617.html	分类/原创	
亲爱的你啊（二声部合唱简谱）__qupu123-391781.txt	亲爱的你啊（二声部合唱	qupu123	https://www.qupu123.com/yuanchuang/p391781.html	分类/原创	
亲爱的我要去飞行.txt	亲爱的我要去飞行	jianpucn	http://www.jianpu.cn/pu/12/124714.htm		
亲爱的爸爸（陆有良.txt	亲爱的爸爸（陆有良	qupu123			
人生何处不相逢.txt	人生何处不相逢	qupu123	https://www.qupu123.com/jipu/p365070.html	分类/记谱	
人生咏叹调.txt	人生咏叹调	jianpucn	http://www.jianpu.cn/pu/47/475811.htm		
人生是太阳.txt	人生是太阳	jianpucn	http://www.jianpu.cn/pu/12/125902.htm		
人生第一次.txt	人生第一次	jianpucn	http://www.jianpu.cn/pu/40/40542.htm		
人间共鸣.txt	人间共鸣	jianpucn	http://www.jianpu.cn/pu/47/475894.htm		
人鬼情未了.txt	人鬼情未了	jianpucn	http://www.jianpu.cn/pu/10/109475.htm		
今夜你会不会来.txt	今夜你会不会来	qupu123	https://www.qupu123.com/yuanchuang/p351987.html	分类/原创	
今夜无酒也醉.txt	今夜无酒也醉	jianpucn	http://www.jianpu.cn/pu/13/130380.htm		
今天_你如此精神.txt	今天_你如此精神	qupu123			
今天真好.txt	今天真好	jianpucn	http://www.jianpu.cn/pu/47/475818.htm		
今日的中国人.txt	今日的中国人	jianpucn	http://www.jianpu.cn/pu/12/121569.htm		
今生不再.txt	今生不再	jianpucn	http://www.jianpu.cn/pu/47/475846.htm		
今生难得有情人（郭峰.txt	今生难得有情人（郭峰	qupu123	https://www.qupu123.com/jipu/p199784.html	分类/记谱	
从头开始.txt	从头开始	jianpucn	http://www.jianpu.cn/pu/18/188178.htm		
从来没有想过这样道别离.txt	从来没有想过这样道别离	jianpucn	http://www.jianpu.cn/pu/14/143473.htm		
从现在开始思念你.txt	从现在开始思念你	jianpucn	http://www.jianpu.cn/pu/12/120518.htm		
他一定很爱你-扫描谱.txt	他一定很爱你-扫描谱	jianpucn	http://www.jianpu.cn/pu/17/172133.htm		
他一定很爱你.txt	他一定很爱你	jianpucn	http://www.jianpu.cn/pu/90/90255.htm		
他不定很爱你_歌曲类.txt	他不定很爱你 歌曲类	jianpucn	http://www.jianpu.cn/pu/11/114119.htm		
他不爱我.txt	他不爱我	jianpucn	http://www.jianpu.cn/pu/34/349803.htm		
他的故事.txt	他的故事	jianpucn	http://www.jianpu.cn/pu/14/148057.htm		
仗仗打得赢.txt	仗仗打得赢	jianpucn	http://www.jianpu.cn/pu/31/31446.htm		
伊人何处.txt	伊人何处	jianpucn	http://www.jianpu.cn/pu/35/35453.htm		
伊犁河的月夜.txt	伊犁河的月夜	jianpucn	http://www.jianpu.cn/pu/44/442958.htm		
伤了你的心的我伤心.txt	伤了你的心的我伤心	jianpucn	http://www.jianpu.cn/pu/68/68893.htm		
伤了你的心的我的伤心.txt	伤了你的心的我的伤心	jianpucn	http://www.jianpu.cn/pu/23/239036.htm		
伤了你的心的我的心.txt	伤了你的心的我的心	jianpucn	http://www.jianpu.cn/pu/53/53467.htm		
伤心证明书.txt	伤心证明书	jianpucn	http://www.jianpu.cn/pu/26/266188.htm		
伤痕_歌曲类.txt	伤痕 歌曲类	jianpucn	http://www.jianpu.cn/pu/11/114164.htm		
伴我.txt	伴我	jianpucn	http://www.jianpu.cn/pu/47/473477.htm		
但愿岁月可回首（.txt	但愿岁月可回首（	qupu123			
何以在乎我是谁.txt	何以在乎我是谁	jianpucn	http://www.jianpu.cn/pu/39/39129.htm		
作战_歌曲类.txt	作战 歌曲类	jianpucn	http://www.jianpu.cn/pu/11/114776.htm		
你会不会.txt	你会不会	jianpucn	http://www.jianpu.cn/pu/22/222149.htm		
你听海是不是在笑.txt	你听海是不是在笑	jianpucn	http://www.jianpu.cn/pu/15/157319.htm		
你和我们在一起.txt	你和我们在一起	jianpucn	http://www.jianpu.cn/pu/31/31984.htm		
你在我心中（.txt	你在我心中（	qupu123			
你好！春天.txt	你好！春天	jianpucn	http://www.jianpu.cn/pu/18/189565.htm		
你就像个小孩_歌曲类.txt	你就像个小孩 歌曲类	jianpucn	http://www.jianpu.cn/pu/11/114279.htm		
你属我心.txt	你属我心	qupu123	https://www.qupu123.com/waiguo/waiwen/p375500.html	分类/外国歌曲	
你怎么会这样离开我.txt	你怎么会这样离开我	jianpucn	http://www.jianpu.cn/pu/86/86534.htm		
你怎么舍得我难过_歌曲类.txt	你怎么舍得我难过 歌曲类	jianpucn	http://www.jianpu.cn/pu/11/114255.htm		
你是一个好人（）.txt	你是一个好人（）	qupu123			
你是如此美丽.txt	你是如此美丽	jianpucn	http://www.jianpu.cn/pu/10/109487.htm		
你是我一生不变的爱.txt	你是我一生不变的爱	qupu123	https://www.qupu123.com/yuanchuang/p350139.html	分类/原创	
你是我不该靠近的人.txt	你是我不该靠近的人	jianpucn	http://www.jianpu.cn/pu/38/38437.htm		
你是我心里最爱的最爱（.txt	你是我心里最爱的最爱（	qupu123			
你是我的唯一（巴秀拉.txt	你是我的唯一（巴秀拉	qupu123			
你是我的阳光.txt	你是我的阳光	jianpucn	http://www.jianpu.cn/pu/10/109488.htm		
你爱你_中国.txt	你爱你 中国	jianpucn	http://www.jianpu.cn/pu/47/473230.htm		
你的样子_歌曲类.txt	你的样子 歌曲类	jianpucn	http://www.jianpu.cn/pu/64/64140.htm		
你的眼泪.txt	你的眼泪	jianpucn	http://www.jianpu.cn/pu/49/49717.htm		
你的背包.txt	你的背包	jianpucn	http://www.jianpu.cn/pu/36/36870.htm		
你看你看月亮的脸_歌曲类.txt	你看你看月亮的脸 歌曲类	jianpucn	http://www.jianpu.cn/pu/11/114278.htm		
你究竟有几个好妹妹.txt	你究竟有几个好妹妹	jianpucn	http://www.jianpu.cn/pu/40/40758.htm		
你笑起来真好看.txt	你笑起来真好看	qupu123	https://www.qupu123.com/jipu/p356170.html	分类/记谱	
你给我的爱不是爱.txt	你给我的爱不是爱	jianpucn	http://www.jianpu.cn/pu/30/306577.htm		
你能让我上天入地.txt	你能让我上天入地	jianpucn	http://www.jianpu.cn/pu/12/120516.htm		
你让世界从此不同.txt	你让世界从此不同	jianpucn	http://www.jianpu.cn/pu/16/161674.htm		
俄克拉何马.txt	俄克拉何马	qupu123	https://www.qupu123.com/waiguo/waiwen/p375488.html	分类/外国歌曲	
信天游再唱东方红.txt	信天游再唱东方红	jianpucn	http://www.jianpu.cn/pu/31/31028.htm		
倩女幽魂（陈晓东.txt	倩女幽魂（陈晓东	qupu123	https://www.qupu123.com/jipu/p108730.html	分类/记谱	
倾听春天—2013年文化部春节歌舞晚会开场节目.txt	倾听春天—2013年文化部春节歌舞晚会开场节目	jianpucn	http://www.jianpu.cn/pu/16/163937.htm		
倾心的相遇.txt	倾心的相遇	qupu123	https://www.qupu123.com/jipu/p368412.html	分类/记谱	
假如让我吻下去.txt	假如让我吻下去	jianpucn	http://www.jianpu.cn/pu/33/33972.htm		
假装_歌曲类.txt	假装 歌曲类	jianpucn	http://www.jianpu.cn/pu/64/64314.htm		
做个好人.txt	做个好人	jianpucn	http://www.jianpu.cn/pu/32/32964.htm		
偶遇-孟庭苇.txt	偶遇-孟庭苇	jianpucn	http://www.jianpu.cn/pu/15/157335.htm		
儿女情长.txt	儿女情长	jianpucn	http://www.jianpu.cn/pu/44/442819.htm		
儿童抗日歌.txt	儿童抗日歌	jianpucn	http://www.jianpu.cn/pu/16/160656.htm		
儿童的心思.txt	儿童的心思	qupu123			
儿行千里.txt	儿行千里	jianpucn	http://www.jianpu.cn/pu/37/37333.htm		
儿行千里母担忧（刘良智.txt	儿行千里母担忧（刘良智	qupu123			
兄妹.txt	兄妹	jianpucn	http://www.jianpu.cn/pu/89/89285.htm		
光芒.txt	光芒	jianpucn	http://www.jianpu.cn/pu/63/63889.htm		
光辉岁月_3.txt	光辉岁月	qupu123	https://www.qupu123.com/jipu/p339709.html	分类/记谱	
光阴的故事_歌曲类.txt	光阴的故事 歌曲类	jianpucn	http://www.jianpu.cn/pu/11/115250.htm		
党啊亲爱的妈妈.txt	党啊亲爱的妈妈	jianpucn	http://www.jianpu.cn/pu/60/60687.htm		
党啊亲爱的妈妈红歌.txt	党啊亲爱的妈妈红歌	jianpucn	http://www.jianpu.cn/pu/47/471156.htm		
八个娃娃.txt	八个娃娃	jianpucn	http://www.jianpu.cn/pu/51/51797.htm		
八百里河套是我家.txt	八百里河套是我家	jianpucn	http://www.jianpu.cn/pu/31/31783.htm		
八角树&nbsp;&nbsp;.txt	八角树	jianpucn	http://www.jianpu.cn/pu/47/475601.htm		
八角树.txt	八角树	jianpucn	http://www.jianpu.cn/pu/47/475601.htm		
共享美好时光.txt	共享美好时光	jianpucn	http://www.jianpu.cn/pu/31/31297.htm		
共和国之恋.txt	共和国之恋	jianpucn	http://www.jianpu.cn/pu/46/462322.htm		
共和国礼赞_改正版.txt	共和国礼赞 改正版	jianpucn	http://www.jianpu.cn/pu/22/223695.htm		
共和国选择了你.txt	共和国选择了你	jianpucn	http://www.jianpu.cn/pu/33/33619.htm		
共进新朝代.txt	共进新朝代	jianpucn	http://www.jianpu.cn/pu/47/475839.htm		
兵妈妈.txt	兵妈妈	jianpucn	http://www.jianpu.cn/pu/37/37214.htm		
其实（薛之谦 词曲）__qupu123-304211.txt	其实（薛之谦	qupu123			
再唱东方红.txt	再唱东方红	jianpucn	http://www.jianpu.cn/pu/42/42597.htm		
再生恋.txt	再生恋	jianpucn	http://www.jianpu.cn/pu/70/70613.htm		
再见只是陌生人__qupu123-316662.txt	再见只是陌生人	qupu123	https://www.qupu123.com/puyou/jipu/p316662.html	分类/谱友上传	
再见只是陌生人（简和谱）__qupu123-364273.txt	再见只是陌生人	qupu123	https://www.qupu123.com/jipu/p364273.html	分类/记谱	
农民颂.txt	农民颂	jianpucn	http://www.jianpu.cn/pu/42/421978.htm		
冬天（牛汉词 邓曙曲）__qupu123-223551.txt	冬天	qupu123	https://www.qupu123.com/tongsu/erziyixia/p223551.html	分类/通俗歌曲	
冬天（逍遥读书人词刘新太曲）__qupu123-329820.txt	冬天	qupu123	https://www.qupu123.com/yuanchuang/p329820.html	分类/原创	
冬季到台北来看雨_歌曲类.txt	冬季到台北来看雨 歌曲类	jianpucn	http://www.jianpu.cn/pu/11/114566.htm		
冰雪情（言寺.txt	冰雪情（言寺	qupu123	https://www.qupu123.com/jipu/p331850.html	分类/记谱	
准我.txt	准我	jianpucn	http://www.jianpu.cn/pu/51/51254.htm		
准我再一次.txt	准我再一次	jianpucn	http://www.jianpu.cn/pu/50/50996.htm		
凤凰汇.txt	凤凰汇	qupu123	https://www.qupu123.com/jipu/p352096.html	分类/记谱	
凹凸_歌曲类.txt	凹凸 歌曲类	jianpucn	http://www.jianpu.cn/pu/64/64616.htm		
分手何必又相逢.txt	分手何必又相逢	jianpucn	http://www.jianpu.cn/pu/12/121919.htm		
分手前的雨天.txt	分手前的雨天	jianpucn	http://www.jianpu.cn/pu/63/63890.htm		
分手快乐_歌曲类.txt	分手快乐 歌曲类	jianpucn	http://www.jianpu.cn/pu/11/115292.htm		
分手的邂逅.txt	分手的邂逅	jianpucn	http://www.jianpu.cn/pu/13/136535.htm		
划龙船（周先海.txt	划龙船（周先海	qupu123			
列宁诞生.txt	列宁诞生	jianpucn	http://www.jianpu.cn/pu/16/160661.htm		
初吻（.txt	初吻（	qupu123			
别人的天长地久.txt	别人的天长地久	jianpucn	http://www.jianpu.cn/pu/89/89318.htm		
别怕我伤心_乐队类_电声乐队.txt	别怕我伤心 乐队类 电声乐队	jianpucn	http://www.jianpu.cn/pu/11/111433.htm		
剑出鞘.txt	剑出鞘	jianpucn	http://www.jianpu.cn/pu/41/416809.htm		
剑指苍天.txt	剑指苍天	jianpucn	http://www.jianpu.cn/pu/20/205985.htm		
剑指苍天—歼10.txt	剑指苍天—歼10	jianpucn	http://www.jianpu.cn/pu/65/65666.htm		
剩下的盛夏.txt	剩下的盛夏	jianpujia	https://www.jianpujia.com/jianpu/15578.html		
加沃特舞曲.txt	加沃特舞曲	jianpucn	http://www.jianpu.cn/pu/10/109478.htm		
勇气_歌曲类.txt	勇气 歌曲类	jianpucn	http://www.jianpu.cn/pu/11/114882.htm		
勿忘父母恩（巴秀拉.txt	勿忘父母恩（巴秀拉	qupu123			
化身为海.txt	化身为海	jianpucn	http://www.jianpu.cn/pu/13/131608.htm		
北京_我爱你（张宏.txt	北京_我爱你（张宏	qupu123			
北大荒之恋（徐玉照.txt	北大荒之恋（徐玉照	qupu123			
北大荒我的家.txt	北大荒我的家	jianpucn	http://www.jianpu.cn/pu/13/137941.htm		
北山四季.txt	北山四季	jianpucn	http://www.jianpu.cn/pu/27/27118.htm		
十年.txt	十年	jianpujia	https://www.jianpujia.com/jianpu/18165.html		
十年_歌曲类.txt	十年 歌曲类	jianpucn	http://www.jianpu.cn/pu/11/115130.htm		
十面埋伏.txt	十面埋伏	jianpucn	http://www.jianpu.cn/pu/52/52660.htm		
千年的新.txt	千年的新	jianpucn	http://www.jianpu.cn/pu/25/252244.htm		
千年的新娘.txt	千年的新娘	jianpucn	http://www.jianpu.cn/pu/18/185121.htm		
千年的祝福.txt	千年的祝福	jianpucn	http://www.jianpu.cn/pu/18/183529.htm		
千年飞山.txt	千年飞山	jianpucn	http://www.jianpu.cn/pu/31/31445.htm		
千秋大业.txt	千秋大业	jianpucn	http://www.jianpu.cn/pu/27/273911.htm		
千里乌江千里画.txt	千里乌江千里画	jianpucn	http://www.jianpu.cn/pu/29/29145.htm		
千里跃进大别山.txt	千里跃进大别山	jianpucn	http://www.jianpu.cn/pu/42/42252.htm		
半斤八两_2.txt	半斤八两	qupu123	https://www.qupu123.com/jipu/p365094.html	分类/记谱	
华夏的故事.txt	华夏的故事	jianpucn	http://www.jianpu.cn/pu/28/28666.htm		
单恋1.txt	单恋1	jianpucn	http://www.jianpu.cn/pu/34/34285.htm		
单恋2.txt	单恋2	jianpucn	http://www.jianpu.cn/pu/34/34284.htm		
单恋_歌曲类.txt	单恋 歌曲类	jianpucn	http://www.jianpu.cn/pu/64/64502.htm		
南国母亲河.txt	南国母亲河	jianpucn	http://www.jianpu.cn/pu/23/232544.htm		
南太平洋.txt	南太平洋	qupu123	https://www.qupu123.com/waiguo/waiwen/p375481.html	分类/外国歌曲	
南方姑娘（赵雷.txt	南方姑娘（赵雷	qupu123	https://www.qupu123.com/jipu/p253327.html	分类/记谱	
南泥湾.txt	南泥湾	qupu123	https://www.qupu123.com/jipu/p356442.html	分类/记谱	
博爱情怀（丁恩昌.txt	博爱情怀（丁恩昌	qupu123			
印度客人之歌.txt	印度客人之歌	jianpucn	http://www.jianpu.cn/pu/10/109484.htm		
印象.txt	印象	qupu123	https://www.qupu123.com/jipu/p365086.html	分类/记谱	
印象草原.txt	印象草原	qupu123	https://www.qupu123.com/yuanchuang/p58153.html	分类/原创	
原來你什么都不想要.txt	原來你什么都不想要	jianpucn	http://www.jianpu.cn/pu/68/68945.htm		
原本今生以为.txt	原本今生以为	jianpucn	http://www.jianpu.cn/pu/26/268706.htm		
原来你什么都不想要_2.txt	原来你什么都不想要	jianpucn	http://www.jianpu.cn/pu/36/36230.htm		
友谊之歌（巴秀拉.txt	友谊之歌（巴秀拉	qupu123			
友谊地久天长.txt	友谊地久天长	jianpucn	http://www.jianpu.cn/pu/10/109483.htm		
口碑.txt	口碑	jianpucn	http://www.jianpu.cn/pu/66/66155.htm		
口碑其他.txt	口碑其他	jianpucn	http://www.jianpu.cn/pu/22/221961.htm		
古老的信天游.txt	古老的信天游	jianpucn	http://www.jianpu.cn/pu/45/454062.htm		
句町神韵.txt	句町神韵	jianpucn	http://www.jianpu.cn/pu/15/151380.htm		
只想让你抱抱我（.txt	只想让你抱抱我（	qupu123			
只是为了证明自己（.txt	只是为了证明自己（	qupu123			
可惜不是你_歌曲类.txt	可惜不是你 歌曲类	jianpucn	http://www.jianpu.cn/pu/11/114941.htm		
台北下着雨的星期天.txt	台北下着雨的星期天	jianpucn	http://www.jianpu.cn/pu/15/159879.htm		
叹云兮（电视剧《芸汐传》片尾曲）__qupu123-322846.txt	叹云兮	qupu123	https://www.qupu123.com/jipu/p322846.html	分类/记谱	
同学情（黄格省.txt	同学情（黄格省	qupu123			
同桌的你.txt	同桌的你	qupu123	https://www.qupu123.com/yuanchuang/p361491.html	分类/原创	
同欢同乐.txt	同欢同乐	jianpucn	http://www.jianpu.cn/pu/24/247897.htm		
同类.txt	同类	jianpucn	http://www.jianpu.cn/pu/70/7044.htm		
同船渡.txt	同船渡	jianpucn	http://www.jianpu.cn/pu/20/207047.htm		
向前冲（麦新.txt	向前冲（麦新	qupu123			
向前走.txt	向前走	jianpucn	http://www.jianpu.cn/pu/89/89286.htm		
向左走，向右走_歌曲类.txt	向左走，向右走 歌曲类	jianpucn	http://www.jianpu.cn/pu/11/114961.htm		
含着泪，请举起猎枪（）.txt	含着泪，请举起猎枪（）	qupu123			
听不到.txt	听不到	jianpucn	http://www.jianpu.cn/pu/35/35631.htm		
听妈妈的话.txt	听妈妈的话	qupu123	https://www.qupu123.com/jipu/p364249.html	分类/记谱	
听见牛在哭.txt	听见牛在哭	jianpucn	http://www.jianpu.cn/pu/15/155357.htm		
味道.txt	味道	qupu123	https://www.qupu123.com/yuanchuang/p374997.html	分类/原创	
呼伦贝尔哟我可爱的家乡.txt	呼伦贝尔哟我可爱的家乡	jianpucn	http://www.jianpu.cn/pu/23/239429.htm		
和平鸽哨.txt	和平鸽哨	jianpucn	http://www.jianpu.cn/pu/47/475882.htm		
哈罗.txt	哈罗	jianpucn	http://www.jianpu.cn/pu/88/88543.htm		
哥哥撑排走丹江.txt	哥哥撑排走丹江	jianpucn	http://www.jianpu.cn/pu/24/242150.htm		
唱一支歌儿_问一问月亮_—.txt	唱一支歌儿 问一问月亮 —	jianpucn	http://www.jianpu.cn/pu/28/285733.htm		
唱不尽的爱.txt	唱不尽的爱	jianpucn	http://www.jianpu.cn/pu/13/134813.htm		
唱涞山（表.txt	唱涞山（表	qupu123			
唱起《国际歌》.txt	唱起《国际歌》	jianpucn	http://www.jianpu.cn/pu/16/160938.htm		
喀什噶尔女郎.txt	喀什噶尔女郎	jianpucn	http://www.jianpu.cn/pu/40/40505.htm		
喀什葛尔女郎.txt	喀什葛尔女郎	jianpucn	http://www.jianpu.cn/pu/37/37143.htm		
喀喇昆仑.txt	喀喇昆仑	jianpucn	http://www.jianpu.cn/pu/74/74150.htm		
喜悦.txt	喜悦	jianpucn	http://www.jianpu.cn/pu/70/70242.htm		
喜欢你（.txt	喜欢你（	qupu123	https://www.qupu123.com/jipu/p242865.html	分类/记谱	
喜相逢.txt	喜相逢	qupu123	https://www.qupu123.com/waiguo/waiwen/p375495.html	分类/外国歌曲	
喜结良缘（陈光军_王春雷.txt	喜结良缘（陈光军_王春雷	qupu123			
嘎依丽泰.txt	嘎依丽泰	jianpucn	http://www.jianpu.cn/pu/15/157737.htm		
四壁墙.txt	四壁墙	qupu123	https://www.qupu123.com/waiguo/waiwen/p375491.html	分类/外国歌曲	
四季歌.txt	四季歌	qupu123	https://www.qupu123.com/jipu/p356465.html	分类/记谱	
回不去的昨天（.txt	回不去的昨天（	qupu123			
回家过年.txt	回家过年	jianpucn	http://www.jianpu.cn/pu/47/475833.htm		
因为祖国.txt	因为祖国	jianpucn	http://www.jianpu.cn/pu/47/474678.htm		
团结抗日.txt	团结抗日	jianpucn	http://www.jianpu.cn/pu/16/160662.htm		
国旗恋.txt	国旗恋	jianpucn	http://www.jianpu.cn/pu/44/44628.htm		
国风.txt	国风	jianpucn	http://www.jianpu.cn/pu/85/85531.htm		
土楼的春天（金少蒙.txt	土楼的春天（金少蒙	qupu123			
圣诞结.txt	圣诞结	jianpujia	https://www.jianpujia.com/jianpu/15419.html		
在爱里等你.txt	在爱里等你	jianpucn	http://www.jianpu.cn/pu/28/282079.htm		
在生恋.txt	在生恋	jianpucn	http://www.jianpu.cn/pu/88/88475.htm		
在祖国的怀抱里.txt	在祖国的怀抱里	jianpucn	http://www.jianpu.cn/pu/11/119631.htm		
在这个世界相遇.txt	在这个世界相遇	jianpucn	http://www.jianpu.cn/pu/34/349081.htm		
在这个冰雪世界中（）.txt	在这个冰雪世界中（）	qupu123			
在这里（.txt	在这里（	qupu123			
坏女孩（徐良.txt	坏女孩（徐良	qupu123	https://www.qupu123.com/jipu/p48253.html	分类/记谱	
坚持到底.txt	坚持到底	jianpucn	http://www.jianpu.cn/pu/36/36785.htm		
垃圾.txt	垃圾	jianpucn	http://www.jianpu.cn/pu/29/297296.htm		
塔克拉玛干的胡扬.txt	塔克拉玛干的胡扬	jianpucn	http://www.jianpu.cn/pu/25/252174.htm		
塔城啊故乡.txt	塔城啊故乡	jianpucn	http://www.jianpu.cn/pu/13/138568.htm		
塔尖上的中国.txt	塔尖上的中国	jianpucn	http://www.jianpu.cn/pu/43/433764.htm		
塔里木之歌.txt	塔里木之歌	jianpucn	http://www.jianpu.cn/pu/43/43922.htm		
复兴的力量.txt	复兴的力量	jianpucn	http://www.jianpu.cn/pu/42/425580.htm		
夕阳之歌.txt	夕阳之歌	qupu123	https://www.qupu123.com/jipu/p362547.html	分类/记谱	
夜太黑_歌曲类.txt	夜太黑 歌曲类	jianpucn	http://www.jianpu.cn/pu/11/113886.htm		
夜曲.txt	夜曲	jianpucn	http://www.jianpu.cn/pu/11/115143.htm		
大别山的清泉哟......txt	大别山的清泉哟.....	jianpucn	http://www.jianpu.cn/pu/16/162372.htm		
大地的孩子.txt	大地的孩子	jianpucn	http://www.jianpu.cn/pu/59/59092.htm		
大山__qupu123-222085.txt	大山	qupu123	https://www.qupu123.com/minge/erziyixia/p222085.html	分类/民歌	
大山东.txt	大山东	jianpucn	http://www.jianpu.cn/pu/31/31449.htm		
大山人__qupu123-394618.txt	大山人	qupu123	https://www.qupu123.com/minge/sanzi/p394618.html	分类/民歌	
大山里的共产党员.txt	大山里的共产党员	jianpucn	http://www.jianpu.cn/pu/16/163543.htm		
大山魂__qupu123-388018.txt	大山魂	qupu123	https://www.qupu123.com/puyou/shangchuan/p388018.html	分类/谱友上传	
大平原.txt	大平原	jianpucn	http://www.jianpu.cn/pu/25/250899.htm		
大江东去.txt	大江东去	jianpucn	http://www.jianpu.cn/pu/32/32057.htm		
大江南.txt	大江南	jianpucn	http://www.jianpu.cn/pu/66/66160.htm		
大河开凌.txt	大河开凌	jianpucn	http://www.jianpu.cn/pu/19/197185.htm		
大火炕.txt	大火炕	jianpucn	http://www.jianpu.cn/pu/32/32695.htm		
大爱有声.txt	大爱有声	jianpucn	http://www.jianpu.cn/pu/30/306562.htm		
大白鹅（班南.txt	大白鹅（班南	qupu123			
大美中国（宫婷、姚立森.txt	大美中国（宫婷、姚立森	qupu123	https://www.qupu123.com/jipu/p396404.html	分类/记谱	
大美乡村.txt	大美乡村	jianpucn	http://www.jianpu.cn/pu/47/475906.htm		
大西北.txt	大西北	jianpucn	http://www.jianpu.cn/pu/51/51390.htm		
天下太极出武当.txt	天下太极出武当	jianpucn	http://www.jianpu.cn/pu/13/136826.htm		
天下常熟湖山秀.txt	天下常熟湖山秀	jianpucn	http://www.jianpu.cn/pu/12/121273.htm		
天下无双.txt	天下无双	jianpucn	http://www.jianpu.cn/pu/82/82598.htm		
天仙子【彩谱】.txt	天仙子【彩谱】	jianpucn	http://www.jianpu.cn/pu/15/157978.htm		
天出血.txt	天出血	jianpucn	http://www.jianpu.cn/pu/22/223889.htm		
天地人心.txt	天地人心	jianpucn	http://www.jianpu.cn/pu/23/237338.htm		
天大地大.txt	天大地大	jianpucn	http://www.jianpu.cn/pu/39/39119.htm		
天天看到你.txt	天天看到你	jianpucn	http://www.jianpu.cn/pu/36/36815.htm		
天安门.txt	天安门	jianpucn	http://www.jianpu.cn/pu/20/208504.htm		
天山南天山北.txt	天山南天山北	jianpucn	http://www.jianpu.cn/pu/40/40014.htm		
天山长虹.txt	天山长虹	jianpucn	http://www.jianpu.cn/pu/15/158152.htm		
天峰山情.txt	天峰山情	jianpucn	http://www.jianpu.cn/pu/47/475852.htm		
天意.txt	天意	qupu123	https://www.qupu123.com/yuanchuang/p352953.html	分类/原创	
天河（左保斌.txt	天河（左保斌	qupu123			
天灯.txt	天灯	jianpucn	http://www.jianpu.cn/pu/15/156384.htm		
天生喜欢你.txt	天生喜欢你	jianpucn	http://www.jianpu.cn/pu/52/52532.htm		
天真.txt	天真	jianpucn	http://www.jianpu.cn/pu/11/118850.htm		
天禁诀.txt	天禁诀	jianpucn	http://www.jianpu.cn/pu/28/288688.htm		
天荒地老.txt	天荒地老	jianpucn	http://www.jianpu.cn/pu/67/67544.htm		
天蝎蝴蝶.txt	天蝎蝴蝶	jianpucn	http://www.jianpu.cn/pu/36/36814.htm		
天边的牧歌.txt	天边的牧歌	jianpucn	http://www.jianpu.cn/pu/47/475888.htm		
天门山你听我说.txt	天门山你听我说	jianpucn	http://www.jianpu.cn/pu/51/51045.htm		
天黑_歌曲类.txt	天黑 歌曲类	jianpucn	http://www.jianpu.cn/pu/11/115086.htm		
天黑黑_歌曲类.txt	天黑黑 歌曲类	jianpucn	http://www.jianpu.cn/pu/11/115085.htm		
太湖之州.txt	太湖之州	jianpucn	http://www.jianpu.cn/pu/15/159342.htm		
太湖水&nbsp;&nbsp;.txt	太湖水	jianpucn	http://www.jianpu.cn/pu/47/475893.htm		
太湖水.txt	太湖水	jianpucn	http://www.jianpu.cn/pu/47/475893.htm		
太行之歌.txt	太行之歌	jianpucn	http://www.jianpu.cn/pu/47/475921.htm		
失踪.txt	失踪	jianpucn	http://www.jianpu.cn/pu/14/146550.htm		
夸咱农村大变化（表.txt	夸咱农村大变化（表	qupu123			
奔.txt	奔	jianpucn	http://www.jianpu.cn/pu/11/118675.htm		
女娲.txt	女娲	jianpucn	http://www.jianpu.cn/pu/13/136536.htm		
女孩别哭.txt	女孩别哭	jianpucn	http://www.jianpu.cn/pu/14/147004.htm		
好不容易.txt	好不容易	jianpucn	http://www.jianpu.cn/pu/27/278757.htm		
好久不见.txt	好久不见	jianpujia	https://www.jianpujia.com/jianpu/15513.html		
好久不见_4.txt	好久不见	jianpucn	http://www.jianpu.cn/pu/41/411970.htm		
好人就能当好家.txt	好人就能当好家	jianpucn	http://www.jianpu.cn/pu/25/259899.htm		
好夜晚.txt	好夜晚	jianpucn	http://www.jianpu.cn/pu/13/138672.htm		
好花花的歌美滋滋的唱.txt	好花花的歌美滋滋的唱	jianpucn	http://www.jianpu.cn/pu/32/32861.htm		
如今赶上了好时代.txt	如今赶上了好时代	jianpucn	http://www.jianpu.cn/pu/34/34115.htm		
如果你还爱好.txt	如果你还爱好	jianpucn	http://www.jianpu.cn/pu/21/213259.htm		
如果你还爱我_歌曲类.txt	如果你还爱我 歌曲类	jianpucn	http://www.jianpu.cn/pu/11/115171.htm		
如果可以__qupu123-381404.txt	如果可以	qupu123	https://www.qupu123.com/puyou/shangchuan/p381404.html	分类/谱友上传	
如果可以（淦子词 李虎曲）__qupu123-35435.txt	如果可以	qupu123	https://www.qupu123.com/tongsu/sizi/p35435.html	分类/通俗歌曲	
如果把他换作你.txt	如果把他换作你	jianpucn	http://www.jianpu.cn/pu/28/288908.htm		
如果没有你.txt	如果没有你	jianpucn	http://www.jianpu.cn/pu/63/63804.htm		
如果爱下去.txt	如果爱下去	jianpucn	http://www.jianpu.cn/pu/54/54340.htm		
如果这就是爱情.txt	如果这就是爱情	jianpucn	http://www.jianpu.cn/pu/13/136164.htm		
妈妈教我一支歌.txt	妈妈教我一支歌	jianpucn	http://www.jianpu.cn/pu/43/43431.htm		
妈妈的希望_—.txt	妈妈的希望 —	jianpucn	http://www.jianpu.cn/pu/28/285892.htm		
存在1.txt	存在1	jianpucn	http://www.jianpu.cn/pu/34/34294.htm		
存在_歌曲类.txt	存在 歌曲类	jianpucn	http://www.jianpu.cn/pu/64/64506.htm		
孤单爱情海.txt	孤单爱情海	jianpucn	http://www.jianpu.cn/pu/86/86540.htm		
学厨艺&nbsp;&nbsp;.txt	学厨艺	jianpucn	http://www.jianpu.cn/pu/47/475660.htm		
学厨艺.txt	学厨艺	jianpucn	http://www.jianpu.cn/pu/47/475660.htm		
学工歌&nbsp;&nbsp;.txt	学工歌	jianpucn	http://www.jianpu.cn/pu/47/475663.htm		
学工歌.txt	学工歌	jianpucn	http://www.jianpu.cn/pu/47/475663.htm		
学校之歌.txt	学校之歌	jianpucn	http://www.jianpu.cn/pu/47/475889.htm		
学电脑&nbsp;&nbsp;.txt	学电脑	jianpucn	http://www.jianpu.cn/pu/47/475615.htm		
学电脑.txt	学电脑	jianpucn	http://www.jianpu.cn/pu/47/475615.htm		
宁夏_歌曲类.txt	宁夏 歌曲类	jianpucn	http://www.jianpu.cn/pu/64/64131.htm		
宁静的夏天.txt	宁静的夏天	jianpucn	http://www.jianpu.cn/pu/19/190354.htm		
宏愿.txt	宏愿	qupu123	https://www.qupu123.com/waiguo/waiwen/p375484.html	分类/外国歌曲	
宜昌队&nbsp;&nbsp;.txt	宜昌队	jianpucn	http://www.jianpu.cn/pu/47/475898.htm		
宜昌队.txt	宜昌队	jianpucn	http://www.jianpu.cn/pu/47/475898.htm		
宠爱.txt	宠爱	jianpucn	http://www.jianpu.cn/pu/51/51577.htm		
宫廷宴舞.txt	宫廷宴舞	jianpucn	http://www.jianpu.cn/pu/28/280697.htm		
家_3.txt	家	jianpucn	http://www.jianpu.cn/pu/52/52804.htm		
家_4.txt	家	jianpucn	http://www.jianpu.cn/pu/93/9389.htm		
家乡有座光雾山.txt	家乡有座光雾山	jianpucn	http://www.jianpu.cn/pu/31/310298.htm		
家乡的明月边关的雪.txt	家乡的明月边关的雪	jianpucn	http://www.jianpu.cn/pu/53/53571.htm		
家住黄河口.txt	家住黄河口	jianpucn	http://www.jianpu.cn/pu/35/35788.htm		
容易受伤的女人.txt	容易受伤的女人	qupu123	https://www.qupu123.com/yuanchuang/p361421.html	分类/原创	
宾至房山.txt	宾至房山	jianpucn	http://www.jianpu.cn/pu/47/475838.htm		
寂寞无声（.txt	寂寞无声（	jianpucn	http://www.jianpu.cn/pu/10/109473.htm		
寂寞的恋人.txt	寂寞的恋人	jianpucn	http://www.jianpu.cn/pu/36/36410.htm		
寂寞的恋人啊.txt	寂寞的恋人啊	jianpucn	http://www.jianpu.cn/pu/11/119726.htm		
寂寞难耐_歌曲类.txt	寂寞难耐 歌曲类	jianpucn	http://www.jianpu.cn/pu/64/64315.htm		
寄明月&nbsp;&nbsp;.txt	寄明月	jianpucn	http://www.jianpu.cn/pu/47/475792.htm		
寄明月.txt	寄明月	jianpucn	http://www.jianpu.cn/pu/47/475792.htm		
密西西比河泥.txt	密西西比河泥	qupu123	https://www.qupu123.com/waiguo/waiwen/p375490.html	分类/外国歌曲	
富士山下.txt	富士山下	jianpucn	http://www.jianpu.cn/pu/40/401256.htm		
富士山下_2.txt	富士山下	jianpujia	https://www.jianpujia.com/jianpu/15781.html		
寸寸河山寸寸金.txt	寸寸河山寸寸金	jianpucn	http://www.jianpu.cn/pu/20/205002.htm		
对__徽______100__谱-_谱.txt	对__徽______100__谱-_谱	jianpujia	https://www.jianpujia.com/jianpu/314263.html		
对_河.txt	对_河	jianpujia	https://www.jianpujia.com/jianpu/314266.html		
对酒歌.txt	对酒歌	jianpucn	http://www.jianpu.cn/pu/20/209614.htm		
将军的故乡.txt	将军的故乡	jianpucn	http://www.jianpu.cn/pu/14/146297.htm		
小上海&nbsp;&nbsp;.txt	小上海	jianpucn	http://www.jianpu.cn/pu/47/475628.htm		
小上海.txt	小上海	jianpucn	http://www.jianpu.cn/pu/47/475628.htm		
小小桂花香.txt	小小桂花香	jianpucn	http://www.jianpu.cn/pu/23/238948.htm		
小小的暖.txt	小小的暖	jianpucn	http://www.jianpu.cn/pu/47/475912.htm		
小小野菊花（左保斌.txt	小小野菊花（左保斌	qupu123			
小嶶.txt	小嶶	jianpucn	http://www.jianpu.cn/pu/19/192023.htm		
小微.txt	小微	jianpucn	http://www.jianpu.cn/pu/87/87230.htm		
小手拉大手.txt	小手拉大手	jianpucn	http://www.jianpu.cn/pu/43/437160.htm		
小燕子_2.txt	小燕子	jianpujia	https://www.jianpujia.com/jianpu/15773.html		
小猫抓老鼠（罗晓航.txt	小猫抓老鼠（罗晓航	qupu123			
小红帽.txt	小红帽	jianpujia	https://www.jianpujia.com/jianpu/15548.html		
小美满三声部合唱简谱__qupu123-388797.txt	小美满三声部合唱	qupu123	https://www.qupu123.com/jipu/p388797.html	分类/记谱	
小美满（合唱谱）__qupu123-391283.txt	小美满	qupu123	https://www.qupu123.com/yuanchuang/p391283.html	分类/原创	
小老鼠上灯台（罗晓航.txt	小老鼠上灯台（罗晓航	qupu123			
小花（王玉庆.txt	小花（王玉庆	qupu123			
小薇_歌曲类.txt	小薇 歌曲类	jianpucn	http://www.jianpu.cn/pu/11/114937.htm		
小重山&nbsp;&nbsp;.txt	小重山	jianpucn	http://www.jianpu.cn/pu/47/475594.htm		
小重山.txt	小重山	jianpucn	http://www.jianpu.cn/pu/47/475594.htm		
少年游.txt	少年游	jianpucn	http://www.jianpu.cn/pu/47/475749.htm		
少年游_&nbsp;&nbsp;.txt	少年游	jianpucn	http://www.jianpu.cn/pu/47/475749.htm		
就是这样_歌曲类.txt	就是这样 歌曲类	jianpucn	http://www.jianpu.cn/pu/64/64265.htm		
山不转水转.txt	山不转水转	qupu123	https://www.qupu123.com/yuanchuang/p361314.html	分类/原创	
山西秧歌：万年欢.txt	山西秧歌：万年欢	jianpucn	http://www.jianpu.cn/pu/16/164875.htm		
山西秧歌：唿嗦步舞曲.txt	山西秧歌：唿嗦步舞曲	jianpucn	http://www.jianpu.cn/pu/16/164918.htm		
山西秧歌：小跳步舞曲.txt	山西秧歌：小跳步舞曲	jianpucn	http://www.jianpu.cn/pu/16/164919.htm		
山西秧歌：戴红花.txt	山西秧歌：戴红花	jianpucn	http://www.jianpu.cn/pu/16/164876.htm		
山西秧歌：打秋千.txt	山西秧歌：打秋千	jianpucn	http://www.jianpu.cn/pu/16/164874.htm		
山西秧歌：挑菜.txt	山西秧歌：挑菜	jianpucn	http://www.jianpu.cn/pu/16/165067.htm		
山西秧歌：掐蒜苔·一苗.txt	山西秧歌：掐蒜苔·一苗	jianpucn	http://www.jianpu.cn/pu/16/164878.htm		
山西秧歌：撒扇舞曲.txt	山西秧歌：撒扇舞曲	jianpucn	http://www.jianpu.cn/pu/16/165062.htm		
山西秧歌：放风筝.txt	山西秧歌：放风筝	jianpucn	http://www.jianpu.cn/pu/16/165065.htm		
山西秧歌：玉兰花开.txt	山西秧歌：玉兰花开	jianpucn	http://www.jianpu.cn/pu/16/165066.htm		
山西秧歌：转扇曲.txt	山西秧歌：转扇曲	jianpucn	http://www.jianpu.cn/pu/16/164909.htm		
岁月如歌.txt	岁月如歌	qupu123	https://www.qupu123.com/jipu/p352436.html	分类/记谱	
岭南步步高.txt	岭南步步高	jianpucn	http://www.jianpu.cn/pu/54/54961.htm		
岳阳楼.txt	岳阳楼	jianpucn	http://www.jianpu.cn/pu/41/415871.htm		
巴丁小夜曲.txt	巴丁小夜曲	jianpucn	http://www.jianpu.cn/pu/10/109476.htm		
帕米尔_我的家乡多么美.txt	帕米尔 我的家乡多么美	jianpucn	http://www.jianpu.cn/pu/29/290853.htm		
帕米尔的眼睛.txt	帕米尔的眼睛	jianpucn	http://www.jianpu.cn/pu/16/166426.htm		
带兵的人.txt	带兵的人	jianpucn	http://www.jianpu.cn/pu/33/33554.htm		
带我飞向月球.txt	带我飞向月球	qupu123	https://www.qupu123.com/waiguo/waiwen/p375483.html	分类/外国歌曲	
帮助别人_快乐自己.txt	帮助别人_快乐自己	qupu123	https://www.qupu123.com/yuanchuang/p369950.html	分类/原创	
平凉之歌_又名_神仙留恋的地方.txt	平凉之歌 又名 神仙留恋的地方	jianpucn	http://www.jianpu.cn/pu/40/401114.htm		
年轻的师长.txt	年轻的师长	jianpucn	http://www.jianpu.cn/pu/34/34236.htm		
幸福在哪里.txt	幸福在哪里	jianpucn	http://www.jianpu.cn/pu/46/46184.htm		
幸福的记忆（.txt	幸福的记忆（	qupu123			
序.txt	序	jianpucn	http://www.jianpu.cn/pu/31/313428.htm		
开始懂了_歌曲类.txt	开始懂了 歌曲类	jianpucn	http://www.jianpu.cn/pu/64/64264.htm		
开火车（罗晓航.txt	开火车（罗晓航	qupu123			
张家港之恋.txt	张家港之恋	jianpucn	http://www.jianpu.cn/pu/14/148322.htm		
张氏情歌.txt	张氏情歌	jianpucn	http://www.jianpu.cn/pu/21/212967.htm		
强军路上（林昌.txt	强军路上（林昌	qupu123			
当兵乐&nbsp;&nbsp;.txt	当兵乐	jianpucn	http://www.jianpu.cn/pu/47/475802.htm		
当兵乐.txt	当兵乐	jianpucn	http://www.jianpu.cn/pu/47/475802.htm		
当兵的.txt	当兵的	jianpucn	http://www.jianpu.cn/pu/31/31828.htm		
当我爱上你_歌曲类.txt	当我爱上你 歌曲类	jianpucn	http://www.jianpu.cn/pu/64/64493.htm		
当爱已成往事.txt	当爱已成往事	jianpucn	http://www.jianpu.cn/pu/29/290492.htm		
当秋天到来的时候.txt	当秋天到来的时候	jianpucn	http://www.jianpu.cn/pu/13/134545.htm		
当秋天来到的时候.txt	当秋天来到的时候	jianpucn	http://www.jianpu.cn/pu/39/39999.htm		
彝寨山茶红.txt	彝寨山茶红	jianpucn	http://www.jianpu.cn/pu/47/475853.htm		
彩凤高翔.txt	彩凤高翔	jianpucn	http://www.jianpu.cn/pu/27/27115.htm		
彩色的河流.txt	彩色的河流	jianpucn	http://www.jianpu.cn/pu/13/135240.htm		
影子舞.txt	影子舞	jianpucn	http://www.jianpu.cn/pu/93/9363.htm		
往事.txt	往事	jianpucn	http://www.jianpu.cn/pu/35/35135.htm		
往日情怀（.txt	往日情怀（	jianpucn	http://www.jianpu.cn/pu/10/109469.htm		
很远很远的地方.txt	很远很远的地方	jianpucn	http://www.jianpu.cn/pu/31/31980.htm		
心中的遵义.txt	心中的遵义	jianpucn	http://www.jianpu.cn/pu/27/273284.htm		
心儿永年轻.txt	心儿永年轻	qupu123	https://www.qupu123.com/waiguo/waiwen/p375494.html	分类/外国歌曲	
心太软.txt	心太软	qupu123	https://www.qupu123.com/jipu/p376141.html	分类/记谱	
心港.txt	心港	jianpucn	http://www.jianpu.cn/pu/38/38395.htm		
心的旅途.txt	心的旅途	jianpucn	http://www.jianpu.cn/pu/25/251960.htm		
心缘（.txt	心缘（	qupu123			
心里话.txt	心里话	jianpucn	http://www.jianpu.cn/pu/33/33635.htm		
忘情冷雨夜.txt	忘情冷雨夜	qupu123	https://www.qupu123.com/jipu/p364082.html	分类/记谱	
忘情酒&nbsp;&nbsp;.txt	忘情酒	jianpucn	http://www.jianpu.cn/pu/47/475596.htm		
忘情酒.txt	忘情酒	jianpucn	http://www.jianpu.cn/pu/47/475596.htm		
快乐宝贝（班南.txt	快乐宝贝（班南	qupu123			
快乐的聊天.txt	快乐的聊天	qupu123	https://www.qupu123.com/waiguo/waiwen/p375482.html	分类/外国歌曲	
忽然之间_歌曲类.txt	忽然之间 歌曲类	jianpucn	http://www.jianpu.cn/pu/11/115214.htm		
怀念战友.txt	怀念战友	jianpucn	http://www.jianpu.cn/pu/44/449358.htm		
怎么舍得我难过.txt	怎么舍得我难过	jianpucn	http://www.jianpu.cn/pu/21/213285.htm		
怎样的我才是你的真爱.txt	怎样的我才是你的真爱	jianpucn	http://www.jianpu.cn/pu/14/148018.htm		
思念娘亲.txt	思念娘亲	jianpucn	http://www.jianpu.cn/pu/46/462248.htm		
思绪飞扬.txt	思绪飞扬	jianpucn	http://www.jianpu.cn/pu/47/475851.htm		
思美人.txt	思美人	jianpucn	http://www.jianpu.cn/pu/41/412005.htm		
恋情1990.txt	恋情1990	jianpucn	http://www.jianpu.cn/pu/45/451851.htm		
恋曲1980_歌曲类.txt	恋曲1980 歌曲类	jianpucn	http://www.jianpu.cn/pu/64/64221.htm		
恋曲2000_歌曲类.txt	恋曲2000 歌曲类	jianpucn	http://www.jianpu.cn/pu/11/114363.htm		
恋曲_歌曲类.txt	恋曲 歌曲类	jianpucn	http://www.jianpu.cn/pu/11/114361.htm		
恋爱中的女人.txt	恋爱中的女人	jianpucn	http://www.jianpu.cn/pu/10/109490.htm		
恐龙进化论.txt	恐龙进化论	jianpucn	http://www.jianpu.cn/pu/40/401511.htm		
情人_歌曲类.txt	情人 歌曲类	jianpucn	http://www.jianpu.cn/pu/11/115197.htm		
情人的眼泪_歌曲类.txt	情人的眼泪 歌曲类	jianpucn	http://www.jianpu.cn/pu/11/115198.htm		
情愿一个人.txt	情愿一个人	jianpucn	http://www.jianpu.cn/pu/41/413881.htm		
情歌没有告诉你.txt	情歌没有告诉你	jianpucn	http://www.jianpu.cn/pu/13/137529.htm		
情深迷离（.txt	情深迷离（	qupu123			
情系苏宿园.txt	情系苏宿园	jianpucn	http://www.jianpu.cn/pu/47/475884.htm		
惠安之春.txt	惠安之春	jianpucn	http://www.jianpu.cn/pu/86/86614.htm		
惩罚.txt	惩罚	jianpucn	http://www.jianpu.cn/pu/69/69715.htm		
惩罚1.txt	惩罚1	jianpucn	http://www.jianpu.cn/pu/34/34244.htm		
想着你的感觉.txt	想着你的感觉	jianpucn	http://www.jianpu.cn/pu/30/309239.htm		
意难平&nbsp;&nbsp;.txt	意难平	jianpucn	http://www.jianpu.cn/pu/47/475825.htm		
意难平.txt	意难平	jianpucn	http://www.jianpu.cn/pu/47/475825.htm		
感恩有你（潘九岭、李铭雪.txt	感恩有你（潘九岭、李铭雪	qupu123	https://www.qupu123.com/jipu/p396403.html	分类/记谱	
感恩的心（巴秀拉.txt	感恩的心（巴秀拉	qupu123			
感谢大地.txt	感谢大地	jianpucn	http://www.jianpu.cn/pu/45/452494.htm		
愿作比翼鸟.txt	愿作比翼鸟	jianpucn	http://www.jianpu.cn/pu/27/278405.htm		
慢慢来.txt	慢慢来	jianpucn	http://www.jianpu.cn/pu/21/211035.htm		
懂你.txt	懂你	qupu123	https://www.qupu123.com/jipu/p373047.html	分类/记谱	
懒得去管.txt	懒得去管	jianpucn	http://www.jianpu.cn/pu/89/89251.htm		
懒得管.txt	懒得管	jianpucn	http://www.jianpu.cn/pu/11/119000.htm		
懒的去管.txt	懒的去管	jianpucn	http://www.jianpu.cn/pu/15/1549.htm		
成全你忘了我.txt	成全你忘了我	qupu123	https://www.qupu123.com/jipu/p368984.html	分类/记谱	
我一见你就笑.txt	我一见你就笑	jianpucn	http://www.jianpu.cn/pu/10/109485.htm		
我不要别人的爱.txt	我不要别人的爱	jianpucn	http://www.jianpu.cn/pu/13/132606.htm		
我不难过_歌曲类.txt	我不难过 歌曲类	jianpucn	http://www.jianpu.cn/pu/11/115043.htm		
我为祖国骄傲.txt	我为祖国骄傲	jianpucn	http://www.jianpu.cn/pu/31/31741.htm		
我也很想他_歌曲类.txt	我也很想他 歌曲类	jianpucn	http://www.jianpu.cn/pu/11/115102.htm		
我亲爱的母亲.txt	我亲爱的母亲	jianpucn	http://www.jianpu.cn/pu/48/48448.htm		
我今天好快活.txt	我今天好快活	jianpucn	http://www.jianpu.cn/pu/33/33225.htm		
我从新疆来.txt	我从新疆来	jianpucn	http://www.jianpu.cn/pu/41/41475.htm		
我们_2.txt	我们	jianpujia	https://www.jianpujia.com/jianpu/14837.html		
我们_3.txt	我们	jianpujia	https://www.jianpujia.com/jianpu/15731.html		
我们俩的爱没有边边.txt	我们俩的爱没有边边	jianpucn	http://www.jianpu.cn/pu/35/35957.htm		
我们是青年文明号.txt	我们是青年文明号	jianpucn	http://www.jianpu.cn/pu/61/61181.htm		
我们永远在一起（石矿.txt	我们永远在一起（石矿	qupu123			
我们走在大路上.txt	我们走在大路上	jianpucn	http://www.jianpu.cn/pu/44/449392.htm		
我们都辜负了爱.txt	我们都辜负了爱	jianpucn	http://www.jianpu.cn/pu/13/135097.htm		
我出生在黄河岸边（）.txt	我出生在黄河岸边（）	qupu123			
我又看见你.txt	我又看见你	jianpucn	http://www.jianpu.cn/pu/20/205441.htm		
我喜欢_歌曲类.txt	我喜欢 歌曲类	jianpucn	http://www.jianpu.cn/pu/11/115006.htm		
我太傻.txt	我太傻	qupu123	https://www.qupu123.com/jipu/p350317.html	分类/记谱	
我心已许.txt	我心已许	jianpucn	http://www.jianpu.cn/pu/28/281469.htm		
我心永恒（.txt	我心永恒（	jianpucn	http://www.jianpu.cn/pu/10/109444.htm		
我怀念的.txt	我怀念的	jianpucn	http://www.jianpu.cn/pu/84/84675.htm		
我想去个地方.txt	我想去个地方	jianpucn	http://www.jianpu.cn/pu/63/63181.htm		
我想和你去一个地方（稳_稳.txt	我想和你去一个地方（稳_稳	qupu123	https://www.qupu123.com/jipu/p395909.html	分类/记谱	
我愿意（严艺丹.txt	我愿意（严艺丹	qupu123	https://www.qupu123.com/jipu/p295198.html	分类/记谱	
我愿跟着你.txt	我愿跟着你	jianpucn	http://www.jianpu.cn/pu/16/166432.htm		
我是一只小小鸟.txt	我是一只小小鸟	qupu123	https://www.qupu123.com/jipu/p353670.html	分类/记谱	
我是中国人.txt	我是中国人	jianpucn	http://www.jianpu.cn/pu/44/443527.htm		
我是头人的女儿（）.txt	我是头人的女儿（）	qupu123			
我是有钱人.txt	我是有钱人	jianpucn	http://www.jianpu.cn/pu/47/475857.htm		
我爱人的肖像.txt	我爱人的肖像	qupu123	https://www.qupu123.com/waiguo/waiwen/p375486.html	分类/外国歌曲	
我爱你中国.txt	我爱你中国	jianpucn	http://www.jianpu.cn/pu/45/458031.htm		
我爱我们家.txt	我爱我们家	jianpucn	http://www.jianpu.cn/pu/47/475740.htm		
我爱老山兰.txt	我爱老山兰	jianpucn	http://www.jianpu.cn/pu/50/50780.htm		
我爱这蓝色的海洋1.txt	我爱这蓝色的海洋1	jianpucn	http://www.jianpu.cn/pu/29/298055.htm		
我用所有报答爱.txt	我用所有报答爱	jianpucn	http://www.jianpu.cn/pu/85/85639.htm		
我的中华.txt	我的中华	jianpucn	http://www.jianpu.cn/pu/32/32583.htm		
我的唐人街.txt	我的唐人街	qupu123	https://www.qupu123.com/waiguo/waiwen/p375489.html	分类/外国歌曲	
我的小黑马（关庄.txt	我的小黑马（关庄	qupu123			
我的快乐就是想你.txt	我的快乐就是想你	qupu123	https://www.qupu123.com/jipu/p376392.html	分类/记谱	
我的梦&nbsp;&nbsp;.txt	我的梦	jianpucn	http://www.jianpu.cn/pu/47/475668.htm		
我的梦.txt	我的梦	jianpucn	http://www.jianpu.cn/pu/47/475668.htm		
我的爱_歌曲类.txt	我的爱 歌曲类	jianpucn	http://www.jianpu.cn/pu/11/115109.htm		
我的爸和妈.txt	我的爸和妈	jianpucn	http://www.jianpu.cn/pu/53/53375.htm		
我的祁连山.txt	我的祁连山	jianpucn	http://www.jianpu.cn/pu/47/473129.htm		
我的祖国.txt	我的祖国	qupu123	https://www.qupu123.com/jipu/p373259.html	分类/记谱	
我的老师.txt	我的老师	jianpucn	http://www.jianpu.cn/pu/47/475865.htm		
我的衣食父母.txt	我的衣食父母	jianpucn	http://www.jianpu.cn/pu/40/40268.htm		
我要的幸福_歌曲类.txt	我要的幸福 歌曲类	jianpucn	http://www.jianpu.cn/pu/11/115004.htm		
我该用什么样的心来对你_歌曲类.txt	我该用什么样的心来对你 歌曲类	jianpucn	http://www.jianpu.cn/pu/11/115017.htm		
战位有我在.txt	战位有我在	jianpucn	http://www.jianpu.cn/pu/47/475834.htm		
战士放歌走高原.txt	战士放歌走高原	jianpucn	http://www.jianpu.cn/pu/32/32933.htm		
手拉手（罗晓航.txt	手拉手（罗晓航	qupu123			
手机留言.txt	手机留言	jianpucn	http://www.jianpu.cn/pu/63/63187.htm		
打工者之歌（王玉庆.txt	打工者之歌（王玉庆	qupu123			
打樱桃1（张新政.txt	打樱桃1（张新政	qupu123	https://www.qupu123.com/jipu/p335780.html	分类/记谱	
打樱桃2（张新政.txt	打樱桃2（张新政	qupu123	https://www.qupu123.com/jipu/p335781.html	分类/记谱	
打樱桃3（张新政.txt	打樱桃3（张新政	qupu123	https://www.qupu123.com/jipu/p335782.html	分类/记谱	
打电话（罗晓航.txt	打电话（罗晓航	qupu123			
打起手鼓唱起歌.txt	打起手鼓唱起歌	jianpucn	http://www.jianpu.cn/pu/47/474978.htm		
执子之手到永远__qupu123-279788.txt	执子之手到永远	qupu123	https://www.qupu123.com/tongsu/qizi/p279788.html	分类/通俗歌曲	
执子之手（孙国良词 黄永杰曲）__qupu123-267417.txt	执子之手	qupu123	https://www.qupu123.com/yuanchuang/p267417.html	分类/原创	
扯开嗓子一声喊.txt	扯开嗓子一声喊	jianpucn	http://www.jianpu.cn/pu/47/472550.htm		
找个人来爱我.txt	找个人来爱我	jianpucn	http://www.jianpu.cn/pu/13/132879.htm		
把一切献给党.txt	把一切献给党	jianpucn	http://www.jianpu.cn/pu/39/39162.htm		
把他换作你.txt	把他换作你	jianpucn	http://www.jianpu.cn/pu/51/51382.htm		
把你宠坏_歌曲类.txt	把你宠坏 歌曲类	jianpucn	http://www.jianpu.cn/pu/64/64612.htm		
把幸福托起.txt	把幸福托起	jianpucn	http://www.jianpu.cn/pu/47/475702.htm		
把窗儿打开.txt	把窗儿打开	jianpucn	http://www.jianpu.cn/pu/89/89829.htm		
拉骆驼的黑小伙.txt	拉骆驼的黑小伙	jianpucn	http://www.jianpu.cn/pu/48/48874.htm		
拉骆驼的黑小伙其他.txt	拉骆驼的黑小伙其他	jianpucn	http://www.jianpu.cn/pu/22/221965.htm		
拥抱我.txt	拥抱我	jianpucn	http://www.jianpu.cn/pu/63/63843.htm		
挂牵（王宏伟.txt	挂牵（王宏伟	jianpucn	http://www.jianpu.cn/pu/20/205439.htm		
指纹（何也词 邓融和曲）__qupu123-98901.txt	指纹	qupu123	https://www.qupu123.com/minge/erziyixia/p98901.html	分类/民歌	
接下来_歌曲类.txt	接下来 歌曲类	jianpucn	http://www.jianpu.cn/pu/64/64302.htm		
推搪.txt	推搪	jianpucn	http://www.jianpu.cn/pu/49/49793.htm		
推车歌&nbsp;&nbsp;.txt	推车歌	jianpucn	http://www.jianpu.cn/pu/47/475917.htm		
推车歌.txt	推车歌	jianpucn	http://www.jianpu.cn/pu/47/475917.htm		
撕夜_歌曲类.txt	撕夜 歌曲类	jianpucn	http://www.jianpu.cn/pu/11/115094.htm		
放心吧妈妈.txt	放心吧妈妈	jianpucn	http://www.jianpu.cn/pu/44/442404.htm		
放歌十八湾.txt	放歌十八湾	jianpucn	http://www.jianpu.cn/pu/31/31961.htm		
放飞三十万只和平鸽.txt	放飞三十万只和平鸽	jianpucn	http://www.jianpu.cn/pu/11/118692.htm		
故园恋.txt	故园恋	jianpucn	http://www.jianpu.cn/pu/11/119367.htm		
故园情_根据原唱标注和声.txt	故园情 根据原唱标注和声	jianpucn	http://www.jianpu.cn/pu/31/313194.htm		
故土情.txt	故土情	jianpucn	http://www.jianpu.cn/pu/85/85534.htm		
敢为天下先.txt	敢为天下先	jianpucn	http://www.jianpu.cn/pu/27/279541.htm		
敦煌故事.txt	敦煌故事	jianpucn	http://www.jianpu.cn/pu/43/434388.htm		
断点.txt	断点	jianpucn	http://www.jianpu.cn/pu/37/37737.htm		
新不了情.txt	新不了情	jianpucn	http://www.jianpu.cn/pu/10/109474.htm		
新年祝福.txt	新年祝福	jianpucn	http://www.jianpu.cn/pu/47/475826.htm		
新的起点新的航向.txt	新的起点新的航向	jianpucn	http://www.jianpu.cn/pu/27/27478.htm		
新石头记.txt	新石头记	qupu123	https://www.qupu123.com/yuanchuang/p352874.html	分类/原创	
新美人主义.txt	新美人主义	jianpucn	http://www.jianpu.cn/pu/11/118622.htm		
新鲜_歌曲类.txt	新鲜 歌曲类	jianpucn	http://www.jianpu.cn/pu/11/114932.htm		
无名的人__qupu123-385188.txt	无名的人	qupu123	https://www.qupu123.com/puyou/shangchuan/p385188.html	分类/谱友上传	
无名的人二部合唱简谱__qupu123-389824.txt	无名的人二部合唱	qupu123	https://www.qupu123.com/jipu/p389824.html	分类/记谱	
无地自容.txt	无地自容	qupu123	https://www.qupu123.com/yuanchuang/p361857.html	分类/原创	
无处可藏.txt	无处可藏	jianpucn	http://www.jianpu.cn/pu/26/268478.htm		
无字碑.txt	无字碑	jianpucn	http://www.jianpu.cn/pu/27/278957.htm		
无字碑_2.txt	无字碑	jianpucn	http://www.jianpu.cn/pu/27/278952.htm		
无条件.txt	无条件	jianpucn	http://www.jianpu.cn/pu/28/287417.htm		
无条件为你.txt	无条件为你	jianpucn	http://www.jianpu.cn/pu/61/61631.htm		
无法阻挡.txt	无法阻挡	jianpucn	http://www.jianpu.cn/pu/57/57887.htm		
无言.txt	无言	jianpucn	http://www.jianpu.cn/pu/36/36776.htm		
无言花.txt	无言花	jianpucn	http://www.jianpu.cn/pu/13/134176.htm		
无题_2.txt	无题	jianpucn	http://www.jianpu.cn/pu/23/239508.htm		
日以继夜的想你.txt	日以继夜的想你	jianpucn	http://www.jianpu.cn/pu/49/49861.htm		
日光城之恋.txt	日光城之恋	jianpucn	http://www.jianpu.cn/pu/56/56696.htm		
旧梦已远.txt	旧梦已远	jianpucn	http://www.jianpu.cn/pu/24/246119.htm		
旧欢如梦.txt	旧欢如梦	qupu123	https://www.qupu123.com/jipu/p353995.html	分类/记谱	
时光.txt	时光	jianpucn	http://www.jianpu.cn/pu/49/49497.htm		
时间海.txt	时间海	jianpucn	http://www.jianpu.cn/pu/14/147387.htm		
明天会更好.txt	明天会更好	jianpucn	http://www.jianpu.cn/pu/46/462031.htm		
明天的记忆.txt	明天的记忆	jianpucn	http://www.jianpu.cn/pu/20/205110.htm		
明年今日.txt	明年今日	jianpucn	http://www.jianpu.cn/pu/61/61388.htm		
明明很爱你.txt	明明很爱你	jianpucn	http://www.jianpu.cn/pu/35/35642.htm		
明知故犯（.txt	明知故犯（	jianpucn	http://www.jianpu.cn/pu/10/109470.htm		
昔日重来.txt	昔日重来	jianpucn	http://www.jianpu.cn/pu/10/109468.htm		
星光满天.txt	星光满天	jianpucn	http://www.jianpu.cn/pu/41/417422.htm		
星期天不约会.txt	星期天不约会	jianpucn	http://www.jianpu.cn/pu/10/109494.htm		
春天_你在哪里.txt	春天 你在哪里	jianpucn	http://www.jianpu.cn/pu/27/275430.htm		
春天在哪里_2.txt	春天在哪里	qupu123	https://www.qupu123.com/jipu/p339885.html	分类/记谱	
春天来了（班南.txt	春天来了（班南	qupu123			
春天里的花园花儿美丽.txt	春天里的花园花儿美丽	jianpucn	http://www.jianpu.cn/pu/42/428332.htm		
春日肆意游.txt	春日肆意游	jianpucn	http://www.jianpu.cn/pu/47/475718.htm		
春是你我冬奥歌曲.txt	春是你我冬奥歌曲	jianpucn	http://www.jianpu.cn/pu/46/463358.htm		
春江花月夜_-_声乐随想曲（.txt	春江花月夜 - 声乐随想曲（	qupu123			
春风悄悄地吹来.txt	春风悄悄地吹来	jianpucn	http://www.jianpu.cn/pu/29/291811.htm		
晚熟的人（.txt	晚熟的人（	qupu123	https://www.qupu123.com/yuanchuang/p370368.html	分类/原创	
晚风（.txt	晚风（	qupu123	https://www.qupu123.com/jipu/p240180.html	分类/记谱	
普陀放歌.txt	普陀放歌	jianpucn	http://www.jianpu.cn/pu/24/24982.htm		
暗示.txt	暗示	jianpucn	http://www.jianpu.cn/pu/21/211222.htm		
暗香_2.txt	暗香	jianpujia	https://www.jianpujia.com/jianpu/15052.html		
更上一层楼.txt	更上一层楼	jianpucn	http://www.jianpu.cn/pu/33/33625.htm		
最冷一天.txt	最冷一天	jianpucn	http://www.jianpu.cn/pu/20/209632.htm		
最可爱的人.txt	最可爱的人	jianpucn	http://www.jianpu.cn/pu/46/460451.htm		
最后.txt	最后	jianpucn	http://www.jianpu.cn/pu/31/313729.htm		
最后一页__qupu123-235464.txt	最后一页	qupu123	https://www.qupu123.com/jipu/p235464.html	分类/记谱	
最后一页（琵琶谱）__qupu123-389304.txt	最后一页	qupu123	https://www.qupu123.com/puyou/shangchuan/p389304.html	分类/谱友上传	
最美_歌曲类.txt	最美 歌曲类	jianpucn	http://www.jianpu.cn/pu/11/114799.htm		
月亮姑娘.txt	月亮姑娘	jianpucn	http://www.jianpu.cn/pu/42/423706.htm		
月亮的歌声.txt	月亮的歌声	jianpucn	http://www.jianpu.cn/pu/47/475883.htm		
月光.txt	月光	qupu123			
月光_2.txt	月光	qupu123			
月光_3.txt	月光	jianpucn	http://www.jianpu.cn/pu/22/223806.htm		
月光下的海湾.txt	月光下的海湾	qupu123	https://www.qupu123.com/waiguo/waiwen/p375498.html	分类/外国歌曲	
月光与玫瑰.txt	月光与玫瑰	qupu123	https://www.qupu123.com/waiguo/waiwen/p375497.html	分类/外国歌曲	
月光小夜曲.txt	月光小夜曲	qupu123	https://www.qupu123.com/waiguo/waiwen/p375499.html	分类/外国歌曲	
有多少爱可以重来.txt	有多少爱可以重来	jianpucn	http://www.jianpu.cn/pu/10/109437.htm		
有缘的人.txt	有缘的人	jianpucn	http://www.jianpu.cn/pu/47/475880.htm		
有谁共鸣.txt	有谁共鸣	qupu123	https://www.qupu123.com/jipu/p377119.html	分类/记谱	
朋友首日封_歌曲类.txt	朋友首日封 歌曲类	jianpucn	http://www.jianpu.cn/pu/11/115201.htm		
望江亭放歌（.txt	望江亭放歌（	qupu123			
朝朝暮暮情_—.txt	朝朝暮暮情 —	jianpucn	http://www.jianpu.cn/pu/27/279253.htm		
木兰情.txt	木兰情	jianpucn	http://www.jianpu.cn/pu/12/129521.htm		
木兰星.txt	木兰星	jianpucn	http://www.jianpu.cn/pu/12/129906.htm		
木叶情&nbsp;&nbsp;.txt	木叶情	jianpucn	http://www.jianpu.cn/pu/47/475637.htm		
木叶情.txt	木叶情	jianpucn	http://www.jianpu.cn/pu/47/475637.htm		
木梳缘（.txt	木梳缘（	qupu123			
未了情.txt	未了情	jianpucn	http://www.jianpu.cn/pu/29/295187.htm		
未命名-jianpujia-15773.txt	未命名-jianpujia-15773	jianpujia	https://www.jianpujia.com/jianpu/15773.html		
未命名-jianpujia-26487.txt	未命名-jianpujia-26487	jianpujia	https://www.jianpujia.com/jianpu/26487.html		
未命名-qupu123-395375.txt	未命名-qupu123-395375	qupu123	https://www.qupu123.com/jipu/p395375.html	分类/记谱	
未命名-qupu123-395403.txt	未命名-qupu123-395403	qupu123	https://www.qupu123.com/jipu/p395403.html	分类/记谱	
未命名-qupu123-395461.txt	未命名-qupu123-395461	qupu123	https://www.qupu123.com/jipu/p395461.html	分类/记谱	
朱提银之歌.txt	朱提银之歌	jianpucn	http://www.jianpu.cn/pu/17/179501.htm		
李白（李荣浩.txt	李白（李荣浩	qupu123	https://www.qupu123.com/jipu/p258984.html	分类/记谱	
束缚.txt	束缚	jianpucn	http://www.jianpu.cn/pu/70/70102.htm		
来不及流泪的人.txt	来不及流泪的人	jianpucn	http://www.jianpu.cn/pu/15/155674.htm		
杨贵妃【彩谱】.txt	杨贵妃【彩谱】	jianpucn	http://www.jianpu.cn/pu/15/150394.htm		
林忆莲-爱上一个不回家的人.txt	林忆莲-爱上一个不回家的人	jianpucn	http://www.jianpu.cn/pu/85/85760.htm		
柳江河情歌.txt	柳江河情歌	jianpucn	http://www.jianpu.cn/pu/13/131534.htm		
柳琴三级：春绿江南.txt	柳琴三级：春绿江南	jianpucn	http://www.jianpu.cn/pu/16/161363.htm		
柳琴二级：小草.txt	柳琴二级：小草	jianpucn	http://www.jianpu.cn/pu/16/161362.htm		
柳琴二级：彩云追月.txt	柳琴二级：彩云追月	jianpucn	http://www.jianpu.cn/pu/16/161349.htm		
柳琴二级：新鞋子、旧鞋子.txt	柳琴二级：新鞋子、旧鞋子	jianpucn	http://www.jianpu.cn/pu/16/161359.htm		
柳琴二级：橄榄树.txt	柳琴二级：橄榄树	jianpucn	http://www.jianpu.cn/pu/16/161348.htm		
柳琴二级：茉莉花.txt	柳琴二级：茉莉花	jianpucn	http://www.jianpu.cn/pu/16/161360.htm		
桂林美（贾珂.txt	桂林美（贾珂	qupu123			
桃花朵朵开（阿牛.txt	桃花朵朵开（阿牛	qupu123			
梁静茹-丝路.txt	梁静茹-丝路	jianpucn	http://www.jianpu.cn/pu/85/85745.htm		
梁静茹-宁夏.txt	梁静茹-宁夏	jianpucn	http://www.jianpu.cn/pu/85/85747.htm		
梦中女神.txt	梦中女神	jianpucn	http://www.jianpu.cn/pu/47/475810.htm		
梦中的格桑花.txt	梦中的格桑花	jianpucn	http://www.jianpu.cn/pu/15/151549.htm		
梦回土家.txt	梦回土家	jianpucn	http://www.jianpu.cn/pu/16/161676.htm		
梦想天空分外蓝.txt	梦想天空分外蓝	jianpucn	http://www.jianpu.cn/pu/15/159080.htm		
梦桂林（胡青山.txt	梦桂林（胡青山	qupu123			
梦通新时代.txt	梦通新时代	jianpucn	http://www.jianpu.cn/pu/47/475836.htm		
梦醒时分.txt	梦醒时分	qupu123	https://www.qupu123.com/yuanchuang/p351975.html	分类/原创	
梨花一枝带春雨.txt	梨花一枝带春雨	jianpucn	http://www.jianpu.cn/pu/50/50054.htm		
森林铁路的月台上.txt	森林铁路的月台上	jianpucn	http://www.jianpu.cn/pu/40/40015.htm		
模特（李荣浩.txt	模特（李荣浩	qupu123	https://www.qupu123.com/jipu/p259169.html	分类/记谱	
横刀纵马一声吼.txt	横刀纵马一声吼	jianpucn	http://www.jianpu.cn/pu/24/245789.htm		
樱花树下.txt	樱花树下	jianpucn	http://www.jianpu.cn/pu/14/149115.htm		
橘子洲情思.txt	橘子洲情思	jianpucn	http://www.jianpu.cn/pu/13/139006.htm		
欢笑的日子.txt	欢笑的日子	jianpucn	http://www.jianpu.cn/pu/33/33642.htm		
欢迎抗日军.txt	欢迎抗日军	jianpucn	http://www.jianpu.cn/pu/16/160657.htm		
歌友情&nbsp;&nbsp;.txt	歌友情	jianpucn	http://www.jianpu.cn/pu/47/475556.htm		
歌友情.txt	歌友情	jianpucn	http://www.jianpu.cn/pu/47/475556.htm		
歌唱新时代.txt	歌唱新时代	jianpucn	http://www.jianpu.cn/pu/41/419697.htm		
正在想你哟.txt	正在想你哟	jianpucn	http://www.jianpu.cn/pu/47/475765.htm		
此情绵绵.txt	此情绵绵	jianpucn	http://www.jianpu.cn/pu/28/284221.htm		
步步高.txt	步步高	jianpucn	http://www.jianpu.cn/pu/70/70710.htm		
母亲双手.txt	母亲双手	jianpucn	http://www.jianpu.cn/pu/25/257585.htm		
母亲河，让我叫你一声妈妈.txt	母亲河，让我叫你一声妈妈	jianpucn	http://www.jianpu.cn/pu/13/137118.htm		
母亲湖.txt	母亲湖	jianpucn	http://www.jianpu.cn/pu/42/427177.htm		
母亲父亲.txt	母亲父亲	jianpucn	http://www.jianpu.cn/pu/30/30969.htm		
母亲的手.txt	母亲的手	jianpucn	http://www.jianpu.cn/pu/57/57822.htm		
母亲知道你.txt	母亲知道你	jianpucn	http://www.jianpu.cn/pu/47/47501.htm		
母鸡带小鸡（罗晓航.txt	母鸡带小鸡（罗晓航	qupu123			
每一步.txt	每一步	qupu123	https://www.qupu123.com/jipu/p365041.html	分类/记谱	
比翼鸟.txt	比翼鸟	jianpucn	http://www.jianpu.cn/pu/48/48317.htm		
民族声乐考级歌曲_伊犁河月夜.txt	民族声乐考级歌曲 伊犁河月夜	jianpucn	http://www.jianpu.cn/pu/42/425830.htm		
民族声乐考级歌曲_故土情.txt	民族声乐考级歌曲 故土情	jianpucn	http://www.jianpu.cn/pu/44/449380.htm		
水涟漪（邓丽君.txt	水涟漪（邓丽君	qupu123	https://www.qupu123.com/jipu/p198153.html	分类/记谱	
永恒的诱惑.txt	永恒的诱惑	jianpucn	http://www.jianpu.cn/pu/32/32928.htm		
永恒长调.txt	永恒长调	jianpucn	http://www.jianpu.cn/pu/44/444329.htm		
永浴爱河（.txt	永浴爱河（	jianpucn	http://www.jianpu.cn/pu/10/109440.htm		
永远.txt	永远	jianpucn	http://www.jianpu.cn/pu/36/36281.htm		
永远跟着你（刘连峰.txt	永远跟着你（刘连峰	qupu123			
江南__qupu123-360746.txt	江南	qupu123	https://www.qupu123.com/puyou/shangchuan/p360746.html	分类/谱友上传	
江南__qupu123-370195.txt	江南	qupu123	https://www.qupu123.com/tongsu/erziyixia/p370195.html	分类/通俗歌曲	
江南一枝.txt	江南一枝	jianpucn	http://www.jianpu.cn/pu/28/283191.htm		
江南一枝花.txt	江南一枝花	jianpucn	http://www.jianpu.cn/pu/32/32975.htm		
江城子桑农.txt	江城子桑农	jianpucn	http://www.jianpu.cn/pu/47/475849.htm		
沉默的表示.txt	沉默的表示	jianpucn	http://www.jianpu.cn/pu/55/55105.htm		
沙柳谣.txt	沙柳谣	jianpucn	http://www.jianpu.cn/pu/13/137561.htm		
没有情人的情人节.txt	没有情人的情人节	jianpucn	http://www.jianpu.cn/pu/51/51384.htm		
没有手机的日子.txt	没有手机的日子	jianpucn	http://www.jianpu.cn/pu/61/61386.htm		
泰山赞歌.txt	泰山赞歌	jianpucn	http://www.jianpu.cn/pu/20/208489.htm		
泸沽湖.txt	泸沽湖	qupu123	https://www.qupu123.com/yuanchuang/p365980.html	分类/原创	
洗脸_歌曲类.txt	洗脸 歌曲类	jianpucn	http://www.jianpu.cn/pu/11/114971.htm		
流吧,美丽的托玛尔河.txt	流吧,美丽的托玛尔河	jianpucn	http://www.jianpu.cn/pu/13/135131.htm		
浪潮歌.txt	浪潮歌	jianpucn	http://www.jianpu.cn/pu/16/160659.htm		
浮夸.txt	浮夸	jianpucn	http://www.jianpu.cn/pu/13/133666.htm		
浮夸_2.txt	浮夸	jianpujia	https://www.jianpujia.com/jianpu/15309.html		
海军航空兵之歌（韩立功.txt	海军航空兵之歌（韩立功	qupu123			
海沧之梦.txt	海沧之梦	jianpucn	http://www.jianpu.cn/pu/24/242941.htm		
海浪.txt	海浪	jianpucn	http://www.jianpu.cn/pu/89/8917.htm		
海滨之夜（翟可.txt	海滨之夜（翟可	qupu123			
海边的陌生人.txt	海边的陌生人	jianpucn	http://www.jianpu.cn/pu/10/109489.htm		
淘汰.txt	淘汰	jianpucn	http://www.jianpu.cn/pu/43/434477.htm		
淘汰_2.txt	淘汰	jianpujia	https://www.jianpujia.com/jianpu/14617.html		
添翼的路.txt	添翼的路	jianpucn	http://www.jianpu.cn/pu/32/32018.htm		
渔光曲.txt	渔光曲	jianpucn	http://www.jianpu.cn/pu/32/32327.htm		
温暖的花.txt	温暖的花	jianpucn	http://www.jianpu.cn/pu/45/454725.htm		
温泉河我的故乡.txt	温泉河我的故乡	jianpucn	http://www.jianpu.cn/pu/15/159144.htm		
渴望.txt	渴望	qupu123	https://www.qupu123.com/jipu/p374689.html	分类/记谱	
湖水_歌曲类.txt	湖水 歌曲类	jianpucn	http://www.jianpu.cn/pu/11/115212.htm		
满江红，和岳飞词.txt	满江红，和岳飞词	jianpucn	http://www.jianpu.cn/pu/18/188833.htm		
满满的都是爱.txt	满满的都是爱	jianpucn	http://www.jianpu.cn/pu/15/150903.htm		
潇洒走一回.txt	潇洒走一回	qupu123	https://www.qupu123.com/yuanchuang/p351823.html	分类/原创	
潇湘花月谣_（廖昌永.txt	潇湘花月谣_（廖昌永	qupu123			
潮汕情（陈武峰.txt	潮汕情（陈武峰	qupu123			
澳门，从此不再孤单.txt	澳门，从此不再孤单	jianpucn	http://www.jianpu.cn/pu/16/167685.htm		
激情岁月.txt	激情岁月	jianpucn	http://www.jianpu.cn/pu/47/475855.htm		
火火中国白.txt	火火中国白	jianpucn	http://www.jianpu.cn/pu/47/475713.htm		
火红的誓言.txt	火红的誓言	jianpucn	http://www.jianpu.cn/pu/45/452453.htm		
火苗（何沐阳.txt	火苗（何沐阳	qupu123			
灰色.txt	灰色	jianpucn	http://www.jianpu.cn/pu/12/129637.htm		
灰色的逃脱.txt	灰色的逃脱	jianpucn	http://www.jianpu.cn/pu/12/120486.htm		
炮龙雄风.txt	炮龙雄风	jianpucn	http://www.jianpu.cn/pu/30/30984.htm		
烟雾弥漫_歌曲类.txt	烟雾弥漫 歌曲类	jianpucn	http://www.jianpu.cn/pu/11/114923.htm		
烧.txt	烧	jianpucn	http://www.jianpu.cn/pu/50/50834.htm		
烧_2.txt	烧	jianpucn	http://www.jianpu.cn/pu/69/69225.htm		
烧_3.txt	烧	jianpucn	http://www.jianpu.cn/pu/29/293456.htm		
燕尾蝶_歌曲类.txt	燕尾蝶 歌曲类	jianpucn	http://www.jianpu.cn/pu/11/114922.htm		
爱.txt	爱	jianpucn	http://www.jianpu.cn/pu/33/33835.htm		
爱_2.txt	爱	jianpucn	http://www.jianpu.cn/pu/61/61598.htm		
爱_3.txt	爱	jianpucn	http://www.jianpu.cn/pu/69/69186.htm		
爱_歌曲类.txt	爱 歌曲类	jianpucn	http://www.jianpu.cn/pu/64/64684.htm		
爱上一个不回家的人_歌曲类.txt	爱上一个不回家的人 歌曲类	jianpucn	http://www.jianpu.cn/pu/11/114695.htm		
爱上一个浪漫的人.txt	爱上一个浪漫的人	jianpucn	http://www.jianpu.cn/pu/28/289166.htm		
爱上她_歌曲类.txt	爱上她 歌曲类	jianpucn	http://www.jianpu.cn/pu/64/64672.htm		
爱伤害了你我.txt	爱伤害了你我	jianpucn	http://www.jianpu.cn/pu/53/53083.htm		
爱你不会改变（.txt	爱你不会改变（	qupu123			
爱你不是两三天.txt	爱你不是两三天	jianpucn	http://www.jianpu.cn/pu/31/312593.htm		
爱你爱你.txt	爱你爱你	jianpucn	http://www.jianpu.cn/pu/86/86549.htm		
爱你真的不容易（.txt	爱你真的不容易（	qupu123			
爱字怎么写.txt	爱字怎么写	jianpucn	http://www.jianpu.cn/pu/16/165596.htm		
爱心永恒-女声独唱.txt	爱心永恒-女声独唱	jianpucn	http://www.jianpu.cn/pu/14/146088.htm		
爱情呼叫转移.txt	爱情呼叫转移	jianpucn	http://www.jianpu.cn/pu/55/55370.htm		
爱情字典_歌曲类.txt	爱情字典 歌曲类	jianpucn	http://www.jianpu.cn/pu/64/64673.htm		
爱情少尉.txt	爱情少尉	jianpucn	http://www.jianpu.cn/pu/22/221820.htm		
爱情接书_歌曲类.txt	爱情接书 歌曲类	jianpucn	http://www.jianpu.cn/pu/64/64678.htm		
爱情海_歌曲类.txt	爱情海 歌曲类	jianpucn	http://www.jianpu.cn/pu/64/64680.htm		
爱情的故事.txt	爱情的故事	jianpucn	http://www.jianpu.cn/pu/10/109479.htm		
爱情的重量.txt	爱情的重量	jianpucn	http://www.jianpu.cn/pu/89/89259.htm		
爱情证书.txt	爱情证书	jianpucn	http://www.jianpu.cn/pu/34/34083.htm		
爱情转移(林夕词_泽日生曲.txt	爱情转移(林夕词 泽日生曲	jianpucn	http://www.jianpu.cn/pu/84/84595.htm		
爱情转移.txt	爱情转移	jianpujia	https://www.jianpujia.com/jianpu/19479.html		
爱情香_歌曲类.txt	爱情香 歌曲类	jianpucn	http://www.jianpu.cn/pu/64/64676.htm		
爱我还是他__qupu123-333102.txt	爱我还是他	qupu123	https://www.qupu123.com/qiyue/guzhengguqin/p333102.html	分类/器乐	
爱我还是他__qupu123-3384.txt	爱我还是他	qupu123	https://www.qupu123.com/tongsu/wuzi/p3384.html	分类/通俗歌曲	
爱的四季（巴秀拉.txt	爱的四季（巴秀拉	qupu123			
爱的折磨（才潜.txt	爱的折磨（才潜	qupu123			
爱的箴言_歌曲类.txt	爱的箴言 歌曲类	jianpucn	http://www.jianpu.cn/pu/64/64714.htm		
爱的路程一瞬间.txt	爱的路程一瞬间	jianpucn	http://www.jianpu.cn/pu/15/159443.htm		
爱的过客（清闲人.txt	爱的过客（清闲人	qupu123			
爱给了你才博大.txt	爱给了你才博大	jianpucn	http://www.jianpu.cn/pu/36/36072.htm		
爱错一人错付一生__qupu123-380247.txt	爱错一人错付一生	qupu123	https://www.qupu123.com/jipu/p380247.html	分类/记谱	
爱错（简和谱）__qupu123-350544.txt	爱错	qupu123	https://www.qupu123.com/jipu/p350544.html	分类/记谱	
版纳情.txt	版纳情	jianpucn	http://www.jianpu.cn/pu/12/129607.htm		
牙刷小卫士.txt	牙刷小卫士	jianpucn	http://www.jianpu.cn/pu/47/475915.htm		
牛（黄自.txt	牛（黄自	qupu123			
牢记“两个务必”.txt	牢记“两个务必”	jianpucn	http://www.jianpu.cn/pu/17/171071.htm		
牵蚕丝.txt	牵蚕丝	jianpucn	http://www.jianpu.cn/pu/24/248847.htm		
狠不下心.txt	狠不下心	jianpucn	http://www.jianpu.cn/pu/60/60462.htm		
猜不透的心看不透的人__qupu123-40951.txt	猜不透的心看不透的人	qupu123	https://www.qupu123.com/puyou/jipu/p40951.html	分类/谱友上传	
猜不透（编配乐谱）__qupu123-35068.txt	猜不透	qupu123	https://www.qupu123.com/tongsu/sanzi/p35068.html	分类/通俗歌曲	
玫瑰（贰佰.txt	玫瑰（贰佰	qupu123	https://www.qupu123.com/jipu/p251510.html	分类/记谱	
理想（赵雷.txt	理想（赵雷	qupu123	https://www.qupu123.com/jipu/p272854.html	分类/记谱	
琉璃.txt	琉璃	jianpucn	http://www.jianpu.cn/pu/26/268125.htm		
琥珀.txt	琥珀	jianpucn	http://www.jianpu.cn/pu/89/89383.htm		
甘把热血化彩环.txt	甘把热血化彩环	jianpucn	http://www.jianpu.cn/pu/20/204383.htm		
生死永不分.txt	生死永不分	jianpucn	http://www.jianpu.cn/pu/27/272402.htm		
生活之道.txt	生活之道	jianpucn	http://www.jianpu.cn/pu/17/174016.htm		
生活啊_多么美好.txt	生活啊 多么美好	jianpucn	http://www.jianpu.cn/pu/25/258174.htm		
用我的心握你的手.txt	用我的心握你的手	jianpucn	http://www.jianpu.cn/pu/36/36543.htm		
用我的生命赞美你的名字（）.txt	用我的生命赞美你的名字（）	qupu123			
田纳西华尔兹.txt	田纳西华尔兹	qupu123	https://www.qupu123.com/waiguo/waiwen/p375487.html	分类/外国歌曲	
甲板上的马头琴.txt	甲板上的马头琴	jianpucn	http://www.jianpu.cn/pu/16/161053.htm		
电台情歌_歌曲类.txt	电台情歌 歌曲类	jianpucn	http://www.jianpu.cn/pu/11/115333.htm		
男儿泉&nbsp;&nbsp;.txt	男儿泉	jianpucn	http://www.jianpu.cn/pu/47/475607.htm		
男儿泉.txt	男儿泉	jianpucn	http://www.jianpu.cn/pu/47/475607.htm		
画一个新疆.txt	画一个新疆	jianpucn	http://www.jianpu.cn/pu/45/454681.htm		
疯疯癫癫活到老（.txt	疯疯癫癫活到老（	qupu123			
病名は愛だった.txt	病名は愛だった	jianpujia	https://www.jianpujia.com/jianpu/15080.html		
痛爱的滋味（华政双.txt	痛爱的滋味（华政双	qupu123			
瘦瘦的.txt	瘦瘦的	jianpucn	http://www.jianpu.cn/pu/89/89387.htm		
白云（白云.txt	白云（白云	qupu123			
百岁不是梦（郭瑛.txt	百岁不是梦（郭瑛	qupu123			
百花迎春.txt	百花迎春	jianpucn	http://www.jianpu.cn/pu/31/31046.htm		
盛世华诞.txt	盛世华诞	jianpucn	http://www.jianpu.cn/pu/20/208438.htm		
盛世赞歌.txt	盛世赞歌	jianpucn	http://www.jianpu.cn/pu/14/144517.htm		
盛夏的果实_歌曲类.txt	盛夏的果实 歌曲类	jianpucn	http://www.jianpu.cn/pu/11/115132.htm		
目瑙纵歌.txt	目瑙纵歌	jianpucn	http://www.jianpu.cn/pu/47/475909.htm		
盲婚哑嫁.txt	盲婚哑嫁	jianpucn	http://www.jianpu.cn/pu/45/454151.htm		
相会在日光城.txt	相会在日光城	jianpucn	http://www.jianpu.cn/pu/23/236223.htm		
相信自己无限极.txt	相信自己无限极	jianpucn	http://www.jianpu.cn/pu/27/275973.htm		
相思遥.txt	相思遥	unknown			
相爱容易相处难_歌曲类.txt	相爱容易相处难 歌曲类	jianpucn	http://www.jianpu.cn/pu/11/114966.htm		
相识也是缘分（刘珺儿.txt	相识也是缘分（刘珺儿	qupu123	https://www.qupu123.com/jipu/p378369.html	分类/记谱	
盼星星盼月亮.txt	盼星星盼月亮	jianpucn	http://www.jianpu.cn/pu/47/474801.htm		
看透.txt	看透	jianpucn	http://www.jianpu.cn/pu/69/69452.htm		
真情-蔡幸娟【彩谱】.txt	真情-蔡幸娟【彩谱】	jianpucn	http://www.jianpu.cn/pu/14/145645.htm		
真的让我爱你吗.txt	真的让我爱你吗	jianpucn	http://www.jianpu.cn/pu/52/52988.htm		
真的还是假的.txt	真的还是假的	jianpucn	http://www.jianpu.cn/pu/12/120433.htm		
眼泪成诗_歌曲类.txt	眼泪成诗 歌曲类	jianpucn	http://www.jianpu.cn/pu/11/115146.htm		
短发.txt	短发	jianpucn	http://www.jianpu.cn/pu/81/818.htm		
短歌行.txt	短歌行	jianpucn	http://www.jianpu.cn/pu/60/60745.htm		
石油人的歌.txt	石油人的歌	jianpucn	http://www.jianpu.cn/pu/14/148909.htm		
石油是一种特别的酒.txt	石油是一种特别的酒	jianpucn	http://www.jianpu.cn/pu/32/32868.htm		
祖国啊我永远热爱你.txt	祖国啊我永远热爱你	jianpucn	http://www.jianpu.cn/pu/49/49047.htm		
祖国正是花季.txt	祖国正是花季	jianpucn	http://www.jianpu.cn/pu/12/121939.htm		
祖国，为你唱支歌.txt	祖国，为你唱支歌	jianpucn	http://www.jianpu.cn/pu/11/118859.htm		
祖国，我想你.txt	祖国，我想你	jianpucn	http://www.jianpu.cn/pu/13/136517.htm		
祝福你（李德华.txt	祝福你（李德华	qupu123			
神仙留恋的好地方.txt	神仙留恋的好地方	jianpucn	http://www.jianpu.cn/pu/30/301759.htm		
神奇_歌曲类.txt	神奇 歌曲类	jianpucn	http://www.jianpu.cn/pu/11/115157.htm		
神奇的勒勒车.txt	神奇的勒勒车	jianpucn	http://www.jianpu.cn/pu/32/32630.htm		
神说_歌曲类.txt	神说 歌曲类	jianpucn	http://www.jianpu.cn/pu/11/115136.htm		
离别_歌曲类.txt	离别 歌曲类	jianpucn	http://www.jianpu.cn/pu/64/64224.htm		
种树（陆军.txt	种树（陆军	qupu123			
稳稳的幸福.txt	稳稳的幸福	jianpucn	http://www.jianpu.cn/pu/16/164228.htm		
穿过你的黑发的我的手_歌曲类.txt	穿过你的黑发的我的手 歌曲类	jianpucn	http://www.jianpu.cn/pu/64/64532.htm		
突然好想你_2.txt	突然好想你	qupu123	https://www.qupu123.com/jipu/p243240.html	分类/记谱	
窑洞里的红花花.txt	窑洞里的红花花	jianpucn	http://www.jianpu.cn/pu/65/65122.htm		
立春（）.txt	立春（）	qupu123	https://www.qupu123.com/jipu/p394919.html	分类/记谱	
童年的家.txt	童年的家	jianpucn	http://www.jianpu.cn/pu/47/475925.htm		
童话_歌曲类.txt	童话 歌曲类	jianpucn	http://www.jianpu.cn/pu/11/115060.htm		
笑忘书.txt	笑忘书	jianpucn	http://www.jianpu.cn/pu/53/53588.htm		
第一千滴泪（蓝雨.txt	第一千滴泪（蓝雨	qupu123	https://www.qupu123.com/jipu/p117797.html	分类/记谱	
第一次.txt	第一次	jianpucn	http://www.jianpu.cn/pu/71/71105.htm		
第三路军成立纪念歌.txt	第三路军成立纪念歌	jianpucn	http://www.jianpu.cn/pu/16/160654.htm		
等一分钟（笛子演奏谱）__qupu123-280541.txt	等一分钟（笛子	qupu123	https://www.qupu123.com/jipu/p280541.html	分类/记谱	
等你归来.txt	等你归来	jianpucn	http://www.jianpu.cn/pu/32/32484.htm		
等着我.txt	等着我	jianpucn	http://www.jianpu.cn/pu/41/419198.htm		
粤语残片.txt	粤语残片	jianpucn	http://www.jianpu.cn/pu/28/288797.htm		
紧急的眼泪_歌曲类.txt	紧急的眼泪 歌曲类	jianpucn	http://www.jianpu.cn/pu/64/64292.htm		
紫竹调.txt	紫竹调	jianpujia	https://www.jianpujia.com/jianpu/71684.html		
紫红色的樱桃.txt	紫红色的樱桃	jianpucn	http://www.jianpu.cn/pu/10/109491.htm		
红尘客栈__qupu123-378141.txt	红尘客栈	qupu123	https://www.qupu123.com/puyou/shangchuan/p378141.html	分类/谱友上传	
红月亮_红脸庞.txt	红月亮_红脸庞	qupu123			
红树林.txt	红树林	jianpucn	http://www.jianpu.cn/pu/32/32017.htm		
红树林之歌.txt	红树林之歌	jianpucn	http://www.jianpu.cn/pu/31/318105.htm		
红红的太阳升起来.txt	红红的太阳升起来	jianpucn	http://www.jianpu.cn/pu/13/132322.htm		
红色高跟鞋__qupu123-378999.txt	红色高跟鞋	qupu123	https://www.qupu123.com/puyou/shangchuan/p378999.html	分类/谱友上传	
红花.txt	红花	jianpucn	http://www.jianpu.cn/pu/89/89357.htm		
红雨.txt	红雨	jianpucn	http://www.jianpu.cn/pu/15/157213.htm		
红颜一怒.txt	红颜一怒	jianpucn	http://www.jianpu.cn/pu/16/161677.htm		
纤夫的爱.txt	纤夫的爱	qupu123	https://www.qupu123.com/yuanchuang/p361315.html	分类/原创	
纸风车（罗晓航.txt	纸风车（罗晓航	qupu123			
纸飞机_歌曲类.txt	纸飞机 歌曲类	jianpucn	http://www.jianpu.cn/pu/11/114808.htm		
练兵谣（石扬.txt	练兵谣（石扬	qupu123			
给了你最真的我的心.txt	给了你最真的我的心	jianpucn	http://www.jianpu.cn/pu/53/53018.htm		
给我吧.txt	给我吧	jianpucn	http://www.jianpu.cn/pu/70/70424.htm		
给未来的自己.txt	给未来的自己	jianpucn	http://www.jianpu.cn/pu/13/135812.htm		
给未来的自己——梁静茹.txt	给未来的自己——梁静茹	jianpucn	http://www.jianpu.cn/pu/20/205226.htm		
维吾尔族舞蹈音乐：盛满葡萄.txt	维吾尔族舞蹈音乐：盛满葡萄	jianpucn	http://www.jianpu.cn/pu/16/166406.htm		
绿光.txt	绿光	jianpucn	http://www.jianpu.cn/pu/88/88795.htm		
羊肚肚手巾三道道蓝.txt	羊肚肚手巾三道道蓝	jianpucn	http://www.jianpu.cn/pu/14/144493.htm		
美丽人生2.txt	美丽人生2	jianpucn	http://www.jianpu.cn/pu/34/34714.htm		
美丽人生_官方版.txt	美丽人生 官方版	jianpucn	http://www.jianpu.cn/pu/84/84637.htm		
美丽人生_歌曲类.txt	美丽人生 歌曲类	jianpucn	http://www.jianpu.cn/pu/64/64209.htm		
美丽的哨卡.txt	美丽的哨卡	jianpucn	http://www.jianpu.cn/pu/47/475803.htm		
美丽的广西（黎强词_李勇改词.txt	美丽的广西（黎强词_李勇改词	qupu123			
美丽的桂林（刘瑞桂.txt	美丽的桂林（刘瑞桂	qupu123			
美丽的龙泉山.txt	美丽的龙泉山	jianpucn	http://www.jianpu.cn/pu/38/38389.htm		
美好家园（金文艺.txt	美好家园（金文艺	qupu123			
羞答答的玫瑰静悄悄地开_歌曲类.txt	羞答答的玫瑰静悄悄地开 歌曲类	jianpucn	http://www.jianpu.cn/pu/11/113926.htm		
羞答答的玫瑰静悄悄的开.txt	羞答答的玫瑰静悄悄的开	jianpucn	http://www.jianpu.cn/pu/18/184938.htm		
老乡.txt	老乡	jianpucn	http://www.jianpu.cn/pu/36/36216.htm		
老公老公我爱你.txt	老公老公我爱你	jianpucn	http://www.jianpu.cn/pu/37/37119.htm		
老师我想你.txt	老师我想你	jianpucn	http://www.jianpu.cn/pu/47/474501.htm		
老情歌.txt	老情歌	jianpucn	http://www.jianpu.cn/pu/74/74680.htm		
老百姓愿意跟着你.txt	老百姓愿意跟着你	jianpucn	http://www.jianpu.cn/pu/50/50804.htm		
老边防.txt	老边防	jianpucn	http://www.jianpu.cn/pu/28/283444.htm		
老鹰抓小鸡（罗晓航.txt	老鹰抓小鸡（罗晓航	qupu123			
胆小鬼_歌曲类.txt	胆小鬼 歌曲类	jianpucn	http://www.jianpu.cn/pu/64/64499.htm		
胭脂妆&nbsp;&nbsp;.txt	胭脂妆	jianpucn	http://www.jianpu.cn/pu/47/475872.htm		
胭脂妆.txt	胭脂妆	jianpucn	http://www.jianpu.cn/pu/47/475872.htm		
腊梅花开.txt	腊梅花开	jianpucn	http://www.jianpu.cn/pu/47/475827.htm		
至少还有你2.txt	至少还有你2	jianpucn	http://www.jianpu.cn/pu/21/213254.htm		
舀河浜&nbsp;&nbsp;.txt	舀河浜	jianpucn	http://www.jianpu.cn/pu/47/475614.htm		
舀河浜.txt	舀河浜	jianpucn	http://www.jianpu.cn/pu/47/475614.htm		
舍不得你走.txt	舍不得你走	qupu123	https://www.qupu123.com/jipu/p370735.html	分类/记谱	
舍得（网剧《双世宠妃》片尾曲）__qupu123-294759.txt	舍得	qupu123	https://www.qupu123.com/jipu/p294759.html	分类/记谱	
舍得（英旗词 赵力曲）__qupu123-303049.txt	舍得	qupu123	https://www.qupu123.com/tongsu/erziyixia/p303049.html	分类/通俗歌曲	
舒心的日子.txt	舒心的日子	jianpucn	http://www.jianpu.cn/pu/85/85050.htm		
舞照跳.txt	舞照跳	jianpucn	http://www.jianpu.cn/pu/28/287938.htm		
舞龙的弟兄.txt	舞龙的弟兄	jianpucn	http://www.jianpu.cn/pu/28/28490.htm		
芦笙吹起来.txt	芦笙吹起来	jianpucn	http://www.jianpu.cn/pu/14/148903.htm		
芭伯勒波尔卡.txt	芭伯勒波尔卡	jianpucn	http://www.jianpu.cn/pu/10/109486.htm		
花儿与少年（完整版歌词.txt	花儿与少年（完整版歌词	qupu123			
花火_歌曲类.txt	花火 歌曲类	jianpucn	http://www.jianpu.cn/pu/64/64351.htm		
花花尕妹.txt	花花尕妹	jianpucn	http://www.jianpu.cn/pu/74/74210.htm		
苍天般的老阿爸.txt	苍天般的老阿爸	jianpucn	http://www.jianpu.cn/pu/21/210460.htm		
苍白浅影_（.txt	苍白浅影 （	jianpucn	http://www.jianpu.cn/pu/10/109465.htm		
苕乡情&nbsp;&nbsp;.txt	苕乡情	jianpucn	http://www.jianpu.cn/pu/47/475699.htm		
苕乡情.txt	苕乡情	jianpucn	http://www.jianpu.cn/pu/47/475699.htm		
英雄.txt	英雄	21qupu			
英雄_2.txt	英雄	qpcxw			
英雄万岁.txt	英雄万岁	jianpucn	http://www.jianpu.cn/pu/31/311565.htm		
苹果香&nbsp;&nbsp;.txt	苹果香	jianpucn	http://www.jianpu.cn/pu/47/475453.htm		
苹果香.txt	苹果香	jianpucn	http://www.jianpu.cn/pu/47/475453.htm		
茉莉花的故乡.txt	茉莉花的故乡	jianpucn	http://www.jianpu.cn/pu/15/152295.htm		
茶山行吟（）.txt	茶山行吟（）	qupu123	https://www.qupu123.com/yuanchuang/p394993.html	分类/原创	
茶花开了__qupu123-388046.txt	茶花开了	qupu123	https://www.qupu123.com/puyou/shangchuan/p388046.html	分类/谱友上传	
茶花开了__qupu123-388086.txt	茶花开了	qupu123	https://www.qupu123.com/puyou/shangchuan/p388086.html	分类/谱友上传	
茶花开了__qupu123-393514.txt	茶花开了	qupu123	https://www.qupu123.com/puyou/shangchuan/p393514.html	分类/谱友上传	
草原牧歌.txt	草原牧歌	jianpucn	http://www.jianpu.cn/pu/47/472952.htm		
莫斯科郊外的晚上.txt	莫斯科郊外的晚上	qupu123	https://www.qupu123.com/waiguo/bazi/p370530.html	分类/外国歌曲	
莲花泡战役.txt	莲花泡战役	jianpucn	http://www.jianpu.cn/pu/16/160664.htm		
菊花台_2.txt	菊花台	jianpujia	https://www.jianpujia.com/jianpu/15810.html		
菜园子&nbsp;&nbsp;.txt	菜园子	jianpucn	http://www.jianpu.cn/pu/47/475520.htm		
菜园子.txt	菜园子	jianpucn	http://www.jianpu.cn/pu/47/475520.htm		
董小姐（.txt	董小姐（	qupu123	https://www.qupu123.com/jipu/p242866.html	分类/记谱	
蓝天（刘子昂.txt	蓝天（刘子昂	qupu123			
藏_2.txt	藏	qupu123	https://www.qupu123.com/jipu/p310245.html	分类/记谱	
藏爱.txt	藏爱	qupu123	https://www.qupu123.com/jipu/p366388.html	分类/记谱	
虚拟的女孩__qupu123-66892.txt	虚拟的女孩	qupu123	https://www.qupu123.com/tongsu/wuzi/p66892.html	分类/通俗歌曲	
虚拟的男孩__qupu123-66891.txt	虚拟的男孩	qupu123	https://www.qupu123.com/tongsu/wuzi/p66891.html	分类/通俗歌曲	
虹的一端（.txt	虹的一端（	jianpucn	http://www.jianpu.cn/pu/10/109471.htm		
蝴蝶结（.txt	蝴蝶结（	qupu123			
蝶恋花--庭院深深深几许.txt	蝶恋花--庭院深深深几许	qupu123	https://www.qupu123.com/jipu/p369152.html	分类/记谱	
螃蟹呀螃蟹，一个也跑不脱（表.txt	螃蟹呀螃蟹，一个也跑不脱（表	qupu123			
血染的风采.txt	血染的风采	qupu123	https://www.qupu123.com/jipu/p350191.html	分类/记谱	
被你感动.txt	被你感动	jianpucn	http://www.jianpu.cn/pu/47/475881.htm		
西海情歌_2.txt	西海情歌	jianpujia	https://www.jianpujia.com/jianpu/15678.html		
西游记-回忆.txt	西游记-回忆	jianpucn	http://www.jianpu.cn/pu/13/137809.htm		
西部情歌.txt	西部情歌	jianpucn	http://www.jianpu.cn/pu/58/58800.htm		
西部放歌.txt	西部放歌	jianpucn	http://www.jianpu.cn/pu/68/68537.htm		
西部欢迎你.txt	西部欢迎你	jianpucn	http://www.jianpu.cn/pu/14/144887.htm		
解忧.txt	解忧	jianpucn	http://www.jianpu.cn/pu/43/438492.htm		
触痛心触痛爱.txt	触痛心触痛爱	qupu123	https://www.qupu123.com/jipu/p82346.html	分类/记谱	
认真.txt	认真	jianpucn	http://www.jianpu.cn/pu/21/211031.htm		
让我留在你身边.txt	让我留在你身边	jianpucn	http://www.jianpu.cn/pu/44/441809.htm		
让爱永久永久（金少蒙.txt	让爱永久永久（金少蒙	qupu123			
该怎么爱你_歌曲类.txt	该怎么爱你 歌曲类	jianpucn	http://www.jianpu.cn/pu/11/115284.htm		
说到做到.txt	说到做到	jianpucn	http://www.jianpu.cn/pu/41/416399.htm		
谁.txt	谁	jianpucn	http://www.jianpu.cn/pu/10/108878.htm		
谁_2.txt	谁	jianpucn	http://www.jianpu.cn/pu/11/118852.htm		
谁_4.txt	谁	jianpucn	http://www.jianpu.cn/pu/25/257959.htm		
谁_5.txt	谁	jianpucn	http://www.jianpu.cn/pu/25/257980.htm		
谁_歌曲类.txt	谁 歌曲类	jianpucn	http://www.jianpu.cn/pu/11/115120.htm		
谁不说俺家乡好.txt	谁不说俺家乡好	qupu123	https://www.qupu123.com/jipu/p374395.html	分类/记谱	
谁的眼泪在飞.txt	谁的眼泪在飞	jianpucn	http://www.jianpu.cn/pu/36/36423.htm		
谁能让时间倒流.txt	谁能让时间倒流	jianpucn	http://www.jianpu.cn/pu/35/35043.htm		
谁能让时间倒转_歌曲类.txt	谁能让时间倒转 歌曲类	jianpucn	http://www.jianpu.cn/pu/11/115121.htm		
谷穗上的蝈蝈.txt	谷穗上的蝈蝈	jianpucn	http://www.jianpu.cn/pu/41/41921.htm		
象牙舟.txt	象牙舟	jianpucn	http://www.jianpu.cn/pu/24/248858.htm		
贫民窟之歌.txt	贫民窟之歌	qupu123	https://www.qupu123.com/waiguo/waiwen/p375501.html	分类/外国歌曲	
赛里木湖的白天鹅.txt	赛里木湖的白天鹅	jianpucn	http://www.jianpu.cn/pu/40/40016.htm		
赞家园.txt	赞家园	jianpucn	http://www.jianpu.cn/pu/67/67545.htm		
赞美你_骆驼.txt	赞美你 骆驼	jianpucn	http://www.jianpu.cn/pu/26/261531.htm		
赣南有座城.txt	赣南有座城	jianpucn	http://www.jianpu.cn/pu/47/475736.htm		
走出大山的建设者.txt	走出大山的建设者	jianpucn	http://www.jianpu.cn/pu/28/289587.htm		
走壶口.txt	走壶口	jianpucn	http://www.jianpu.cn/pu/34/34759.htm		
走过百年.txt	走过百年	jianpucn	http://www.jianpu.cn/pu/47/471801.htm		
走近黄果树大瀑布.txt	走近黄果树大瀑布	jianpucn	http://www.jianpu.cn/pu/31/31415.htm		
走进新农村.txt	走进新农村	jianpucn	http://www.jianpu.cn/pu/73/73930.htm		
超值的自弹.txt	超值的自弹	jianpucn	http://www.jianpu.cn/pu/20/205622.htm		
超快感.txt	超快感	jianpucn	http://www.jianpu.cn/pu/88/88864.htm		
跟影子说.txt	跟影子说	jianpucn	http://www.jianpu.cn/pu/26/268679.htm		
跟着我一辈子_歌曲类.txt	跟着我一辈子 歌曲类	jianpucn	http://www.jianpu.cn/pu/11/115255.htm		
跳绳（罗晓航.txt	跳绳（罗晓航	qupu123			
踏浪.txt	踏浪	qupu123	https://www.qupu123.com/jipu/p354206.html	分类/记谱	
身为党员.txt	身为党员	jianpucn	http://www.jianpu.cn/pu/20/207220.htm		
转眼一生转身一世.txt	转眼一生转身一世	jianpucn	http://www.jianpu.cn/pu/29/292178.htm		
轻轻地喊声娘.txt	轻轻地喊声娘	jianpucn	http://www.jianpu.cn/pu/15/151461.htm		
边关月.txt	边关月	jianpucn	http://www.jianpu.cn/pu/11/118469.htm		
边关飘荡七彩虹霓.txt	边关飘荡七彩虹霓	jianpucn	http://www.jianpu.cn/pu/12/120219.htm		
过云雨.txt	过云雨	jianpucn	http://www.jianpu.cn/pu/54/54406.htm		
运河之歌.txt	运河之歌	jianpucn	http://www.jianpu.cn/pu/48/48735.htm		
还有什么可以送给你.txt	还有什么可以送给你	jianpucn	http://www.jianpu.cn/pu/18/187856.htm		
这个春节，这个家.txt	这个春节，这个家	jianpucn	http://www.jianpu.cn/pu/31/31145.htm		
这么近那么远.txt	这么近那么远	jianpucn	http://www.jianpu.cn/pu/27/272599.htm		
这片黑土地_2.txt	这片黑土地	jianpucn	http://www.jianpu.cn/pu/44/447792.htm		
远方的故乡.txt	远方的故乡	jianpucn	http://www.jianpu.cn/pu/47/475817.htm		
连队里过大年.txt	连队里过大年	jianpucn	http://www.jianpu.cn/pu/16/162328.htm		
迟来的爱__qupu123-178033.txt	迟来的爱	qupu123	https://www.qupu123.com/jipu/p178033.html	分类/记谱	
迟来的爱__qupu123-313958.txt	迟来的爱	qupu123	https://www.qupu123.com/jipu/p313958.html	分类/记谱	
迟来的爱__qupu123-379774.txt	迟来的爱	qupu123	https://www.qupu123.com/puyou/shangchuan/p379774.html	分类/谱友上传	
追月（.txt	追月（	qupu123			
追梦人_歌曲类.txt	追梦人 歌曲类	jianpucn	http://www.jianpu.cn/pu/11/114802.htm		
追求.txt	追求	qupu123	https://www.qupu123.com/jipu/p376083.html	分类/记谱	
送西征.txt	送西征	jianpucn	http://www.jianpu.cn/pu/16/160663.htm		
逆光.txt	逆光	jianpucn	http://www.jianpu.cn/pu/55/55026.htm		
造林小曲（女声小.txt	造林小曲（女声小	qupu123			
遇见_歌曲类.txt	遇见 歌曲类	jianpucn	http://www.jianpu.cn/pu/11/114857.htm		
遇见了你.txt	遇见了你	jianpucn	http://www.jianpu.cn/pu/11/118623.htm		
避暑地.txt	避暑地	qupu123	https://www.qupu123.com/waiguo/waiwen/p375485.html	分类/外国歌曲	
那句话（巴秀拉.txt	那句话（巴秀拉	qupu123			
那年那月_那山那水.txt	那年那月 那山那水	jianpucn	http://www.jianpu.cn/pu/24/244993.htm		
都是你_歌曲类.txt	都是你 歌曲类	jianpucn	http://www.jianpu.cn/pu/11/114858.htm		
重阳日.txt	重阳日	jianpucn	http://www.jianpu.cn/pu/20/207473.htm		
野姜花我的回忆.txt	野姜花我的回忆	jianpucn	http://www.jianpu.cn/pu/34/342959.htm		
野百合也有春天_歌曲类.txt	野百合也有春天 歌曲类	jianpucn	http://www.jianpu.cn/pu/11/114920.htm		
野花_歌曲类.txt	野花 歌曲类	jianpucn	http://www.jianpu.cn/pu/11/114919.htm		
金色葵花海.txt	金色葵花海	jianpucn	http://www.jianpu.cn/pu/47/475854.htm		
钟爱一生_歌曲类.txt	钟爱一生 歌曲类	jianpucn	http://www.jianpu.cn/pu/11/114805.htm		
铁塔凌云.txt	铁塔凌云	qupu123	https://www.qupu123.com/jipu/p365146.html	分类/记谱	
铿锵玫瑰_歌曲类.txt	铿锵玫瑰 歌曲类	jianpucn	http://www.jianpu.cn/pu/64/64261.htm		
长恨歌.txt	长恨歌	jianpucn	http://www.jianpu.cn/pu/50/50769.htm		
长江之歌.txt	长江之歌	jianpucn	http://www.jianpu.cn/pu/43/437381.htm		
长江妈妈.txt	长江妈妈	jianpucn	http://www.jianpu.cn/pu/23/234904.htm		
长江还有一支歌.txt	长江还有一支歌	jianpucn	http://www.jianpu.cn/pu/24/242680.htm		
闪亮的日子.txt	闪亮的日子	jianpucn	http://www.jianpu.cn/pu/34/34999.htm		
闪亮的星.txt	闪亮的星	jianpucn	http://www.jianpu.cn/pu/40/40018.htm		
问情_歌曲类.txt	问情 歌曲类	jianpucn	http://www.jianpu.cn/pu/11/115046.htm		
问楼兰.txt	问楼兰	jianpucn	http://www.jianpu.cn/pu/14/147450.htm		
阳关叹.txt	阳关叹	jianpucn	http://www.jianpu.cn/pu/22/222682.htm		
阿怪.txt	阿怪	jianpucn	http://www.jianpu.cn/pu/89/89302.htm		
阿根廷别为我哭泣.txt	阿根廷别为我哭泣	jianpucn	http://www.jianpu.cn/pu/10/109492.htm		
阿细跳月（.txt	阿细跳月（	jianpucn	http://www.jianpu.cn/pu/10/109466.htm		
陆北大&nbsp;&nbsp;.txt	陆北大	jianpucn	http://www.jianpu.cn/pu/47/475623.htm		
陆北大.txt	陆北大	jianpucn	http://www.jianpu.cn/pu/47/475623.htm		
陈奕迅-稳稳的幸福.txt	陈奕迅-稳稳的幸福	jianpucn	http://www.jianpu.cn/pu/16/165010.htm		
陪你度过漫长岁月.txt	陪你度过漫长岁月	jianpucn	http://www.jianpu.cn/pu/34/342614.htm		
雨.txt	雨	jianpucn	http://www.jianpu.cn/pu/46/465598.htm		
雨中百合花.txt	雨中百合花	jianpucn	http://www.jianpu.cn/pu/47/475878.htm		
雨天.txt	雨天	jianpucn	http://www.jianpu.cn/pu/85/85622.htm		
雨还是不停地落下.txt	雨还是不停地落下	jianpucn	http://www.jianpu.cn/pu/47/471912.htm		
雪娃娃（罗晓航.txt	雪娃娃（罗晓航	qupu123			
零缺点_歌曲类.txt	零缺点 歌曲类	jianpucn	http://www.jianpu.cn/pu/64/64219.htm		
電台情歌.txt	電台情歌	jianpucn	http://www.jianpu.cn/pu/13/133850.htm		
霸王剑.txt	霸王剑	jianpucn	http://www.jianpu.cn/pu/16/165855.htm		
青原赋.txt	青原赋	jianpucn	http://www.jianpu.cn/pu/47/475606.htm		
青原赋_&nbsp;&nbsp;.txt	青原赋	jianpucn	http://www.jianpu.cn/pu/47/475606.htm		
青春之火.txt	青春之火	jianpucn	http://www.jianpu.cn/pu/47/475879.htm		
青春闪亮（赖明友.txt	青春闪亮（赖明友	qupu123			
青溜溜青海青溜溜青.txt	青溜溜青海青溜溜青	jianpucn	http://www.jianpu.cn/pu/66/66157.htm		
青花引__qupu123-299802.txt	青花引	qupu123	https://www.qupu123.com/jipu/p299802.html	分类/记谱	
青花赋__qupu123-282376.txt	青花赋	qupu123	https://www.qupu123.com/minge/sanzi/p282376.html	分类/民歌	
青花（吴文峰词 何永志曲）__qupu123-81984.txt	青花	qupu123	https://www.qupu123.com/minge/erziyixia/p81984.html	分类/民歌	
顺时针.txt	顺时针	jianpucn	http://www.jianpu.cn/pu/54/54136.htm		
领悟（李宗盛.txt	领悟（李宗盛	qupu123			
风_告诉我.txt	风 告诉我	jianpucn	http://www.jianpu.cn/pu/25/251976.htm		
风中有朵雨做的云_歌曲类.txt	风中有朵雨做的云 歌曲类	jianpucn	http://www.jianpu.cn/pu/64/64046.htm		
风中有朵雨做的云降B调不转调伴奏.txt	风中有朵雨做的云降B调不转调伴奏	jianpucn	http://www.jianpu.cn/pu/45/453124.htm		
风华十五栽.txt	风华十五栽	jianpucn	http://www.jianpu.cn/pu/47/475859.htm		
风是我回忆的方向.txt	风是我回忆的方向	jianpucn	http://www.jianpu.cn/pu/25/251977.htm		
风柜来的人.txt	风柜来的人	jianpucn	http://www.jianpu.cn/pu/26/264854.htm		
风沙胡杨林.txt	风沙胡杨林	jianpucn	http://www.jianpu.cn/pu/47/475809.htm		
风筝_歌曲类.txt	风筝 歌曲类	jianpucn	http://www.jianpu.cn/pu/11/115286.htm		
飘雪.txt	飘雪	qupu123	https://www.qupu123.com/yuanchuang/p353556.html	分类/原创	
飞的理由.txt	飞的理由	jianpucn	http://www.jianpu.cn/pu/61/61328.htm		
飞翔吧，鸽子.txt	飞翔吧，鸽子	jianpucn	http://www.jianpu.cn/pu/16/162457.htm		
马帮情歌.txt	马帮情歌	jianpucn	http://www.jianpu.cn/pu/82/82888.htm		
骑单车的女孩.txt	骑单车的女孩	qupu123	https://www.qupu123.com/yuanchuang/p356545.html	分类/原创	
高原传奇.txt	高原传奇	jianpucn	http://www.jianpu.cn/pu/28/284954.htm		
高原月.txt	高原月	jianpucn	http://www.jianpu.cn/pu/55/55286.htm		
高歌唱边关.txt	高歌唱边关	jianpucn	http://www.jianpu.cn/pu/47/472548.htm		
鬼迷心窍.txt	鬼迷心窍	jianpucn	http://www.jianpu.cn/pu/59/59134.htm		
魔幻季节_歌曲类.txt	魔幻季节 歌曲类	jianpucn	http://www.jianpu.cn/pu/64/64175.htm		
黄河。长河.txt	黄河。长河	jianpucn	http://www.jianpu.cn/pu/74/74190.htm		
黄河口之恋（李红林.txt	黄河口之恋（李红林	qupu123			
黄河小浪底.txt	黄河小浪底	jianpucn	http://www.jianpu.cn/pu/29/294785.htm		
黄河放歌.txt	黄河放歌	jianpucn	http://www.jianpu.cn/pu/12/121916.htm		
黄河放歌_2.txt	黄河放歌	jianpucn	http://www.jianpu.cn/pu/40/407910.htm		
黄河母亲河.txt	黄河母亲河	jianpucn	http://www.jianpu.cn/pu/16/163626.htm		
黄河母亲的河.txt	黄河母亲的河	jianpucn	http://www.jianpu.cn/pu/33/33522.htm		
黄河长江.txt	黄河长江	jianpucn	http://www.jianpu.cn/pu/32/32304.htm		
黄鸟.txt	黄鸟	qupu123	https://www.qupu123.com/waiguo/waiwen/p375492.html	分类/外国歌曲	
黑暗中的漫舞.txt	黑暗中的漫舞	jianpucn	http://www.jianpu.cn/pu/20/204934.htm		
黑暗的沉思.txt	黑暗的沉思	jianpucn	http://www.jianpu.cn/pu/47/475684.htm		
黑雨.txt	黑雨	jianpucn	http://www.jianpu.cn/pu/41/41914.htm		
默读伤悲.txt	默读伤悲	jianpucn	http://www.jianpu.cn/pu/34/34769.htm		
龙之歌（.txt	龙之歌（	qupu123			
龙行天下（.txt	龙行天下（	qupu123			
