file	title	source	proposed_tag	conf	evidence
101.txt	101	jianpucn-150657		0.0	jianpucn 站点没有流派分类(只有字数分类)
49-03-Overjoyed_-C-_固定调.txt	49-03-Overjoyed -C- 固定调	qupu123-359349	分类/记谱	0.0	qupu123 栏目 jipu(置信度不足)
49-07-Yesterday_-F-_首调.txt	49-07-Yesterday -F- 首调	qupu123-360948	分类/记谱	0.0	qupu123 栏目 jipu(置信度不足)
49-39-Hey_Jude_-F-_首调.txt	49-39-Hey Jude -F- 首调	qupu123-360774	分类/记谱	0.0	qupu123 栏目 jipu(置信度不足)
ANDY_歌曲类.txt	ANDY 歌曲类	jianpucn-64785		0.0	jianpucn 站点没有流派分类(只有字数分类)
ASK.txt	ASK	jianpucn-61257		0.0	jianpucn 站点没有流派分类(只有字数分类)
A_Mour.txt	A Mour	jianpucn-50291		0.0	jianpucn 站点没有流派分类(只有字数分类)
Amazing_grace.txt	Amazing grace	qupu123-353273	分类/记谱	0.0	qupu123 栏目 jipu(置信度不足)
Angel.txt	Angel	jianpucn-60926		0.0	jianpucn 站点没有流派分类(只有字数分类)
Beautiful_歌曲类.txt	Beautiful 歌曲类	jianpucn-64783		0.0	jianpucn 站点没有流派分类(只有字数分类)
Because_of_You.txt	Because_of_You	qupu123-378214	分类/外国歌曲	0.0	qupu123 栏目 waiguo(置信度不足)
Better_man_歌曲类.txt	Better man 歌曲类	jianpucn-64782		0.0	jianpucn 站点没有流派分类(只有字数分类)
Black欧谱斯.txt	Black欧谱斯	jianpucn-109480		0.0	jianpucn 站点没有流派分类(只有字数分类)
Blue_Berry_Hill_鸟饭树山.txt	Blue_Berry_Hill_鸟饭树山	qupu123-375493	分类/外国歌曲	0.0	qupu123 栏目 waiguo(置信度不足)
Danny_Boy（小野丽莎.txt	Danny Boy（小野丽莎	qupu123-318427	分类/记谱	0.0	qupu123 栏目 jipu(置信度不足)
Flying_To_The_Moon.txt	Flying To The Moon	jianpucn-60736		0.0	jianpucn 站点没有流派分类(只有字数分类)
Funny_Face_歌曲类.txt	Funny Face 歌曲类	jianpucn-64780		0.0	jianpucn 站点没有流派分类(只有字数分类)
Here_We_are.txt	Here We are	jianpucn-61281		0.0	jianpucn 站点没有流派分类(只有字数分类)
Hey!Lover.txt	Hey!Lover	jianpucn-60439		0.0	jianpucn 站点没有流派分类(只有字数分类)
Hey_Hah.txt	Hey Hah	jianpucn-58775		0.0	jianpucn 站点没有流派分类(只有字数分类)
Honey_Honey.txt	Honey Honey	jianpucn-437686		0.0	jianpucn 站点没有流派分类(只有字数分类)
K歌之王.txt	k歌之王	jianpujia-14936		0.0	jianpujia 页面分类需联网取(见 --fetch-jianpujia)
LEAVE_歌曲类.txt	LEAVE 歌曲类	jianpucn-64749		0.0	jianpucn 站点没有流派分类(只有字数分类)
Make_a_Wish.txt	Make a Wish	jianpucn-61289		0.0	jianpucn 站点没有流派分类(只有字数分类)
Moon_River.txt	Moon River	qupu123-270467	分类/外国歌曲	0.0	qupu123 栏目 waiguo(置信度不足)
My_Heart_Will_Go_On.txt	My Heart Will Go On	qupu123-270323	分类/外国歌曲	0.0	qupu123 栏目 waiguo(置信度不足)
OVER_THE_RAINBOW）.txt	OVER THE RAINBOW）	qupu123-39751		0.0	qupu123 站点没有流派分类(只有字数分类)
Piano.txt	Piano	jianpucn-61235		0.0	jianpucn 站点没有流派分类(只有字数分类)
Show_Up.txt	Show Up	jianpucn-58767		0.0	jianpucn 站点没有流派分类(只有字数分类)
Sometimes_love_just_aint_enough.txt	Sometimes love just aint enough	jianpucn-83450		0.0	jianpucn 站点没有流派分类(只有字数分类)
Sophia.txt	Sophia	jianpucn-61271		0.0	jianpucn 站点没有流派分类(只有字数分类)
Stefanie.txt	Stefanie	jianpucn-34741		0.0	jianpucn 站点没有流派分类(只有字数分类)
Super_Star.txt	Super Star	jianpucn-59329		0.0	jianpucn 站点没有流派分类(只有字数分类)
THE_MOMENT_歌曲类.txt	THE MOMENT 歌曲类	jianpucn-64727		0.0	jianpucn 站点没有流派分类(只有字数分类)
Take_Me_To_Your_Heart（吻别）.txt	Take Me To Your Heart（吻别）	qupu123-384518	分类/谱友上传	0.76	qupu123 栏目 puyou(https://www.qupu123.com/puyou/shangchuan/p384518.html)
The_Sound_of_Silence（.txt	The Sound of Silence（	qupu123-360185	分类/谱友上传	0.76	qupu123 栏目 puyou(https://www.qupu123.com/puyou/shangchuan/p360185.html)
This_is.txt	This is	jianpucn-61239		0.0	jianpucn 站点没有流派分类(只有字数分类)
Wake_UP.txt	Wake UP	jianpucn-60491		0.0	jianpucn 站点没有流派分类(只有字数分类)
We_will_get_there.txt	We will get there	jianpucn-63216		0.0	jianpucn 站点没有流派分类(只有字数分类)
《喝烧酒，吼秦腔》.txt	《喝烧酒，吼秦腔》	jianpucn-149513		0.0	jianpucn 站点没有流派分类(只有字数分类)
《想你,零点零一分》.txt	《想你,零点零一分》	jianpucn-130113		0.0	jianpucn 站点没有流派分类(只有字数分类)
《抱きしめて》.txt	《抱きしめて》	qupu123-377699	分类/外国歌曲	0.0	qupu123 栏目 waiguo(置信度不足)
《祖国为你唱支歌》.txt	《祖国为你唱支歌》	jianpucn-179377		0.0	jianpucn 站点没有流派分类(只有字数分类)
《蝶恋花_答李淑一》.txt	《蝶恋花 答李淑一》	jianpucn-284451		0.0	jianpucn 站点没有流派分类(只有字数分类)
【日】真夏の果実（盛夏的果实）.txt	【日】真夏の果実（盛夏的果实）	qupu123-323610	分类/记谱	0.0	qupu123 栏目 jipu(置信度不足)
一丝不挂.txt	一丝不挂	jianpucn-133511		0.0	jianpucn 站点没有流派分类(只有字数分类)
一个人.txt	一个人	jianpucn-86378		0.0	jianpucn 站点没有流派分类(只有字数分类)
一个爱上浪漫的人.txt	一个爱上浪漫的人	jianpucn-38545		0.0	jianpucn 站点没有流派分类(只有字数分类)
一切就在转眼之间（）.txt	一切就在转眼之间（）	qupu123-313619		0.0	qupu123 站点没有流派分类(只有字数分类)
一声叹息.txt	一声叹息	jianpucn-278123		0.0	jianpucn 站点没有流派分类(只有字数分类)
一夜长大.txt	一夜长大	jianpucn-312594		0.0	jianpucn 站点没有流派分类(只有字数分类)
一带一路歌.txt	一带一路歌	jianpucn-333386		0.0	jianpucn 站点没有流派分类(只有字数分类)
一带一路过我家.txt	一带一路过我家	qupu123-371313	分类/美声	0.87	qupu123 栏目 meisheng(https://www.qupu123.com/meisheng/qizi/p371313.html)
一念暖阳.txt	一念暖阳	jianpucn-475807		0.0	jianpucn 站点没有流派分类(只有字数分类)
一河冰川水.txt	一河冰川水	jianpucn-156886		0.0	jianpucn 站点没有流派分类(只有字数分类)
一点光一点亮.txt	一点光一点亮	jianpucn-89344		0.0	jianpucn 站点没有流派分类(只有字数分类)
一生只爱你（陈天明.txt	一生只爱你（陈天明	qupu123-335503		0.0	qupu123 站点没有流派分类(只有字数分类)
一生有多少个明天.txt	一生有多少个明天	qupu123-369991	分类/美声	0.87	qupu123 栏目 meisheng(https://www.qupu123.com/meisheng/bazi/p369991.html)
一百年.txt	一百年	jianpucn-208496		0.0	jianpucn 站点没有流派分类(只有字数分类)
一盏心灯.txt	一盏心灯	jianpucn-276279		0.0	jianpucn 站点没有流派分类(只有字数分类)
一荤一素.txt	一荤一素	qupu123-351637	分类/记谱	0.0	qupu123 栏目 jipu(置信度不足)
一起看月亮.txt	一起看月亮	jianpucn-158664		0.0	jianpucn 站点没有流派分类(只有字数分类)
一起走过.txt	一起走过	qupu123-369982	分类/通俗歌曲	0.76	qupu123 栏目 tongsu(https://www.qupu123.com/tongsu/sizi/p369982.html)
一起走过的日子.txt	一起走过的日子	qupu123-364116	分类/记谱	0.0	qupu123 栏目 jipu(置信度不足)
一路上有你.txt	一路上有你	qupu123-361869	分类/原创	0.0	qupu123 栏目 yuanchuang(置信度不足)
一路相伴.txt	一路相伴	jianpucn-27476		0.0	jianpucn 站点没有流派分类(只有字数分类)
一首情歌.txt	一首情歌	jianpucn-89326		0.0	jianpucn 站点没有流派分类(只有字数分类)
丁香花（袁浩.txt	丁香花（袁浩	qupu123-336145	分类/原创	0.0	qupu123 栏目 yuanchuang(置信度不足)
万众仰望一帅星.txt	万众仰望一帅星	jianpucn-291720		0.0	jianpucn 站点没有流派分类(只有字数分类)
三寸日光.txt	三寸日光	jianpucn-119560		0.0	jianpucn 站点没有流派分类(只有字数分类)
三秦放歌.txt	三秦放歌	jianpucn-191107		0.0	jianpucn 站点没有流派分类(只有字数分类)
上一道坡下一道梁.txt	上一道坡下一道梁	jianpucn-203319		0.0	jianpucn 站点没有流派分类(只有字数分类)
上传《问楼兰》.txt	上传《问楼兰》	jianpucn-150302		0.0	jianpucn 站点没有流派分类(只有字数分类)
上学歌.txt	上学歌	qupu123-354511	分类/记谱	0.0	qupu123 栏目 jipu(置信度不足)
上昆崙.txt	上昆崙	jianpucn-223890		0.0	jianpucn 站点没有流派分类(只有字数分类)
上春山.txt	上春山	qinyipu-377784		0.0	qinyipu 站点没有流派分类(只有字数分类)
上林_十分红.txt	上林 十分红	jianpucn-261176		0.0	jianpucn 站点没有流派分类(只有字数分类)
上林春色十分红.txt	上林春色十分红	jianpucn-261082		0.0	jianpucn 站点没有流派分类(只有字数分类)
上海人&nbsp;&nbsp;.txt	上海人	jianpucn-475629		0.0	jianpucn 站点没有流派分类(只有字数分类)
上海人.txt	上海人	jianpucn-475629		0.0	jianpucn 站点没有流派分类(只有字数分类)
上海滩.txt	上海滩	qupu123-374539	分类/谱友上传	0.76	qupu123 栏目 puyou(https://www.qupu123.com/puyou/shangchuan/p374539.html)
下雨的时候会想你_歌曲类.txt	下雨的时候会想你 歌曲类	jianpucn-113971		0.0	jianpucn 站点没有流派分类(只有字数分类)
下雪.txt	下雪	jianpucn-89385		0.0	jianpucn 站点没有流派分类(只有字数分类)
不不不.txt	不不不	jianpucn-286798		0.0	jianpucn 站点没有流派分类(只有字数分类)
不到天荒情不老.txt	不到天荒情不老	jianpucn-272404		0.0	jianpucn 站点没有流派分类(只有字数分类)
不同_歌曲类.txt	不同 歌曲类	jianpucn-64593		0.0	jianpucn 站点没有流派分类(只有字数分类)
不如归去.txt	不如归去	jianpucn-432656		0.0	jianpucn 站点没有流派分类(只有字数分类)
不如这样.txt	不如这样	jianpucn-63136		0.0	jianpucn 站点没有流派分类(只有字数分类)
不如重新开始.txt	不如重新开始	jianpucn-51000		0.0	jianpucn 站点没有流派分类(只有字数分类)
不必在乎我是谁1.txt	不必在乎我是谁1	jianpucn-34193		0.0	jianpucn 站点没有流派分类(只有字数分类)
不必在乎我是谁_歌曲类.txt	不必在乎我是谁 歌曲类	jianpucn-64600		0.0	jianpucn 站点没有流派分类(只有字数分类)
不想睡.txt	不想睡	jianpucn-313427		0.0	jianpucn 站点没有流派分类(只有字数分类)
不消失的回忆.txt	不消失的回忆	jianpucn-402899		0.0	jianpucn 站点没有流派分类(只有字数分类)
不潮不用花钱.txt	不潮不用花钱	unknown		0.0	unknown 站点没有流派分类(只有字数分类)
不然你要我怎么样.txt	不然你要我怎么样	jianpucn-118658		0.0	jianpucn 站点没有流派分类(只有字数分类)
不能不爱你.txt	不能不爱你	jianpucn-159211		0.0	jianpucn 站点没有流派分类(只有字数分类)
不能和你一起.txt	不能和你一起	jianpucn-34188		0.0	jianpucn 站点没有流派分类(只有字数分类)
不能和你一起2.txt	不能和你一起2	jianpucn-34189		0.0	jianpucn 站点没有流派分类(只有字数分类)
不能和你在一起_歌曲类.txt	不能和你在一起 歌曲类	jianpucn-64595		0.0	jianpucn 站点没有流派分类(只有字数分类)
不舍不弃.txt	不舍不弃	jianpucn-51573		0.0	jianpucn 站点没有流派分类(只有字数分类)
不要什么事都往心里搁.txt	不要什么事都往心里搁	qupu123-370589	分类/通俗歌曲	0.76	qupu123 栏目 tongsu(https://www.qupu123.com/tongsu/jiuziyishang/p370589.html)
不要忘了你是谁.txt	不要忘了你是谁	qupu123-370595	分类/美声	0.87	qupu123 栏目 meisheng(https://www.qupu123.com/meisheng/qizi/p370595.html)
不要说话.txt	不要说话	jianpucn-132190		0.0	jianpucn 站点没有流派分类(只有字数分类)
不要问为什么.txt	不要问为什么	jianpucn-36076		0.0	jianpucn 站点没有流派分类(只有字数分类)
不见不散.txt	不见不散	qupu123-305332	分类/通俗歌曲	0.76	qupu123 栏目 tongsu(https://www.qupu123.com/tongsu/sizi/p305332.html)
不让你看到我的泪.txt	不让你看到我的泪	jianpucn-251973		0.0	jianpucn 站点没有流派分类(只有字数分类)
不该用情.txt	不该用情	qupu123-371205	分类/通俗歌曲	0.76	qupu123 栏目 tongsu(https://www.qupu123.com/tongsu/sizi/p371205.html)
与世界联网.txt	与世界联网	jianpucn-118680		0.0	jianpucn 站点没有流派分类(只有字数分类)
与你走过的老路（）.txt	与你走过的老路（）	qupu123-394890	分类/记谱	0.0	qupu123 栏目 jipu(置信度不足)
与我常在_chord_and_solo.txt	与我常在 chord and solo	jianpucn-213352		0.0	jianpucn 站点没有流派分类(只有字数分类)
世界之巅_（.txt	世界之巅 （	jianpucn-109441		0.0	jianpucn 站点没有流派分类(只有字数分类)
世界末日（.txt	世界末日（	jianpucn-109442		0.0	jianpucn 站点没有流派分类(只有字数分类)
世间始终你好_2.txt	世间始终你好	qupu123-285065	分类/记谱	0.0	qupu123 栏目 jipu(置信度不足)
东北秧歌：单掏花.txt	东北秧歌：单掏花	jianpucn-163603		0.0	jianpucn 站点没有流派分类(只有字数分类)
东北秧歌：春秀.txt	东北秧歌：春秀	jianpucn-163604		0.0	jianpucn 站点没有流派分类(只有字数分类)
东北秧歌：秧歌会.txt	东北秧歌：秧歌会	jianpucn-163605		0.0	jianpucn 站点没有流派分类(只有字数分类)
东北秧歌：稳相.txt	东北秧歌：稳相	jianpucn-163609		0.0	jianpucn 站点没有流派分类(只有字数分类)
东北秧歌：跳吧.txt	东北秧歌：跳吧	jianpucn-163606		0.0	jianpucn 站点没有流派分类(只有字数分类)
东北秧歌：送粮车队.txt	东北秧歌：送粮车队	jianpucn-163610		0.0	jianpucn 站点没有流派分类(只有字数分类)
东北秧歌：闹秧歌.txt	东北秧歌：闹秧歌	jianpucn-163608		0.0	jianpucn 站点没有流派分类(只有字数分类)
东方之珠.txt	东方之珠	jianpucn-36517		0.0	jianpucn 站点没有流派分类(只有字数分类)
东方半点心_歌曲类.txt	东方半点心 歌曲类	jianpucn-115332		0.0	jianpucn 站点没有流派分类(只有字数分类)
东方女孩.txt	东方女孩	jianpucn-45923		0.0	jianpucn 站点没有流派分类(只有字数分类)
东营，美丽的家乡.txt	东营，美丽的家乡	jianpucn-118699		0.0	jianpucn 站点没有流派分类(只有字数分类)
东辰之歌.txt	东辰之歌	jianpucn-120292		0.0	jianpucn 站点没有流派分类(只有字数分类)
丝绸之路_2.txt	丝绸之路	qupu123-333434	分类/民歌	0.93	qupu123 栏目 minge(https://www.qupu123.com/minge/sizi/p333434.html)
丝路_歌曲类.txt	丝路 歌曲类	jianpucn-115070		0.0	jianpucn 站点没有流派分类(只有字数分类)
两个人的幸运.txt	两个人的幸运	jianpucn-36605		0.0	jianpucn 站点没有流派分类(只有字数分类)
个人秘密.txt	个人秘密	jianpucn-85703		0.0	jianpucn 站点没有流派分类(只有字数分类)
丫头.txt	丫头	jianpucn-73783		0.0	jianpucn 站点没有流派分类(只有字数分类)
中华你我他.txt	中华你我他	jianpucn-475805		0.0	jianpucn 站点没有流派分类(只有字数分类)
中华民族.txt	中华民族	jianpucn-248338		0.0	jianpucn 站点没有流派分类(只有字数分类)
中国不可阻挡.txt	中国不可阻挡	jianpucn-448140		0.0	jianpucn 站点没有流派分类(只有字数分类)
中国信心.txt	中国信心	qupu123-373398	分类/民歌	0.93	qupu123 栏目 minge(https://www.qupu123.com/minge/sizi/p373398.html)
中国大舞台.txt	中国大舞台	jianpucn-437292		0.0	jianpucn 站点没有流派分类(只有字数分类)
中国大舞合.txt	中国大舞合	jianpucn-121018		0.0	jianpucn 站点没有流派分类(只有字数分类)
中国好运.txt	中国好运	jianpucn-40277		0.0	jianpucn 站点没有流派分类(只有字数分类)
中国应急救援之歌.txt	中国应急救援之歌	jianpucn-436738		0.0	jianpucn 站点没有流派分类(只有字数分类)
中国忘不了你.txt	中国忘不了你	jianpucn-437729		0.0	jianpucn 站点没有流派分类(只有字数分类)
中国新时代.txt	中国新时代	qupu123-370105	分类/合唱	0.93	qupu123 栏目 hechang(https://www.qupu123.com/hechang/wuzi/p370105.html)
中国无穷.txt	中国无穷	jianpucn-127938		0.0	jianpucn 站点没有流派分类(只有字数分类)
中国是我们每一个.txt	中国是我们每一个	jianpucn-151099		0.0	jianpucn 站点没有流派分类(只有字数分类)
中国朝前走.txt	中国朝前走	qupu123-370206	分类/合唱	0.93	qupu123 栏目 hechang(https://www.qupu123.com/hechang/wuzi/p370206.html)
中国禧福祥.txt	中国禧福祥	jianpucn-407800		0.0	jianpucn 站点没有流派分类(只有字数分类)
中秋情.txt	中秋情	jianpucn-475610		0.0	jianpucn 站点没有流派分类(只有字数分类)
中秋情_&nbsp;&nbsp;.txt	中秋情	jianpucn-475610		0.0	jianpucn 站点没有流派分类(只有字数分类)
丰收中国年.txt	丰收中国年	jianpucn-475381		0.0	jianpucn 站点没有流派分类(只有字数分类)
为了家园更美好.txt	为了家园更美好	jianpucn-188726		0.0	jianpucn 站点没有流派分类(只有字数分类)
为你歌唱.txt	为你歌唱	qupu123-370216	分类/通俗歌曲	0.76	qupu123 栏目 tongsu(https://www.qupu123.com/tongsu/sizi/p370216.html)
为共和国尽忠，为老百姓尽孝.txt	为共和国尽忠，为老百姓尽孝	jianpucn-134769		0.0	jianpucn 站点没有流派分类(只有字数分类)
为我好.txt	为我好	jianpucn-85491		0.0	jianpucn 站点没有流派分类(只有字数分类)
乡下亲戚.txt	乡下亲戚	jianpucn-33679		0.0	jianpucn 站点没有流派分类(只有字数分类)
乡姿.txt	乡姿	jianpucn-306106		0.0	jianpucn 站点没有流派分类(只有字数分类)
乡愁四韵.txt	乡愁四韵	jianpucn-6128		0.0	jianpucn 站点没有流派分类(只有字数分类)
云台蝴蝶.txt	云台蝴蝶	jianpucn-475816		0.0	jianpucn 站点没有流派分类(只有字数分类)
五百年窑火.txt	五百年窑火	jianpucn-31781		0.0	jianpucn 站点没有流派分类(只有字数分类)
亚细亚的孤儿.txt	亚细亚的孤儿	jianpucn-120924		0.0	jianpucn 站点没有流派分类(只有字数分类)
京歌《我爱你中国）.txt	京歌《我爱你中国）	qupu123-370522	分类/通俗歌曲	0.76	qupu123 栏目 tongsu(https://www.qupu123.com/tongsu/jiuziyishang/p370522.html)
亭亭.txt	亭亭	jianpucn-472723		0.0	jianpucn 站点没有流派分类(只有字数分类)
亲亲.txt	亲亲	jianpucn-54881		0.0	jianpucn 站点没有流派分类(只有字数分类)
亲人子弟兵.txt	亲人子弟兵	jianpucn-475922		0.0	jianpucn 站点没有流派分类(只有字数分类)
亲吻祖国.txt	亲吻祖国	qupu123-370248	分类/民歌	0.93	qupu123 栏目 minge(https://www.qupu123.com/minge/sizi/p370248.html)
亲情无价.txt	亲情无价	qupu123-362755	分类/原创	0.0	qupu123 栏目 yuanchuang(置信度不足)
亲爱的我要去飞行.txt	亲爱的我要去飞行	jianpucn-124714		0.0	jianpucn 站点没有流派分类(只有字数分类)
亲爱的爸爸（陆有良.txt	亲爱的爸爸（陆有良	qupu123-332645		0.0	qupu123 站点没有流派分类(只有字数分类)
人民是江山.txt	人民是江山	qupu123-370089	分类/合唱	0.93	qupu123 栏目 hechang(https://www.qupu123.com/hechang/wuzi/p370089.html)
人生何处不相逢.txt	人生何处不相逢	qupu123-365070	分类/记谱	0.0	qupu123 栏目 jipu(置信度不足)
人生咏叹调.txt	人生咏叹调	jianpucn-475811		0.0	jianpucn 站点没有流派分类(只有字数分类)
人生是太阳.txt	人生是太阳	jianpucn-125902		0.0	jianpucn 站点没有流派分类(只有字数分类)
人生第一次.txt	人生第一次	jianpucn-40542		0.0	jianpucn 站点没有流派分类(只有字数分类)
人间共鸣.txt	人间共鸣	jianpucn-475894		0.0	jianpucn 站点没有流派分类(只有字数分类)
人鬼情未了.txt	人鬼情未了	jianpucn-109475		0.0	jianpucn 站点没有流派分类(只有字数分类)
今夜你会不会来.txt	今夜你会不会来	qupu123-351987	分类/原创	0.0	qupu123 栏目 yuanchuang(置信度不足)
今夜无酒也醉.txt	今夜无酒也醉	jianpucn-130380		0.0	jianpucn 站点没有流派分类(只有字数分类)
今天_你如此精神.txt	今天_你如此精神	qupu123-334077		0.0	qupu123 站点没有流派分类(只有字数分类)
今天真好.txt	今天真好	jianpucn-475818		0.0	jianpucn 站点没有流派分类(只有字数分类)
今日的中国人.txt	今日的中国人	jianpucn-121569		0.0	jianpucn 站点没有流派分类(只有字数分类)
今生不再.txt	今生不再	jianpucn-475846		0.0	jianpucn 站点没有流派分类(只有字数分类)
今生难得有情人（郭峰.txt	今生难得有情人（郭峰	qupu123-199784	分类/记谱	0.0	qupu123 栏目 jipu(置信度不足)
从头开始.txt	从头开始	jianpucn-188178		0.0	jianpucn 站点没有流派分类(只有字数分类)
从小小我就爱上你.txt	从小小我就爱上你	qupu123-369952	分类/美声	0.87	qupu123 栏目 meisheng(https://www.qupu123.com/meisheng/bazi/p369952.html)
从来没有想过这样道别离.txt	从来没有想过这样道别离	jianpucn-143473		0.0	jianpucn 站点没有流派分类(只有字数分类)
从现在开始思念你.txt	从现在开始思念你	jianpucn-120518		0.0	jianpucn 站点没有流派分类(只有字数分类)
他一定很爱你-扫描谱.txt	他一定很爱你-扫描谱	jianpucn-172133		0.0	jianpucn 站点没有流派分类(只有字数分类)
他一定很爱你.txt	他一定很爱你	jianpucn-90255		0.0	jianpucn 站点没有流派分类(只有字数分类)
他不定很爱你_歌曲类.txt	他不定很爱你 歌曲类	jianpucn-114119		0.0	jianpucn 站点没有流派分类(只有字数分类)
他不爱我.txt	他不爱我	jianpucn-349803		0.0	jianpucn 站点没有流派分类(只有字数分类)
他的故事.txt	他的故事	jianpucn-148057		0.0	jianpucn 站点没有流派分类(只有字数分类)
仗仗打得赢.txt	仗仗打得赢	jianpucn-31446		0.0	jianpucn 站点没有流派分类(只有字数分类)
伊人何处.txt	伊人何处	jianpucn-35453		0.0	jianpucn 站点没有流派分类(只有字数分类)
伊犁河的月夜.txt	伊犁河的月夜	jianpucn-442958		0.0	jianpucn 站点没有流派分类(只有字数分类)
伤了你的心的我伤心.txt	伤了你的心的我伤心	jianpucn-68893		0.0	jianpucn 站点没有流派分类(只有字数分类)
伤了你的心的我的伤心.txt	伤了你的心的我的伤心	jianpucn-239036		0.0	jianpucn 站点没有流派分类(只有字数分类)
伤了你的心的我的心.txt	伤了你的心的我的心	jianpucn-53467		0.0	jianpucn 站点没有流派分类(只有字数分类)
伤心的哭.txt	伤心的哭	qupu123-370665	分类/通俗歌曲	0.76	qupu123 栏目 tongsu(https://www.qupu123.com/tongsu/sizi/p370665.html)
伤心证明书.txt	伤心证明书	jianpucn-266188		0.0	jianpucn 站点没有流派分类(只有字数分类)
伤痕_歌曲类.txt	伤痕 歌曲类	jianpucn-114164		0.0	jianpucn 站点没有流派分类(只有字数分类)
伴我.txt	伴我	jianpucn-473477		0.0	jianpucn 站点没有流派分类(只有字数分类)
但愿岁月可回首（.txt	但愿岁月可回首（	qupu123-336078		0.0	qupu123 站点没有流派分类(只有字数分类)
住在我心中的那个你.txt	住在我心中的那个你	qupu123-369983	分类/美声	0.87	qupu123 栏目 meisheng(https://www.qupu123.com/meisheng/jiuziyishang/p369983.html)
何以在乎我是谁.txt	何以在乎我是谁	jianpucn-39129		0.0	jianpucn 站点没有流派分类(只有字数分类)
作战_歌曲类.txt	作战 歌曲类	jianpucn-114776		0.0	jianpucn 站点没有流派分类(只有字数分类)
你会不会.txt	你会不会	jianpucn-222149		0.0	jianpucn 站点没有流派分类(只有字数分类)
你听海是不是在笑.txt	你听海是不是在笑	jianpucn-157319		0.0	jianpucn 站点没有流派分类(只有字数分类)
你和我们在一起.txt	你和我们在一起	jianpucn-31984		0.0	jianpucn 站点没有流派分类(只有字数分类)
你在我心中（.txt	你在我心中（	qupu123-334918		0.0	qupu123 站点没有流派分类(只有字数分类)
你好！春天.txt	你好！春天	jianpucn-189565		0.0	jianpucn 站点没有流派分类(只有字数分类)
你就像个小孩_歌曲类.txt	你就像个小孩 歌曲类	jianpucn-114279		0.0	jianpucn 站点没有流派分类(只有字数分类)
你属我心.txt	你属我心	qupu123-375500	分类/外国歌曲	0.0	qupu123 栏目 waiguo(置信度不足)
你怎么会这样离开我.txt	你怎么会这样离开我	jianpucn-86534		0.0	jianpucn 站点没有流派分类(只有字数分类)
你怎么舍得我难过_歌曲类.txt	你怎么舍得我难过 歌曲类	jianpucn-114255		0.0	jianpucn 站点没有流派分类(只有字数分类)
你是一个好人（）.txt	你是一个好人（）	qupu123-313620		0.0	qupu123 站点没有流派分类(只有字数分类)
你是如此美丽.txt	你是如此美丽	jianpucn-109487		0.0	jianpucn 站点没有流派分类(只有字数分类)
你是我一生不变的爱.txt	你是我一生不变的爱	qupu123-350139	分类/原创	0.0	qupu123 栏目 yuanchuang(置信度不足)
你是我不该靠近的人.txt	你是我不该靠近的人	jianpucn-38437		0.0	jianpucn 站点没有流派分类(只有字数分类)
你是我心里最爱的最爱（.txt	你是我心里最爱的最爱（	qupu123-334175		0.0	qupu123 站点没有流派分类(只有字数分类)
你是我的唯一（巴秀拉.txt	你是我的唯一（巴秀拉	qupu123-334458		0.0	qupu123 站点没有流派分类(只有字数分类)
你是我的阳光.txt	你是我的阳光	jianpucn-109488		0.0	jianpucn 站点没有流派分类(只有字数分类)
你爱你_中国.txt	你爱你 中国	jianpucn-473230		0.0	jianpucn 站点没有流派分类(只有字数分类)
你的样子_歌曲类.txt	你的样子 歌曲类	jianpucn-64140		0.0	jianpucn 站点没有流派分类(只有字数分类)
你的眼泪.txt	你的眼泪	jianpucn-49717		0.0	jianpucn 站点没有流派分类(只有字数分类)
你的背包.txt	你的背包	jianpucn-36870		0.0	jianpucn 站点没有流派分类(只有字数分类)
你看你看月亮的脸_歌曲类.txt	你看你看月亮的脸 歌曲类	jianpucn-114278		0.0	jianpucn 站点没有流派分类(只有字数分类)
你究竟有几个好妹妹.txt	你究竟有几个好妹妹	jianpucn-40758		0.0	jianpucn 站点没有流派分类(只有字数分类)
你笑起来真好看.txt	你笑起来真好看	qupu123-356170	分类/记谱	0.0	qupu123 栏目 jipu(置信度不足)
你给我的爱不是爱.txt	你给我的爱不是爱	jianpucn-306577		0.0	jianpucn 站点没有流派分类(只有字数分类)
你能让我上天入地.txt	你能让我上天入地	jianpucn-120516		0.0	jianpucn 站点没有流派分类(只有字数分类)
你让世界从此不同.txt	你让世界从此不同	jianpucn-161674		0.0	jianpucn 站点没有流派分类(只有字数分类)
俄克拉何马.txt	俄克拉何马	qupu123-375488	分类/外国歌曲	0.0	qupu123 栏目 waiguo(置信度不足)
信天游再唱东方红.txt	信天游再唱东方红	jianpucn-31028		0.0	jianpucn 站点没有流派分类(只有字数分类)
倩女幽魂（陈晓东.txt	倩女幽魂（陈晓东	qupu123-108730	分类/记谱	0.0	qupu123 栏目 jipu(置信度不足)
倾听春天—2013年文化部春节歌舞晚会开场节目.txt	倾听春天—2013年文化部春节歌舞晚会开场节目	jianpucn-163937		0.0	jianpucn 站点没有流派分类(只有字数分类)
倾心的相遇.txt	倾心的相遇	qupu123-368412	分类/记谱	0.0	qupu123 栏目 jipu(置信度不足)
假如让我吻下去.txt	假如让我吻下去	jianpucn-33972		0.0	jianpucn 站点没有流派分类(只有字数分类)
假装_歌曲类.txt	假装 歌曲类	jianpucn-64314		0.0	jianpucn 站点没有流派分类(只有字数分类)
做个好人.txt	做个好人	jianpucn-32964		0.0	jianpucn 站点没有流派分类(只有字数分类)
做回真正的自我.txt	做回真正的自我	qupu123-370179	分类/通俗歌曲	0.76	qupu123 栏目 tongsu(https://www.qupu123.com/tongsu/qizi/p370179.html)
偶遇-孟庭苇.txt	偶遇-孟庭苇	jianpucn-157335		0.0	jianpucn 站点没有流派分类(只有字数分类)
儿女情长.txt	儿女情长	jianpucn-442819		0.0	jianpucn 站点没有流派分类(只有字数分类)
儿童抗日歌.txt	儿童抗日歌	jianpucn-160656		0.0	jianpucn 站点没有流派分类(只有字数分类)
儿童的心思.txt	儿童的心思	qupu123-370512		0.0	qupu123 站点没有流派分类(只有字数分类)
儿行千里.txt	儿行千里	jianpucn-37333		0.0	jianpucn 站点没有流派分类(只有字数分类)
儿行千里母担忧（刘良智.txt	儿行千里母担忧（刘良智	qupu123-331962		0.0	qupu123 站点没有流派分类(只有字数分类)
兄妹.txt	兄妹	jianpucn-89285		0.0	jianpucn 站点没有流派分类(只有字数分类)
光芒.txt	光芒	jianpucn-63889		0.0	jianpucn 站点没有流派分类(只有字数分类)
光辉岁月_3.txt	光辉岁月	qupu123-339709	分类/记谱	0.0	qupu123 栏目 jipu(置信度不足)
光阴的故事_歌曲类.txt	光阴的故事 歌曲类	jianpucn-115250		0.0	jianpucn 站点没有流派分类(只有字数分类)
党啊亲爱的妈妈.txt	党啊亲爱的妈妈	jianpucn-60687		0.0	jianpucn 站点没有流派分类(只有字数分类)
党啊亲爱的妈妈红歌.txt	党啊亲爱的妈妈红歌	jianpucn-471156		0.0	jianpucn 站点没有流派分类(只有字数分类)
党教儿做一个刚强铁汉.txt	党教儿做一个刚强铁汉	qupu123-370114	分类/民歌	0.93	qupu123 栏目 minge(https://www.qupu123.com/minge/jiuziyishang/p370114.html)
八个娃娃.txt	八个娃娃	jianpucn-51797		0.0	jianpucn 站点没有流派分类(只有字数分类)
八百里河套是我家.txt	八百里河套是我家	jianpucn-31783		0.0	jianpucn 站点没有流派分类(只有字数分类)
八角树&nbsp;&nbsp;.txt	八角树	jianpucn-475601		0.0	jianpucn 站点没有流派分类(只有字数分类)
八角树.txt	八角树	jianpucn-475601		0.0	jianpucn 站点没有流派分类(只有字数分类)
共享美好时光.txt	共享美好时光	jianpucn-31297		0.0	jianpucn 站点没有流派分类(只有字数分类)
共和国之恋.txt	共和国之恋	jianpucn-462322		0.0	jianpucn 站点没有流派分类(只有字数分类)
共和国礼赞_改正版.txt	共和国礼赞 改正版	jianpucn-223695		0.0	jianpucn 站点没有流派分类(只有字数分类)
共和国选择了你.txt	共和国选择了你	jianpucn-33619		0.0	jianpucn 站点没有流派分类(只有字数分类)
共进新朝代.txt	共进新朝代	jianpucn-475839		0.0	jianpucn 站点没有流派分类(只有字数分类)
兵妈妈.txt	兵妈妈	jianpucn-37214		0.0	jianpucn 站点没有流派分类(只有字数分类)
再唱东方红.txt	再唱东方红	jianpucn-42597		0.0	jianpucn 站点没有流派分类(只有字数分类)
再唱映山红.txt	再唱映山红	qupu123-367538	分类/谱友上传	0.76	qupu123 栏目 puyou(https://www.qupu123.com/puyou/shangchuan/p367538.html)
再生恋.txt	再生恋	jianpucn-70613		0.0	jianpucn 站点没有流派分类(只有字数分类)
军港之夜.txt	军港之夜	qupu123-363061	分类/谱友上传	0.76	qupu123 栏目 puyou(https://www.qupu123.com/puyou/shangchuan/p363061.html)
农民颂.txt	农民颂	jianpucn-421978		0.0	jianpucn 站点没有流派分类(只有字数分类)
冬季到台北来看雨_歌曲类.txt	冬季到台北来看雨 歌曲类	jianpucn-114566		0.0	jianpucn 站点没有流派分类(只有字数分类)
冰雪情（言寺.txt	冰雪情（言寺	qupu123-331850	分类/记谱	0.0	qupu123 栏目 jipu(置信度不足)
准我.txt	准我	jianpucn-51254		0.0	jianpucn 站点没有流派分类(只有字数分类)
准我再一次.txt	准我再一次	jianpucn-50996		0.0	jianpucn 站点没有流派分类(只有字数分类)
凤凰汇.txt	凤凰汇	qupu123-352096	分类/记谱	0.0	qupu123 栏目 jipu(置信度不足)
凤山连厢十二月.txt	凤山连厢十二月	qupu123-371314	分类/民歌	0.93	qupu123 栏目 minge(https://www.qupu123.com/minge/qizi/p371314.html)
凹凸_歌曲类.txt	凹凸 歌曲类	jianpucn-64616		0.0	jianpucn 站点没有流派分类(只有字数分类)
分手何必又相逢.txt	分手何必又相逢	jianpucn-121919		0.0	jianpucn 站点没有流派分类(只有字数分类)
分手前的雨天.txt	分手前的雨天	jianpucn-63890		0.0	jianpucn 站点没有流派分类(只有字数分类)
分手快乐_歌曲类.txt	分手快乐 歌曲类	jianpucn-115292		0.0	jianpucn 站点没有流派分类(只有字数分类)
分手的话你终于说出口.txt	分手的话你终于说出口	qupu123-372327	分类/通俗歌曲	0.76	qupu123 栏目 tongsu(https://www.qupu123.com/tongsu/jiuziyishang/p372327.html)
分手的邂逅.txt	分手的邂逅	jianpucn-136535		0.0	jianpucn 站点没有流派分类(只有字数分类)
划龙船（周先海.txt	划龙船（周先海	qupu123-326618		0.0	qupu123 站点没有流派分类(只有字数分类)
列宁诞生.txt	列宁诞生	jianpucn-160661		0.0	jianpucn 站点没有流派分类(只有字数分类)
初吻（.txt	初吻（	qupu123-331049		0.0	qupu123 站点没有流派分类(只有字数分类)
别人的天长地久.txt	别人的天长地久	jianpucn-89318		0.0	jianpucn 站点没有流派分类(只有字数分类)
别怕我伤心_乐队类_电声乐队.txt	别怕我伤心 乐队类 电声乐队	jianpucn-111433		0.0	jianpucn 站点没有流派分类(只有字数分类)
剑出鞘.txt	剑出鞘	jianpucn-416809		0.0	jianpucn 站点没有流派分类(只有字数分类)
剑指苍天.txt	剑指苍天	jianpucn-205985		0.0	jianpucn 站点没有流派分类(只有字数分类)
剑指苍天—歼10.txt	剑指苍天—歼10	jianpucn-65666		0.0	jianpucn 站点没有流派分类(只有字数分类)
剩下的盛夏.txt	剩下的盛夏	jianpujia-15578		0.0	jianpujia 页面分类需联网取(见 --fetch-jianpujia)
加沃特舞曲.txt	加沃特舞曲	jianpucn-109478		0.0	jianpucn 站点没有流派分类(只有字数分类)
勇气_歌曲类.txt	勇气 歌曲类	jianpucn-114882		0.0	jianpucn 站点没有流派分类(只有字数分类)
勿忘父母恩（巴秀拉.txt	勿忘父母恩（巴秀拉	qupu123-334460		0.0	qupu123 站点没有流派分类(只有字数分类)
化身为海.txt	化身为海	jianpucn-131608		0.0	jianpucn 站点没有流派分类(只有字数分类)
北京_我爱你（张宏.txt	北京_我爱你（张宏	qupu123-335799		0.0	qupu123 站点没有流派分类(只有字数分类)
北大荒之恋（徐玉照.txt	北大荒之恋（徐玉照	qupu123-308793		0.0	qupu123 站点没有流派分类(只有字数分类)
北大荒我的家.txt	北大荒我的家	jianpucn-137941		0.0	jianpucn 站点没有流派分类(只有字数分类)
北山四季.txt	北山四季	jianpucn-27118		0.0	jianpucn 站点没有流派分类(只有字数分类)
十年.txt	十年	jianpujia-18165		0.0	jianpujia 页面分类需联网取(见 --fetch-jianpujia)
十年_歌曲类.txt	十年 歌曲类	jianpucn-115130		0.0	jianpucn 站点没有流派分类(只有字数分类)
十面埋伏.txt	十面埋伏	jianpucn-52660		0.0	jianpucn 站点没有流派分类(只有字数分类)
千年的新.txt	千年的新	jianpucn-252244		0.0	jianpucn 站点没有流派分类(只有字数分类)
千年的新娘.txt	千年的新娘	jianpucn-185121		0.0	jianpucn 站点没有流派分类(只有字数分类)
千年的祝福.txt	千年的祝福	jianpucn-183529		0.0	jianpucn 站点没有流派分类(只有字数分类)
千年飞山.txt	千年飞山	jianpucn-31445		0.0	jianpucn 站点没有流派分类(只有字数分类)
千秋大业.txt	千秋大业	jianpucn-273911		0.0	jianpucn 站点没有流派分类(只有字数分类)
千里乌江千里画.txt	千里乌江千里画	jianpucn-29145		0.0	jianpucn 站点没有流派分类(只有字数分类)
千里跃进大别山.txt	千里跃进大别山	jianpucn-42252		0.0	jianpucn 站点没有流派分类(只有字数分类)
半斤八两_2.txt	半斤八两	qupu123-365094	分类/记谱	0.0	qupu123 栏目 jipu(置信度不足)
半生蹉跎半生涩.txt	半生蹉跎半生涩	qupu123-396399	分类/谱友上传	0.76	qupu123 栏目 puyou(https://www.qupu123.com/puyou/shangchuan/p396399.html)
华夏的故事.txt	华夏的故事	jianpucn-28666		0.0	jianpucn 站点没有流派分类(只有字数分类)
单恋1.txt	单恋1	jianpucn-34285		0.0	jianpucn 站点没有流派分类(只有字数分类)
单恋2.txt	单恋2	jianpucn-34284		0.0	jianpucn 站点没有流派分类(只有字数分类)
单恋_歌曲类.txt	单恋 歌曲类	jianpucn-64502		0.0	jianpucn 站点没有流派分类(只有字数分类)
南半球与北海道.txt	南半球与北海道	qupu123-369888	分类/通俗歌曲	0.76	qupu123 栏目 tongsu(https://www.qupu123.com/tongsu/qizi/p369888.html)
南国母亲河.txt	南国母亲河	jianpucn-232544		0.0	jianpucn 站点没有流派分类(只有字数分类)
南太平洋.txt	南太平洋	qupu123-375481	分类/外国歌曲	0.0	qupu123 栏目 waiguo(置信度不足)
南方姑娘（赵雷.txt	南方姑娘（赵雷	qupu123-253327	分类/记谱	0.0	qupu123 栏目 jipu(置信度不足)
南泥湾.txt	南泥湾	qupu123-356442	分类/记谱	0.0	qupu123 栏目 jipu(置信度不足)
博爱情怀（丁恩昌.txt	博爱情怀（丁恩昌	qupu123-334514		0.0	qupu123 站点没有流派分类(只有字数分类)
印度客人之歌.txt	印度客人之歌	jianpucn-109484		0.0	jianpucn 站点没有流派分类(只有字数分类)
印象.txt	印象	qupu123-365086	分类/记谱	0.0	qupu123 栏目 jipu(置信度不足)
印象草原.txt	印象草原	qupu123-58153	分类/原创	0.0	qupu123 栏目 yuanchuang(置信度不足)
原來你什么都不想要.txt	原來你什么都不想要	jianpucn-68945		0.0	jianpucn 站点没有流派分类(只有字数分类)
原本今生以为.txt	原本今生以为	jianpucn-268706		0.0	jianpucn 站点没有流派分类(只有字数分类)
原来你什么都不想要_2.txt	原来你什么都不想要	jianpucn-36230		0.0	jianpucn 站点没有流派分类(只有字数分类)
友谊之歌（巴秀拉.txt	友谊之歌（巴秀拉	qupu123-334471		0.0	qupu123 站点没有流派分类(只有字数分类)
友谊地久天长.txt	友谊地久天长	jianpucn-109483		0.0	jianpucn 站点没有流派分类(只有字数分类)
友谊天长地久.txt	友谊天长地久	qupu123-369903	分类/儿歌	0.96	qupu123 栏目 shaoer(https://www.qupu123.com/shaoer/liuzi/p369903.html)
友谊长存.txt	友谊长存	qupu123-370051	分类/通俗歌曲	0.76	qupu123 栏目 tongsu(https://www.qupu123.com/tongsu/sizi/p370051.html)
口碑.txt	口碑	jianpucn-66155		0.0	jianpucn 站点没有流派分类(只有字数分类)
口碑其他.txt	口碑其他	jianpucn-221961		0.0	jianpucn 站点没有流派分类(只有字数分类)
古老的信天游.txt	古老的信天游	jianpucn-454062		0.0	jianpucn 站点没有流派分类(只有字数分类)
句町神韵.txt	句町神韵	jianpucn-151380		0.0	jianpucn 站点没有流派分类(只有字数分类)
只想让你抱抱我（.txt	只想让你抱抱我（	qupu123-330922		0.0	qupu123 站点没有流派分类(只有字数分类)
只是为了证明自己（.txt	只是为了证明自己（	qupu123-331242		0.0	qupu123 站点没有流派分类(只有字数分类)
可惜不是你_歌曲类.txt	可惜不是你 歌曲类	jianpucn-114941		0.0	jianpucn 站点没有流派分类(只有字数分类)
台北下着雨的星期天.txt	台北下着雨的星期天	jianpucn-159879		0.0	jianpucn 站点没有流派分类(只有字数分类)
同学情（黄格省.txt	同学情（黄格省	qupu123-335038		0.0	qupu123 站点没有流派分类(只有字数分类)
同桌的你.txt	同桌的你	qupu123-361491	分类/原创	0.0	qupu123 栏目 yuanchuang(置信度不足)
同欢同乐.txt	同欢同乐	jianpucn-247897		0.0	jianpucn 站点没有流派分类(只有字数分类)
同类.txt	同类	jianpucn-7044		0.0	jianpucn 站点没有流派分类(只有字数分类)
同船渡.txt	同船渡	jianpucn-207047		0.0	jianpucn 站点没有流派分类(只有字数分类)
向前冲（麦新.txt	向前冲（麦新	qupu123-328276		0.0	qupu123 站点没有流派分类(只有字数分类)
向前走.txt	向前走	jianpucn-89286		0.0	jianpucn 站点没有流派分类(只有字数分类)
向左走，向右走_歌曲类.txt	向左走，向右走 歌曲类	jianpucn-114961		0.0	jianpucn 站点没有流派分类(只有字数分类)
含着泪，请举起猎枪（）.txt	含着泪，请举起猎枪（）	qupu123-313629		0.0	qupu123 站点没有流派分类(只有字数分类)
听不到.txt	听不到	jianpucn-35631		0.0	jianpucn 站点没有流派分类(只有字数分类)
听妈妈的话.txt	听妈妈的话	qupu123-364249	分类/记谱	0.0	qupu123 栏目 jipu(置信度不足)
听见牛在哭.txt	听见牛在哭	jianpucn-155357		0.0	jianpucn 站点没有流派分类(只有字数分类)
味道.txt	味道	qupu123-374997	分类/原创	0.0	qupu123 栏目 yuanchuang(置信度不足)
呼伦贝尔哟我可爱的家乡.txt	呼伦贝尔哟我可爱的家乡	jianpucn-239429		0.0	jianpucn 站点没有流派分类(只有字数分类)
和平鸽哨.txt	和平鸽哨	jianpucn-475882		0.0	jianpucn 站点没有流派分类(只有字数分类)
哈罗.txt	哈罗	jianpucn-88543		0.0	jianpucn 站点没有流派分类(只有字数分类)
哥哥撑排走丹江.txt	哥哥撑排走丹江	jianpucn-242150		0.0	jianpucn 站点没有流派分类(只有字数分类)
哥已不再是当年的哥.txt	哥已不再是当年的哥	qupu123-369959	分类/通俗歌曲	0.76	qupu123 栏目 tongsu(https://www.qupu123.com/tongsu/jiuziyishang/p369959.html)
唱一支歌儿_问一问月亮_—.txt	唱一支歌儿 问一问月亮 —	jianpucn-285733		0.0	jianpucn 站点没有流派分类(只有字数分类)
唱不尽的爱.txt	唱不尽的爱	jianpucn-134813		0.0	jianpucn 站点没有流派分类(只有字数分类)
唱涞山（表.txt	唱涞山（表	qupu123-333813		0.0	qupu123 站点没有流派分类(只有字数分类)
唱起《国际歌》.txt	唱起《国际歌》	jianpucn-160938		0.0	jianpucn 站点没有流派分类(只有字数分类)
喀什噶尔女郎.txt	喀什噶尔女郎	jianpucn-40505		0.0	jianpucn 站点没有流派分类(只有字数分类)
喀什葛尔女郎.txt	喀什葛尔女郎	jianpucn-37143		0.0	jianpucn 站点没有流派分类(只有字数分类)
喀喇昆仑.txt	喀喇昆仑	jianpucn-74150		0.0	jianpucn 站点没有流派分类(只有字数分类)
喜悦.txt	喜悦	jianpucn-70242		0.0	jianpucn 站点没有流派分类(只有字数分类)
喜欢你（.txt	喜欢你（	qupu123-242865	分类/记谱	0.0	qupu123 栏目 jipu(置信度不足)
喜相逢.txt	喜相逢	qupu123-375495	分类/外国歌曲	0.0	qupu123 栏目 waiguo(置信度不足)
喜结良缘（陈光军_王春雷.txt	喜结良缘（陈光军_王春雷	qupu123-332221		0.0	qupu123 站点没有流派分类(只有字数分类)
嘎依丽泰.txt	嘎依丽泰	jianpucn-157737		0.0	jianpucn 站点没有流派分类(只有字数分类)
四壁墙.txt	四壁墙	qupu123-375491	分类/外国歌曲	0.0	qupu123 栏目 waiguo(置信度不足)
四季歌.txt	四季歌	qupu123-356465	分类/记谱	0.0	qupu123 栏目 jipu(置信度不足)
回不去的昨天（.txt	回不去的昨天（	qupu123-331128		0.0	qupu123 站点没有流派分类(只有字数分类)
回家过年.txt	回家过年	jianpucn-475833		0.0	jianpucn 站点没有流派分类(只有字数分类)
因为爱情.txt	因为爱情	qupu123-362739	分类/谱友上传	0.76	qupu123 栏目 puyou(https://www.qupu123.com/puyou/shangchuan/p362739.html)
因为祖国.txt	因为祖国	jianpucn-474678		0.0	jianpucn 站点没有流派分类(只有字数分类)
团结抗日.txt	团结抗日	jianpucn-160662		0.0	jianpucn 站点没有流派分类(只有字数分类)
国旗国旗真美丽_2.txt	国旗国旗真美丽	qupu123-335407	分类/儿歌	0.96	qupu123 栏目 shaoer(https://www.qupu123.com/shaoer/qizi/p335407.html)
国旗恋.txt	国旗恋	jianpucn-44628		0.0	jianpucn 站点没有流派分类(只有字数分类)
国风.txt	国风	jianpucn-85531		0.0	jianpucn 站点没有流派分类(只有字数分类)
土楼的春天（金少蒙.txt	土楼的春天（金少蒙	qupu123-335028		0.0	qupu123 站点没有流派分类(只有字数分类)
圣诞结.txt	圣诞结	jianpujia-15419		0.0	jianpujia 页面分类需联网取(见 --fetch-jianpujia)
在一起.txt	在一起	qupu123-370367	分类/通俗歌曲	0.76	qupu123 栏目 tongsu(https://www.qupu123.com/tongsu/sanzi/p370367.html)
在爱里等你.txt	在爱里等你	jianpucn-282079		0.0	jianpucn 站点没有流派分类(只有字数分类)
在生恋.txt	在生恋	jianpucn-88475		0.0	jianpucn 站点没有流派分类(只有字数分类)
在祖国的怀抱里.txt	在祖国的怀抱里	jianpucn-119631		0.0	jianpucn 站点没有流派分类(只有字数分类)
在这个世界相遇.txt	在这个世界相遇	jianpucn-349081		0.0	jianpucn 站点没有流派分类(只有字数分类)
在这个冰雪世界中（）.txt	在这个冰雪世界中（）	qupu123-313618		0.0	qupu123 站点没有流派分类(只有字数分类)
在这里（.txt	在这里（	qupu123-330918		0.0	qupu123 站点没有流派分类(只有字数分类)
坏女孩（徐良.txt	坏女孩（徐良	qupu123-48253	分类/记谱	0.0	qupu123 栏目 jipu(置信度不足)
坚持到底.txt	坚持到底	jianpucn-36785		0.0	jianpucn 站点没有流派分类(只有字数分类)
垃圾.txt	垃圾	jianpucn-297296		0.0	jianpucn 站点没有流派分类(只有字数分类)
塔克拉玛干的胡扬.txt	塔克拉玛干的胡扬	jianpucn-252174		0.0	jianpucn 站点没有流派分类(只有字数分类)
塔城啊故乡.txt	塔城啊故乡	jianpucn-138568		0.0	jianpucn 站点没有流派分类(只有字数分类)
塔尖上的中国.txt	塔尖上的中国	jianpucn-433764		0.0	jianpucn 站点没有流派分类(只有字数分类)
塔里木之歌.txt	塔里木之歌	jianpucn-43922		0.0	jianpucn 站点没有流派分类(只有字数分类)
复兴的力量.txt	复兴的力量	jianpucn-425580		0.0	jianpucn 站点没有流派分类(只有字数分类)
夕阳之歌.txt	夕阳之歌	qupu123-362547	分类/记谱	0.0	qupu123 栏目 jipu(置信度不足)
夜太黑_歌曲类.txt	夜太黑 歌曲类	jianpucn-113886		0.0	jianpucn 站点没有流派分类(只有字数分类)
夜曲.txt	夜曲	jianpucn-115143		0.0	jianpucn 站点没有流派分类(只有字数分类)
大别山的清泉哟......txt	大别山的清泉哟.....	jianpucn-162372		0.0	jianpucn 站点没有流派分类(只有字数分类)
大地的孩子.txt	大地的孩子	jianpucn-59092		0.0	jianpucn 站点没有流派分类(只有字数分类)
大山东.txt	大山东	jianpucn-31449		0.0	jianpucn 站点没有流派分类(只有字数分类)
大山里的共产党员.txt	大山里的共产党员	jianpucn-163543		0.0	jianpucn 站点没有流派分类(只有字数分类)
大平原.txt	大平原	jianpucn-250899		0.0	jianpucn 站点没有流派分类(只有字数分类)
大江东去.txt	大江东去	jianpucn-32057		0.0	jianpucn 站点没有流派分类(只有字数分类)
大江南.txt	大江南	jianpucn-66160		0.0	jianpucn 站点没有流派分类(只有字数分类)
大河开凌.txt	大河开凌	jianpucn-197185		0.0	jianpucn 站点没有流派分类(只有字数分类)
大火炕.txt	大火炕	jianpucn-32695		0.0	jianpucn 站点没有流派分类(只有字数分类)
大爱有声.txt	大爱有声	jianpucn-306562		0.0	jianpucn 站点没有流派分类(只有字数分类)
大白鹅（班南.txt	大白鹅（班南	qupu123-330358		0.0	qupu123 站点没有流派分类(只有字数分类)
大美中国（宫婷、姚立森.txt	大美中国（宫婷、姚立森	qupu123-396404	分类/记谱	0.0	qupu123 栏目 jipu(置信度不足)
大美乡村.txt	大美乡村	jianpucn-475906		0.0	jianpucn 站点没有流派分类(只有字数分类)
大西北.txt	大西北	jianpucn-51390		0.0	jianpucn 站点没有流派分类(只有字数分类)
大风车_2.txt	大风车	qupu123-331657	分类/儿歌	0.96	qupu123 栏目 shaoer(https://www.qupu123.com/shaoer/sanzi/p331657.html)
天下太极出武当.txt	天下太极出武当	jianpucn-136826		0.0	jianpucn 站点没有流派分类(只有字数分类)
天下常熟湖山秀.txt	天下常熟湖山秀	jianpucn-121273		0.0	jianpucn 站点没有流派分类(只有字数分类)
天下无双.txt	天下无双	jianpucn-82598		0.0	jianpucn 站点没有流派分类(只有字数分类)
天仙子【彩谱】.txt	天仙子【彩谱】	jianpucn-157978		0.0	jianpucn 站点没有流派分类(只有字数分类)
天出血.txt	天出血	jianpucn-223889		0.0	jianpucn 站点没有流派分类(只有字数分类)
天地人心.txt	天地人心	jianpucn-237338		0.0	jianpucn 站点没有流派分类(只有字数分类)
天大地大.txt	天大地大	jianpucn-39119		0.0	jianpucn 站点没有流派分类(只有字数分类)
天天看到你.txt	天天看到你	jianpucn-36815		0.0	jianpucn 站点没有流派分类(只有字数分类)
天安门.txt	天安门	jianpucn-208504		0.0	jianpucn 站点没有流派分类(只有字数分类)
天山南天山北.txt	天山南天山北	jianpucn-40014		0.0	jianpucn 站点没有流派分类(只有字数分类)
天山长虹.txt	天山长虹	jianpucn-158152		0.0	jianpucn 站点没有流派分类(只有字数分类)
天峰山情.txt	天峰山情	jianpucn-475852		0.0	jianpucn 站点没有流派分类(只有字数分类)
天意.txt	天意	qupu123-352953	分类/原创	0.0	qupu123 栏目 yuanchuang(置信度不足)
天河（左保斌.txt	天河（左保斌	qupu123-332315		0.0	qupu123 站点没有流派分类(只有字数分类)
天灯.txt	天灯	jianpucn-156384		0.0	jianpucn 站点没有流派分类(只有字数分类)
天生喜欢你.txt	天生喜欢你	jianpucn-52532		0.0	jianpucn 站点没有流派分类(只有字数分类)
天真.txt	天真	jianpucn-118850		0.0	jianpucn 站点没有流派分类(只有字数分类)
天禁诀.txt	天禁诀	jianpucn-288688		0.0	jianpucn 站点没有流派分类(只有字数分类)
天荒地老.txt	天荒地老	jianpucn-67544		0.0	jianpucn 站点没有流派分类(只有字数分类)
天蝎蝴蝶.txt	天蝎蝴蝶	jianpucn-36814		0.0	jianpucn 站点没有流派分类(只有字数分类)
天边的牧歌.txt	天边的牧歌	jianpucn-475888		0.0	jianpucn 站点没有流派分类(只有字数分类)
天门山你听我说.txt	天门山你听我说	jianpucn-51045		0.0	jianpucn 站点没有流派分类(只有字数分类)
天问_2.txt	天问	qupu123-382096	分类/通俗歌曲	0.76	qupu123 栏目 tongsu(https://www.qupu123.com/tongsu/erziyixia/p382096.html)
天黑_歌曲类.txt	天黑 歌曲类	jianpucn-115086		0.0	jianpucn 站点没有流派分类(只有字数分类)
天黑黑_歌曲类.txt	天黑黑 歌曲类	jianpucn-115085		0.0	jianpucn 站点没有流派分类(只有字数分类)
太湖之州.txt	太湖之州	jianpucn-159342		0.0	jianpucn 站点没有流派分类(只有字数分类)
太湖水&nbsp;&nbsp;.txt	太湖水	jianpucn-475893		0.0	jianpucn 站点没有流派分类(只有字数分类)
太湖水.txt	太湖水	jianpucn-475893		0.0	jianpucn 站点没有流派分类(只有字数分类)
太蓬山.txt	太蓬山	qupu123-334214	分类/民歌	0.93	qupu123 栏目 minge(https://www.qupu123.com/minge/sanzi/p334214.html)
太行之歌.txt	太行之歌	jianpucn-475921		0.0	jianpucn 站点没有流派分类(只有字数分类)
太行情.txt	太行情	qupu123-370552	分类/民歌	0.93	qupu123 栏目 minge(https://www.qupu123.com/minge/sanzi/p370552.html)
太阳出来了.txt	太阳出来了	qupu123-319429	分类/合唱	0.93	qupu123 栏目 hechang(https://www.qupu123.com/hechang/wuzi/p319429.html)
失踪.txt	失踪	jianpucn-146550		0.0	jianpucn 站点没有流派分类(只有字数分类)
夸咱农村大变化（表.txt	夸咱农村大变化（表	qupu123-333706		0.0	qupu123 站点没有流派分类(只有字数分类)
奔.txt	奔	jianpucn-118675		0.0	jianpucn 站点没有流派分类(只有字数分类)
女人花.txt	女人花	qupu123-378394	分类/谱友上传	0.76	qupu123 栏目 puyou(https://www.qupu123.com/puyou/shangchuan/p378394.html)
女娲.txt	女娲	jianpucn-136536		0.0	jianpucn 站点没有流派分类(只有字数分类)
女孩别哭.txt	女孩别哭	jianpucn-147004		0.0	jianpucn 站点没有流派分类(只有字数分类)
好不容易.txt	好不容易	jianpucn-278757		0.0	jianpucn 站点没有流派分类(只有字数分类)
好久不见.txt	好久不见	jianpujia-15513		0.0	jianpujia 页面分类需联网取(见 --fetch-jianpujia)
好久不见_4.txt	好久不见	jianpucn-411970		0.0	jianpucn 站点没有流派分类(只有字数分类)
好人就能当好家.txt	好人就能当好家	jianpucn-259899		0.0	jianpucn 站点没有流派分类(只有字数分类)
好夜晚.txt	好夜晚	jianpucn-138672		0.0	jianpucn 站点没有流派分类(只有字数分类)
好花花的歌美滋滋的唱.txt	好花花的歌美滋滋的唱	jianpucn-32861		0.0	jianpucn 站点没有流派分类(只有字数分类)
如今赶上了好时代.txt	如今赶上了好时代	jianpucn-34115		0.0	jianpucn 站点没有流派分类(只有字数分类)
如果你还爱好.txt	如果你还爱好	jianpucn-213259		0.0	jianpucn 站点没有流派分类(只有字数分类)
如果你还爱我_歌曲类.txt	如果你还爱我 歌曲类	jianpucn-115171		0.0	jianpucn 站点没有流派分类(只有字数分类)
如果把他换作你.txt	如果把他换作你	jianpucn-288908		0.0	jianpucn 站点没有流派分类(只有字数分类)
如果没有你.txt	如果没有你	jianpucn-63804		0.0	jianpucn 站点没有流派分类(只有字数分类)
如果爱下去.txt	如果爱下去	jianpucn-54340		0.0	jianpucn 站点没有流派分类(只有字数分类)
如果这就是爱情.txt	如果这就是爱情	jianpucn-136164		0.0	jianpucn 站点没有流派分类(只有字数分类)
如此认识我.txt	如此认识我	qupu123-370054	分类/通俗歌曲	0.76	qupu123 栏目 tongsu(https://www.qupu123.com/tongsu/wuzi/p370054.html)
妈妈教我一支歌.txt	妈妈教我一支歌	jianpucn-43431		0.0	jianpucn 站点没有流派分类(只有字数分类)
妈妈的希望_—.txt	妈妈的希望 —	jianpucn-285892		0.0	jianpucn 站点没有流派分类(只有字数分类)
存在1.txt	存在1	jianpucn-34294		0.0	jianpucn 站点没有流派分类(只有字数分类)
存在_歌曲类.txt	存在 歌曲类	jianpucn-64506		0.0	jianpucn 站点没有流派分类(只有字数分类)
孤勇者（.txt	孤勇者（	qupu123-372875	分类/谱友上传	0.76	qupu123 栏目 puyou(https://www.qupu123.com/puyou/shangchuan/p372875.html)
孤单爱情海.txt	孤单爱情海	jianpucn-86540		0.0	jianpucn 站点没有流派分类(只有字数分类)
孤独的小鸟.txt	孤独的小鸟	qupu123-370980	分类/通俗歌曲	0.76	qupu123 栏目 tongsu(https://www.qupu123.com/tongsu/wuzi/p370980.html)
学厨艺&nbsp;&nbsp;.txt	学厨艺	jianpucn-475660		0.0	jianpucn 站点没有流派分类(只有字数分类)
学厨艺.txt	学厨艺	jianpucn-475660		0.0	jianpucn 站点没有流派分类(只有字数分类)
学工歌&nbsp;&nbsp;.txt	学工歌	jianpucn-475663		0.0	jianpucn 站点没有流派分类(只有字数分类)
学工歌.txt	学工歌	jianpucn-475663		0.0	jianpucn 站点没有流派分类(只有字数分类)
学校之歌.txt	学校之歌	jianpucn-475889		0.0	jianpucn 站点没有流派分类(只有字数分类)
学电脑&nbsp;&nbsp;.txt	学电脑	jianpucn-475615		0.0	jianpucn 站点没有流派分类(只有字数分类)
学电脑.txt	学电脑	jianpucn-475615		0.0	jianpucn 站点没有流派分类(只有字数分类)
宁夏_歌曲类.txt	宁夏 歌曲类	jianpucn-64131		0.0	jianpucn 站点没有流派分类(只有字数分类)
宁静的夏天.txt	宁静的夏天	jianpucn-190354		0.0	jianpucn 站点没有流派分类(只有字数分类)
守望青春.txt	守望青春	qupu123-396365	分类/谱友上传	0.76	qupu123 栏目 puyou(https://www.qupu123.com/puyou/shangchuan/p396365.html)
安全巡检之歌.txt	安全巡检之歌	qupu123-329355	分类/合唱	0.93	qupu123 栏目 hechang(https://www.qupu123.com/hechang/liuzi/p329355.html)
安河桥（拇指琴卡林巴琴和弦.txt	安河桥（拇指琴卡林巴琴和弦	qupu123-343897	分类/谱友上传	0.76	qupu123 栏目 puyou(https://www.qupu123.com/puyou/shangchuan/p343897.html)
宏愿.txt	宏愿	qupu123-375484	分类/外国歌曲	0.0	qupu123 栏目 waiguo(置信度不足)
宜昌队&nbsp;&nbsp;.txt	宜昌队	jianpucn-475898		0.0	jianpucn 站点没有流派分类(只有字数分类)
宜昌队.txt	宜昌队	jianpucn-475898		0.0	jianpucn 站点没有流派分类(只有字数分类)
宠爱.txt	宠爱	jianpucn-51577		0.0	jianpucn 站点没有流派分类(只有字数分类)
宫廷宴舞.txt	宫廷宴舞	jianpucn-280697		0.0	jianpucn 站点没有流派分类(只有字数分类)
家_3.txt	家	jianpucn-52804		0.0	jianpucn 站点没有流派分类(只有字数分类)
家_4.txt	家	jianpucn-9389		0.0	jianpucn 站点没有流派分类(只有字数分类)
家_5.txt	家	qupu123-333746	分类/儿歌	0.96	qupu123 栏目 shaoer(https://www.qupu123.com/shaoer/erziyixia/p333746.html)
家乡有座光雾山.txt	家乡有座光雾山	jianpucn-310298		0.0	jianpucn 站点没有流派分类(只有字数分类)
家乡的明月边关的雪.txt	家乡的明月边关的雪	jianpucn-53571		0.0	jianpucn 站点没有流派分类(只有字数分类)
家住黄河口.txt	家住黄河口	jianpucn-35788		0.0	jianpucn 站点没有流派分类(只有字数分类)
家在心上.txt	家在心上	qupu123-370067	分类/美声	0.87	qupu123 栏目 meisheng(https://www.qupu123.com/meisheng/sizi/p370067.html)
容易受伤的女人.txt	容易受伤的女人	qupu123-361421	分类/原创	0.0	qupu123 栏目 yuanchuang(置信度不足)
宾至房山.txt	宾至房山	jianpucn-475838		0.0	jianpucn 站点没有流派分类(只有字数分类)
寂寞无声（.txt	寂寞无声（	jianpucn-109473		0.0	jianpucn 站点没有流派分类(只有字数分类)
寂寞的恋人.txt	寂寞的恋人	jianpucn-36410		0.0	jianpucn 站点没有流派分类(只有字数分类)
寂寞的恋人啊.txt	寂寞的恋人啊	jianpucn-119726		0.0	jianpucn 站点没有流派分类(只有字数分类)
寂寞难耐_歌曲类.txt	寂寞难耐 歌曲类	jianpucn-64315		0.0	jianpucn 站点没有流派分类(只有字数分类)
寄明月&nbsp;&nbsp;.txt	寄明月	jianpucn-475792		0.0	jianpucn 站点没有流派分类(只有字数分类)
寄明月.txt	寄明月	jianpucn-475792		0.0	jianpucn 站点没有流派分类(只有字数分类)
密西西比河泥.txt	密西西比河泥	qupu123-375490	分类/外国歌曲	0.0	qupu123 栏目 waiguo(置信度不足)
富士山下.txt	富士山下	jianpucn-401256		0.0	jianpucn 站点没有流派分类(只有字数分类)
富士山下_2.txt	富士山下	jianpujia-15781		0.0	jianpujia 页面分类需联网取(见 --fetch-jianpujia)
寸寸河山寸寸金.txt	寸寸河山寸寸金	jianpucn-205002		0.0	jianpucn 站点没有流派分类(只有字数分类)
对__徽______100__谱-_谱.txt	对__徽______100__谱-_谱	jianpujia-314263		0.0	jianpujia 页面分类需联网取(见 --fetch-jianpujia)
对_河.txt	对_河	jianpujia-314266		0.0	jianpujia 页面分类需联网取(见 --fetch-jianpujia)
对酒歌.txt	对酒歌	jianpucn-209614		0.0	jianpucn 站点没有流派分类(只有字数分类)
将军的故乡.txt	将军的故乡	jianpucn-146297		0.0	jianpucn 站点没有流派分类(只有字数分类)
小上海&nbsp;&nbsp;.txt	小上海	jianpucn-475628		0.0	jianpucn 站点没有流派分类(只有字数分类)
小上海.txt	小上海	jianpucn-475628		0.0	jianpucn 站点没有流派分类(只有字数分类)
小兔——菲菲.txt	小兔——菲菲	qupu123-327854	分类/儿歌	0.96	qupu123 栏目 shaoer(https://www.qupu123.com/shaoer/liuzi/p327854.html)
小小桂花香.txt	小小桂花香	jianpucn-238948		0.0	jianpucn 站点没有流派分类(只有字数分类)
小小的暖.txt	小小的暖	jianpucn-475912		0.0	jianpucn 站点没有流派分类(只有字数分类)
小小野菊花（左保斌.txt	小小野菊花（左保斌	qupu123-332314		0.0	qupu123 站点没有流派分类(只有字数分类)
小嶶.txt	小嶶	jianpucn-192023		0.0	jianpucn 站点没有流派分类(只有字数分类)
小微.txt	小微	jianpucn-87230		0.0	jianpucn 站点没有流派分类(只有字数分类)
小手拉大手.txt	小手拉大手	jianpucn-437160		0.0	jianpucn 站点没有流派分类(只有字数分类)
小木马.txt	小木马	qupu123-372657	分类/儿歌	0.96	qupu123 栏目 shaoer(https://www.qupu123.com/shaoer/sanzi/p372657.html)
小熊维尼.txt	小熊维尼	qupu123-372846	分类/儿歌	0.96	qupu123 栏目 shaoer(https://www.qupu123.com/shaoer/sizi/p372846.html)
小燕子_2.txt	小燕子	jianpujia-15773		0.0	jianpujia 页面分类需联网取(见 --fetch-jianpujia)
小猫抓老鼠（罗晓航.txt	小猫抓老鼠（罗晓航	qupu123-328292		0.0	qupu123 站点没有流派分类(只有字数分类)
小红帽.txt	小红帽	jianpujia-15548		0.0	jianpujia 页面分类需联网取(见 --fetch-jianpujia)
小老鼠上灯台（罗晓航.txt	小老鼠上灯台（罗晓航	qupu123-328404		0.0	qupu123 站点没有流派分类(只有字数分类)
小花（王玉庆.txt	小花（王玉庆	qupu123-334054		0.0	qupu123 站点没有流派分类(只有字数分类)
小薇_歌曲类.txt	小薇 歌曲类	jianpucn-114937		0.0	jianpucn 站点没有流派分类(只有字数分类)
小重山&nbsp;&nbsp;.txt	小重山	jianpucn-475594		0.0	jianpucn 站点没有流派分类(只有字数分类)
小重山.txt	小重山	jianpucn-475594		0.0	jianpucn 站点没有流派分类(只有字数分类)
少女的祈祷（拇指琴卡林巴琴和弦.txt	少女的祈祷（拇指琴卡林巴琴和弦	qupu123-336937	分类/谱友上传	0.76	qupu123 栏目 puyou(https://www.qupu123.com/puyou/shangchuan/p336937.html)
少年游.txt	少年游	jianpucn-475749		0.0	jianpucn 站点没有流派分类(只有字数分类)
少年游_&nbsp;&nbsp;.txt	少年游	jianpucn-475749		0.0	jianpucn 站点没有流派分类(只有字数分类)
就是这样_歌曲类.txt	就是这样 歌曲类	jianpucn-64265		0.0	jianpucn 站点没有流派分类(只有字数分类)
山不转水转.txt	山不转水转	qupu123-361314	分类/原创	0.0	qupu123 栏目 yuanchuang(置信度不足)
山西秧歌：万年欢.txt	山西秧歌：万年欢	jianpucn-164875		0.0	jianpucn 站点没有流派分类(只有字数分类)
山西秧歌：唿嗦步舞曲.txt	山西秧歌：唿嗦步舞曲	jianpucn-164918		0.0	jianpucn 站点没有流派分类(只有字数分类)
山西秧歌：小跳步舞曲.txt	山西秧歌：小跳步舞曲	jianpucn-164919		0.0	jianpucn 站点没有流派分类(只有字数分类)
山西秧歌：戴红花.txt	山西秧歌：戴红花	jianpucn-164876		0.0	jianpucn 站点没有流派分类(只有字数分类)
山西秧歌：打秋千.txt	山西秧歌：打秋千	jianpucn-164874		0.0	jianpucn 站点没有流派分类(只有字数分类)
山西秧歌：挑菜.txt	山西秧歌：挑菜	jianpucn-165067		0.0	jianpucn 站点没有流派分类(只有字数分类)
山西秧歌：掐蒜苔·一苗.txt	山西秧歌：掐蒜苔·一苗	jianpucn-164878		0.0	jianpucn 站点没有流派分类(只有字数分类)
山西秧歌：撒扇舞曲.txt	山西秧歌：撒扇舞曲	jianpucn-165062		0.0	jianpucn 站点没有流派分类(只有字数分类)
山西秧歌：放风筝.txt	山西秧歌：放风筝	jianpucn-165065		0.0	jianpucn 站点没有流派分类(只有字数分类)
山西秧歌：玉兰花开.txt	山西秧歌：玉兰花开	jianpucn-165066		0.0	jianpucn 站点没有流派分类(只有字数分类)
山西秧歌：转扇曲.txt	山西秧歌：转扇曲	jianpucn-164909		0.0	jianpucn 站点没有流派分类(只有字数分类)
岁月如歌.txt	岁月如歌	qupu123-352436	分类/记谱	0.0	qupu123 栏目 jipu(置信度不足)
岩缝里盛开的花.txt	岩缝里盛开的花	qupu123-370171	分类/民歌	0.93	qupu123 栏目 minge(https://www.qupu123.com/minge/qizi/p370171.html)
岭南步步高.txt	岭南步步高	jianpucn-54961		0.0	jianpucn 站点没有流派分类(只有字数分类)
岳阳楼.txt	岳阳楼	jianpucn-415871		0.0	jianpucn 站点没有流派分类(只有字数分类)
巴丁小夜曲.txt	巴丁小夜曲	jianpucn-109476		0.0	jianpucn 站点没有流派分类(只有字数分类)
帕米尔_我的家乡多么美.txt	帕米尔 我的家乡多么美	jianpucn-290853		0.0	jianpucn 站点没有流派分类(只有字数分类)
帕米尔的眼睛.txt	帕米尔的眼睛	jianpucn-166426		0.0	jianpucn 站点没有流派分类(只有字数分类)
带兵的人.txt	带兵的人	jianpucn-33554		0.0	jianpucn 站点没有流派分类(只有字数分类)
带我飞向月球.txt	带我飞向月球	qupu123-375483	分类/外国歌曲	0.0	qupu123 栏目 waiguo(置信度不足)
帮助别人_快乐自己.txt	帮助别人_快乐自己	qupu123-369950	分类/原创	0.0	qupu123 栏目 yuanchuang(置信度不足)
平凉之歌_又名_神仙留恋的地方.txt	平凉之歌 又名 神仙留恋的地方	jianpucn-401114		0.0	jianpucn 站点没有流派分类(只有字数分类)
年轻的师长.txt	年轻的师长	jianpucn-34236		0.0	jianpucn 站点没有流派分类(只有字数分类)
幸福在哪里.txt	幸福在哪里	jianpucn-46184		0.0	jianpucn 站点没有流派分类(只有字数分类)
幸福的记忆（.txt	幸福的记忆（	qupu123-330947		0.0	qupu123 站点没有流派分类(只有字数分类)
序.txt	序	jianpucn-313428		0.0	jianpucn 站点没有流派分类(只有字数分类)
开始懂了_歌曲类.txt	开始懂了 歌曲类	jianpucn-64264		0.0	jianpucn 站点没有流派分类(只有字数分类)
开火车（罗晓航.txt	开火车（罗晓航	qupu123-328415		0.0	qupu123 站点没有流派分类(只有字数分类)
张家港之恋.txt	张家港之恋	jianpucn-148322		0.0	jianpucn 站点没有流派分类(只有字数分类)
张氏情歌.txt	张氏情歌	jianpucn-212967		0.0	jianpucn 站点没有流派分类(只有字数分类)
强军路上（林昌.txt	强军路上（林昌	qupu123-333309		0.0	qupu123 站点没有流派分类(只有字数分类)
当你的秀发拂过我的钢枪.txt	当你的秀发拂过我的钢枪	qupu123-369934	分类/合唱	0.93	qupu123 栏目 hechang(https://www.qupu123.com/hechang/jiuziyishang/p369934.html)
当兵乐&nbsp;&nbsp;.txt	当兵乐	jianpucn-475802		0.0	jianpucn 站点没有流派分类(只有字数分类)
当兵乐.txt	当兵乐	jianpucn-475802		0.0	jianpucn 站点没有流派分类(只有字数分类)
当兵的.txt	当兵的	jianpucn-31828		0.0	jianpucn 站点没有流派分类(只有字数分类)
当我爱上你_歌曲类.txt	当我爱上你 歌曲类	jianpucn-64493		0.0	jianpucn 站点没有流派分类(只有字数分类)
当爱已成往事.txt	当爱已成往事	jianpucn-290492		0.0	jianpucn 站点没有流派分类(只有字数分类)
当秋天到来的时候.txt	当秋天到来的时候	jianpucn-134545		0.0	jianpucn 站点没有流派分类(只有字数分类)
当秋天来到的时候.txt	当秋天来到的时候	jianpucn-39999		0.0	jianpucn 站点没有流派分类(只有字数分类)
彝寨山茶红.txt	彝寨山茶红	jianpucn-475853		0.0	jianpucn 站点没有流派分类(只有字数分类)
彩凤高翔.txt	彩凤高翔	jianpucn-27115		0.0	jianpucn 站点没有流派分类(只有字数分类)
彩色的河流.txt	彩色的河流	jianpucn-135240		0.0	jianpucn 站点没有流派分类(只有字数分类)
影子舞.txt	影子舞	jianpucn-9363		0.0	jianpucn 站点没有流派分类(只有字数分类)
往事.txt	往事	jianpucn-35135		0.0	jianpucn 站点没有流派分类(只有字数分类)
往日情怀（.txt	往日情怀（	jianpucn-109469		0.0	jianpucn 站点没有流派分类(只有字数分类)
征服天堂.txt	征服天堂	qupu123-373701	分类/谱友上传	0.76	qupu123 栏目 puyou(https://www.qupu123.com/puyou/shangchuan/p373701.html)
很远很远的地方.txt	很远很远的地方	jianpucn-31980		0.0	jianpucn 站点没有流派分类(只有字数分类)
心中的遵义.txt	心中的遵义	jianpucn-273284		0.0	jianpucn 站点没有流派分类(只有字数分类)
心儿永年轻.txt	心儿永年轻	qupu123-375494	分类/外国歌曲	0.0	qupu123 栏目 waiguo(置信度不足)
心太软.txt	心太软	qupu123-376141	分类/记谱	0.0	qupu123 栏目 jipu(置信度不足)
心港.txt	心港	jianpucn-38395		0.0	jianpucn 站点没有流派分类(只有字数分类)
心的旅途.txt	心的旅途	jianpucn-251960		0.0	jianpucn 站点没有流派分类(只有字数分类)
心缘（.txt	心缘（	qupu123-330892		0.0	qupu123 站点没有流派分类(只有字数分类)
心里话.txt	心里话	jianpucn-33635		0.0	jianpucn 站点没有流派分类(只有字数分类)
忘情冷雨夜.txt	忘情冷雨夜	qupu123-364082	分类/记谱	0.0	qupu123 栏目 jipu(置信度不足)
忘情酒&nbsp;&nbsp;.txt	忘情酒	jianpucn-475596		0.0	jianpucn 站点没有流派分类(只有字数分类)
忘情酒.txt	忘情酒	jianpucn-475596		0.0	jianpucn 站点没有流派分类(只有字数分类)
快乐宝贝（班南.txt	快乐宝贝（班南	qupu123-331004		0.0	qupu123 站点没有流派分类(只有字数分类)
快乐的聊天.txt	快乐的聊天	qupu123-375482	分类/外国歌曲	0.0	qupu123 栏目 waiguo(置信度不足)
忽然之间_歌曲类.txt	忽然之间 歌曲类	jianpucn-115214		0.0	jianpucn 站点没有流派分类(只有字数分类)
怀念战友.txt	怀念战友	jianpucn-449358		0.0	jianpucn 站点没有流派分类(只有字数分类)
怎么舍得我难过.txt	怎么舍得我难过	jianpucn-213285		0.0	jianpucn 站点没有流派分类(只有字数分类)
怎样的我才是你的真爱.txt	怎样的我才是你的真爱	jianpucn-148018		0.0	jianpucn 站点没有流派分类(只有字数分类)
思念娘亲.txt	思念娘亲	jianpucn-462248		0.0	jianpucn 站点没有流派分类(只有字数分类)
思绪飞扬.txt	思绪飞扬	jianpucn-475851		0.0	jianpucn 站点没有流派分类(只有字数分类)
思美人.txt	思美人	jianpucn-412005		0.0	jianpucn 站点没有流派分类(只有字数分类)
恋情1990.txt	恋情1990	jianpucn-451851		0.0	jianpucn 站点没有流派分类(只有字数分类)
恋曲1980_歌曲类.txt	恋曲1980 歌曲类	jianpucn-64221		0.0	jianpucn 站点没有流派分类(只有字数分类)
恋曲2000_歌曲类.txt	恋曲2000 歌曲类	jianpucn-114363		0.0	jianpucn 站点没有流派分类(只有字数分类)
恋曲_歌曲类.txt	恋曲 歌曲类	jianpucn-114361		0.0	jianpucn 站点没有流派分类(只有字数分类)
恋爱中的女人.txt	恋爱中的女人	jianpucn-109490		0.0	jianpucn 站点没有流派分类(只有字数分类)
恐龙进化论.txt	恐龙进化论	jianpucn-401511		0.0	jianpucn 站点没有流派分类(只有字数分类)
情人_歌曲类.txt	情人 歌曲类	jianpucn-115197		0.0	jianpucn 站点没有流派分类(只有字数分类)
情人的眼泪_歌曲类.txt	情人的眼泪 歌曲类	jianpucn-115198		0.0	jianpucn 站点没有流派分类(只有字数分类)
情愿一个人.txt	情愿一个人	jianpucn-413881		0.0	jianpucn 站点没有流派分类(只有字数分类)
情歌没有告诉你.txt	情歌没有告诉你	jianpucn-137529		0.0	jianpucn 站点没有流派分类(只有字数分类)
情深迷离（.txt	情深迷离（	qupu123-330949		0.0	qupu123 站点没有流派分类(只有字数分类)
情系苏宿园.txt	情系苏宿园	jianpucn-475884		0.0	jianpucn 站点没有流派分类(只有字数分类)
惠安之春.txt	惠安之春	jianpucn-86614		0.0	jianpucn 站点没有流派分类(只有字数分类)
惩罚.txt	惩罚	jianpucn-69715		0.0	jianpucn 站点没有流派分类(只有字数分类)
惩罚1.txt	惩罚1	jianpucn-34244		0.0	jianpucn 站点没有流派分类(只有字数分类)
想着你的感觉.txt	想着你的感觉	jianpucn-309239		0.0	jianpucn 站点没有流派分类(只有字数分类)
愉快的春日.txt	愉快的春日	qupu123-371014	分类/儿歌	0.96	qupu123 栏目 shaoer(https://www.qupu123.com/shaoer/liuzi/p371014.html)
意难平&nbsp;&nbsp;.txt	意难平	jianpucn-475825		0.0	jianpucn 站点没有流派分类(只有字数分类)
意难平.txt	意难平	jianpucn-475825		0.0	jianpucn 站点没有流派分类(只有字数分类)
感恩有你（潘九岭、李铭雪.txt	感恩有你（潘九岭、李铭雪	qupu123-396403	分类/记谱	0.0	qupu123 栏目 jipu(置信度不足)
感恩的心（巴秀拉.txt	感恩的心（巴秀拉	qupu123-334388		0.0	qupu123 站点没有流派分类(只有字数分类)
感谢大地.txt	感谢大地	jianpucn-452494		0.0	jianpucn 站点没有流派分类(只有字数分类)
愿作比翼鸟.txt	愿作比翼鸟	jianpucn-278405		0.0	jianpucn 站点没有流派分类(只有字数分类)
慢慢喜欢你（拇指琴卡林巴琴和弦.txt	慢慢喜欢你（拇指琴卡林巴琴和弦	qupu123-341743	分类/谱友上传	0.76	qupu123 栏目 puyou(https://www.qupu123.com/puyou/shangchuan/p341743.html)
慢慢来.txt	慢慢来	jianpucn-211035		0.0	jianpucn 站点没有流派分类(只有字数分类)
慢慢（卡林巴拇指琴.txt	慢慢（卡林巴拇指琴	qupu123-367638	分类/谱友上传	0.76	qupu123 栏目 puyou(https://www.qupu123.com/puyou/shangchuan/p367638.html)
懂你.txt	懂你	qupu123-373047	分类/记谱	0.0	qupu123 栏目 jipu(置信度不足)
懒得去管.txt	懒得去管	jianpucn-89251		0.0	jianpucn 站点没有流派分类(只有字数分类)
懒得管.txt	懒得管	jianpucn-119000		0.0	jianpucn 站点没有流派分类(只有字数分类)
懒的去管.txt	懒的去管	jianpucn-1549		0.0	jianpucn 站点没有流派分类(只有字数分类)
成全你忘了我.txt	成全你忘了我	qupu123-368984	分类/记谱	0.0	qupu123 栏目 jipu(置信度不足)
成全（拇指琴卡林巴琴和弦.txt	成全（拇指琴卡林巴琴和弦	qupu123-341730	分类/谱友上传	0.76	qupu123 栏目 puyou(https://www.qupu123.com/puyou/shangchuan/p341730.html)
成吉思汗的传说.txt	成吉思汗的传说	qupu123-370062	分类/美声	0.87	qupu123 栏目 meisheng(https://www.qupu123.com/meisheng/qizi/p370062.html)
我_心_FEARLESS.txt	我_心_FEARLESS	qupu123-369914	分类/通俗歌曲	0.76	qupu123 栏目 tongsu(https://www.qupu123.com/tongsu/jiuziyishang/p369914.html)
我一见你就笑.txt	我一见你就笑	jianpucn-109485		0.0	jianpucn 站点没有流派分类(只有字数分类)
我不要别人的爱.txt	我不要别人的爱	jianpucn-132606		0.0	jianpucn 站点没有流派分类(只有字数分类)
我不难过_歌曲类.txt	我不难过 歌曲类	jianpucn-115043		0.0	jianpucn 站点没有流派分类(只有字数分类)
我为祖国骄傲.txt	我为祖国骄傲	jianpucn-31741		0.0	jianpucn 站点没有流派分类(只有字数分类)
我也很想他_歌曲类.txt	我也很想他 歌曲类	jianpucn-115102		0.0	jianpucn 站点没有流派分类(只有字数分类)
我亲爱的母亲.txt	我亲爱的母亲	jianpucn-48448		0.0	jianpucn 站点没有流派分类(只有字数分类)
我今天好快活.txt	我今天好快活	jianpucn-33225		0.0	jianpucn 站点没有流派分类(只有字数分类)
我从新疆来.txt	我从新疆来	jianpucn-41475		0.0	jianpucn 站点没有流派分类(只有字数分类)
我从草原来_2.txt	我从草原来	qupu123-83291	分类/民歌	0.93	qupu123 栏目 minge(https://www.qupu123.com/minge/wuzi/p83291.html)
我们_2.txt	我们	jianpujia-14837		0.0	jianpujia 页面分类需联网取(见 --fetch-jianpujia)
我们_3.txt	我们	jianpujia-15731		0.0	jianpujia 页面分类需联网取(见 --fetch-jianpujia)
我们俩的爱没有边边.txt	我们俩的爱没有边边	jianpucn-35957		0.0	jianpucn 站点没有流派分类(只有字数分类)
我们是青年文明号.txt	我们是青年文明号	jianpucn-61181		0.0	jianpucn 站点没有流派分类(只有字数分类)
我们永远在一起（石矿.txt	我们永远在一起（石矿	qupu123-320996		0.0	qupu123 站点没有流派分类(只有字数分类)
我们走在大路上.txt	我们走在大路上	jianpucn-449392		0.0	jianpucn 站点没有流派分类(只有字数分类)
我们都辜负了爱.txt	我们都辜负了爱	jianpucn-135097		0.0	jianpucn 站点没有流派分类(只有字数分类)
我出生在黄河岸边（）.txt	我出生在黄河岸边（）	qupu123-313628		0.0	qupu123 站点没有流派分类(只有字数分类)
我又看见你.txt	我又看见你	jianpucn-205441		0.0	jianpucn 站点没有流派分类(只有字数分类)
我喜欢_歌曲类.txt	我喜欢 歌曲类	jianpucn-115006		0.0	jianpucn 站点没有流派分类(只有字数分类)
我在草原你在哪里.txt	我在草原你在哪里	qupu123-369993	分类/民歌	0.93	qupu123 栏目 minge(https://www.qupu123.com/minge/bazi/p369993.html)
我在草原等你来.txt	我在草原等你来	qupu123-369981	分类/民歌	0.93	qupu123 栏目 minge(https://www.qupu123.com/minge/qizi/p369981.html)
我太傻.txt	我太傻	qupu123-350317	分类/记谱	0.0	qupu123 栏目 jipu(置信度不足)
我心已许.txt	我心已许	jianpucn-281469		0.0	jianpucn 站点没有流派分类(只有字数分类)
我心永恒（.txt	我心永恒（	jianpucn-109444		0.0	jianpucn 站点没有流派分类(只有字数分类)
我怀念的.txt	我怀念的	jianpucn-84675		0.0	jianpucn 站点没有流派分类(只有字数分类)
我想去个地方.txt	我想去个地方	jianpucn-63181		0.0	jianpucn 站点没有流派分类(只有字数分类)
我想和你去一个地方（稳_稳.txt	我想和你去一个地方（稳_稳	qupu123-395909	分类/记谱	0.0	qupu123 栏目 jipu(置信度不足)
我愿意（严艺丹.txt	我愿意（严艺丹	qupu123-295198	分类/记谱	0.0	qupu123 栏目 jipu(置信度不足)
我愿跟着你.txt	我愿跟着你	jianpucn-166432		0.0	jianpucn 站点没有流派分类(只有字数分类)
我是一只小小鸟.txt	我是一只小小鸟	qupu123-353670	分类/记谱	0.0	qupu123 栏目 jipu(置信度不足)
我是一条小河.txt	我是一条小河	qupu123-370241	分类/通俗歌曲	0.76	qupu123 栏目 tongsu(https://www.qupu123.com/tongsu/liuzi/p370241.html)
我是中国人.txt	我是中国人	jianpucn-443527		0.0	jianpucn 站点没有流派分类(只有字数分类)
我是头人的女儿（）.txt	我是头人的女儿（）	qupu123-313627		0.0	qupu123 站点没有流派分类(只有字数分类)
我是有钱人.txt	我是有钱人	jianpucn-475857		0.0	jianpucn 站点没有流派分类(只有字数分类)
我爱五指山，我爱万泉河.txt	我爱五指山，我爱万泉河	qupu123-370212	分类/美声	0.87	qupu123 栏目 meisheng(https://www.qupu123.com/meisheng/jiuziyishang/p370212.html)
我爱人的肖像.txt	我爱人的肖像	qupu123-375486	分类/外国歌曲	0.0	qupu123 栏目 waiguo(置信度不足)
我爱你中国.txt	我爱你中国	jianpucn-458031		0.0	jianpucn 站点没有流派分类(只有字数分类)
我爱你，塞北的雪.txt	我爱你，塞北的雪	qupu123-370293	分类/美声	0.87	qupu123 栏目 meisheng(https://www.qupu123.com/meisheng/qizi/p370293.html)
我爱你，拉萨河.txt	我爱你，拉萨河	qupu123-370002	分类/美声	0.87	qupu123 栏目 meisheng(https://www.qupu123.com/meisheng/liuzi/p370002.html)
我爱我们家.txt	我爱我们家	jianpucn-475740		0.0	jianpucn 站点没有流派分类(只有字数分类)
我爱我的家.txt	我爱我的家	qupu123-370596	分类/通俗歌曲	0.76	qupu123 栏目 tongsu(https://www.qupu123.com/tongsu/wuzi/p370596.html)
我爱老山兰.txt	我爱老山兰	jianpucn-50780		0.0	jianpucn 站点没有流派分类(只有字数分类)
我爱蓝天白云.txt	我爱蓝天白云	qupu123-370141	分类/美声	0.87	qupu123 栏目 meisheng(https://www.qupu123.com/meisheng/liuzi/p370141.html)
我爱这蓝色的海洋1.txt	我爱这蓝色的海洋1	jianpucn-298055		0.0	jianpucn 站点没有流派分类(只有字数分类)
我用所有报答爱.txt	我用所有报答爱	jianpucn-85639		0.0	jianpucn 站点没有流派分类(只有字数分类)
我的中华.txt	我的中华	jianpucn-32583		0.0	jianpucn 站点没有流派分类(只有字数分类)
我的唐人街.txt	我的唐人街	qupu123-375489	分类/外国歌曲	0.0	qupu123 栏目 waiguo(置信度不足)
我的小黑马（关庄.txt	我的小黑马（关庄	qupu123-329262		0.0	qupu123 站点没有流派分类(只有字数分类)
我的快乐就是想你.txt	我的快乐就是想你	qupu123-376392	分类/记谱	0.0	qupu123 栏目 jipu(置信度不足)
我的故乡巴彦淖尔.txt	我的故乡巴彦淖尔	qupu123-369987	分类/民歌	0.93	qupu123 栏目 minge(https://www.qupu123.com/minge/bazi/p369987.html)
我的梦&nbsp;&nbsp;.txt	我的梦	jianpucn-475668		0.0	jianpucn 站点没有流派分类(只有字数分类)
我的梦.txt	我的梦	jianpucn-475668		0.0	jianpucn 站点没有流派分类(只有字数分类)
我的深情为你守候_2.txt	我的深情为你守候	qupu123-370394	分类/通俗歌曲	0.76	qupu123 栏目 tongsu(https://www.qupu123.com/tongsu/bazi/p370394.html)
我的爱_歌曲类.txt	我的爱 歌曲类	jianpucn-115109		0.0	jianpucn 站点没有流派分类(只有字数分类)
我的爸和妈.txt	我的爸和妈	jianpucn-53375		0.0	jianpucn 站点没有流派分类(只有字数分类)
我的祁连山.txt	我的祁连山	jianpucn-473129		0.0	jianpucn 站点没有流派分类(只有字数分类)
我的祖国.txt	我的祖国	qupu123-373259	分类/记谱	0.0	qupu123 栏目 jipu(置信度不足)
我的祖国越变越美.txt	我的祖国越变越美	qupu123-370473	分类/合唱	0.93	qupu123 栏目 hechang(https://www.qupu123.com/hechang/bazi/p370473.html)
我的老师.txt	我的老师	jianpucn-475865		0.0	jianpucn 站点没有流派分类(只有字数分类)
我的老爸老妈.txt	我的老爸老妈	qupu123-371080	分类/通俗歌曲	0.76	qupu123 栏目 tongsu(https://www.qupu123.com/tongsu/liuzi/p371080.html)
我的衣食父母.txt	我的衣食父母	jianpucn-40268		0.0	jianpucn 站点没有流派分类(只有字数分类)
我看见.txt	我看见	qupu123-334420	分类/民歌	0.93	qupu123 栏目 minge(https://www.qupu123.com/minge/sanzi/p334420.html)
我要的幸福_歌曲类.txt	我要的幸福 歌曲类	jianpucn-115004		0.0	jianpucn 站点没有流派分类(只有字数分类)
我该用什么样的心来对你_歌曲类.txt	我该用什么样的心来对你 歌曲类	jianpucn-115017		0.0	jianpucn 站点没有流派分类(只有字数分类)
我还是忘不了你.txt	我还是忘不了你	qupu123-370200	分类/通俗歌曲	0.76	qupu123 栏目 tongsu(https://www.qupu123.com/tongsu/qizi/p370200.html)
战位有我在.txt	战位有我在	jianpucn-475834		0.0	jianpucn 站点没有流派分类(只有字数分类)
战士放歌走高原.txt	战士放歌走高原	jianpucn-32933		0.0	jianpucn 站点没有流派分类(只有字数分类)
手拉手（罗晓航.txt	手拉手（罗晓航	qupu123-328398		0.0	qupu123 站点没有流派分类(只有字数分类)
手机留言.txt	手机留言	jianpucn-63187		0.0	jianpucn 站点没有流派分类(只有字数分类)
打工者之歌（王玉庆.txt	打工者之歌（王玉庆	qupu123-335104		0.0	qupu123 站点没有流派分类(只有字数分类)
打樱桃1（张新政.txt	打樱桃1（张新政	qupu123-335780	分类/记谱	0.0	qupu123 栏目 jipu(置信度不足)
打樱桃2（张新政.txt	打樱桃2（张新政	qupu123-335781	分类/记谱	0.0	qupu123 栏目 jipu(置信度不足)
打樱桃3（张新政.txt	打樱桃3（张新政	qupu123-335782	分类/记谱	0.0	qupu123 栏目 jipu(置信度不足)
打电话（罗晓航.txt	打电话（罗晓航	qupu123-328306		0.0	qupu123 站点没有流派分类(只有字数分类)
打起手鼓唱起歌.txt	打起手鼓唱起歌	jianpucn-474978		0.0	jianpucn 站点没有流派分类(只有字数分类)
扬帆起航.txt	扬帆起航	qupu123-371032	分类/儿歌	0.96	qupu123 栏目 shaoer(https://www.qupu123.com/shaoer/sizi/p371032.html)
扯开嗓子一声喊.txt	扯开嗓子一声喊	jianpucn-472550		0.0	jianpucn 站点没有流派分类(只有字数分类)
找个人来爱我.txt	找个人来爱我	jianpucn-132879		0.0	jianpucn 站点没有流派分类(只有字数分类)
承蒙相公来动问.txt	承蒙相公来动问	qupu123-370113	分类/民歌	0.93	qupu123 栏目 minge(https://www.qupu123.com/minge/qizi/p370113.html)
把一切献给党.txt	把一切献给党	jianpucn-39162		0.0	jianpucn 站点没有流派分类(只有字数分类)
把他换作你.txt	把他换作你	jianpucn-51382		0.0	jianpucn 站点没有流派分类(只有字数分类)
把你宠坏_歌曲类.txt	把你宠坏 歌曲类	jianpucn-64612		0.0	jianpucn 站点没有流派分类(只有字数分类)
把幸福托起.txt	把幸福托起	jianpucn-475702		0.0	jianpucn 站点没有流派分类(只有字数分类)
把窗儿打开.txt	把窗儿打开	jianpucn-89829		0.0	jianpucn 站点没有流派分类(只有字数分类)
折柳思雁归.txt	折柳思雁归	qupu123-371794	分类/美声	0.87	qupu123 栏目 meisheng(https://www.qupu123.com/meisheng/wuzi/p371794.html)
抬头仰望夜黑的天.txt	抬头仰望夜黑的天	qupu123-370009	分类/通俗歌曲	0.76	qupu123 栏目 tongsu(https://www.qupu123.com/tongsu/bazi/p370009.html)
拉骆驼的黑小伙.txt	拉骆驼的黑小伙	jianpucn-48874		0.0	jianpucn 站点没有流派分类(只有字数分类)
拉骆驼的黑小伙其他.txt	拉骆驼的黑小伙其他	jianpucn-221965		0.0	jianpucn 站点没有流派分类(只有字数分类)
拥抱我.txt	拥抱我	jianpucn-63843		0.0	jianpucn 站点没有流派分类(只有字数分类)
挂牵（王宏伟.txt	挂牵（王宏伟	jianpucn-205439		0.0	jianpucn 站点没有流派分类(只有字数分类)
接下来_歌曲类.txt	接下来 歌曲类	jianpucn-64302		0.0	jianpucn 站点没有流派分类(只有字数分类)
推搪.txt	推搪	jianpucn-49793		0.0	jianpucn 站点没有流派分类(只有字数分类)
推车歌&nbsp;&nbsp;.txt	推车歌	jianpucn-475917		0.0	jianpucn 站点没有流派分类(只有字数分类)
推车歌.txt	推车歌	jianpucn-475917		0.0	jianpucn 站点没有流派分类(只有字数分类)
撕夜_歌曲类.txt	撕夜 歌曲类	jianpucn-115094		0.0	jianpucn 站点没有流派分类(只有字数分类)
放宽心态笑一笑.txt	放宽心态笑一笑	qupu123-370049	分类/通俗歌曲	0.76	qupu123 栏目 tongsu(https://www.qupu123.com/tongsu/qizi/p370049.html)
放心吧妈妈.txt	放心吧妈妈	jianpucn-442404		0.0	jianpucn 站点没有流派分类(只有字数分类)
放歌十八湾.txt	放歌十八湾	jianpucn-31961		0.0	jianpucn 站点没有流派分类(只有字数分类)
放飞三十万只和平鸽.txt	放飞三十万只和平鸽	jianpucn-118692		0.0	jianpucn 站点没有流派分类(只有字数分类)
故园恋.txt	故园恋	jianpucn-119367		0.0	jianpucn 站点没有流派分类(只有字数分类)
故园情_根据原唱标注和声.txt	故园情 根据原唱标注和声	jianpucn-313194		0.0	jianpucn 站点没有流派分类(只有字数分类)
故土情.txt	故土情	jianpucn-85534		0.0	jianpucn 站点没有流派分类(只有字数分类)
敢为天下先.txt	敢为天下先	jianpucn-279541		0.0	jianpucn 站点没有流派分类(只有字数分类)
敢问路在何方.txt	敢问路在何方	qupu123-371054	分类/美声	0.87	qupu123 栏目 meisheng(https://www.qupu123.com/meisheng/liuzi/p371054.html)
敦煌故事.txt	敦煌故事	jianpucn-434388		0.0	jianpucn 站点没有流派分类(只有字数分类)
断点.txt	断点	jianpucn-37737		0.0	jianpucn 站点没有流派分类(只有字数分类)
新不了情.txt	新不了情	jianpucn-109474		0.0	jianpucn 站点没有流派分类(只有字数分类)
新年祝福.txt	新年祝福	jianpucn-475826		0.0	jianpucn 站点没有流派分类(只有字数分类)
新时代之歌.txt	新时代之歌	qupu123-369999	分类/合唱	0.93	qupu123 栏目 hechang(https://www.qupu123.com/hechang/wuzi/p369999.html)
新的起点新的航向.txt	新的起点新的航向	jianpucn-27478		0.0	jianpucn 站点没有流派分类(只有字数分类)
新石头记.txt	新石头记	qupu123-352874	分类/原创	0.0	qupu123 栏目 yuanchuang(置信度不足)
新美人主义.txt	新美人主义	jianpucn-118622		0.0	jianpucn 站点没有流派分类(只有字数分类)
新鲜_歌曲类.txt	新鲜 歌曲类	jianpucn-114932		0.0	jianpucn 站点没有流派分类(只有字数分类)
无地自容.txt	无地自容	qupu123-361857	分类/原创	0.0	qupu123 栏目 yuanchuang(置信度不足)
无处可藏.txt	无处可藏	jianpucn-268478		0.0	jianpucn 站点没有流派分类(只有字数分类)
无字碑.txt	无字碑	jianpucn-278957		0.0	jianpucn 站点没有流派分类(只有字数分类)
无字碑_2.txt	无字碑	jianpucn-278952		0.0	jianpucn 站点没有流派分类(只有字数分类)
无条件.txt	无条件	jianpucn-287417		0.0	jianpucn 站点没有流派分类(只有字数分类)
无条件为你.txt	无条件为你	jianpucn-61631		0.0	jianpucn 站点没有流派分类(只有字数分类)
无法阻挡.txt	无法阻挡	jianpucn-57887		0.0	jianpucn 站点没有流派分类(只有字数分类)
无言.txt	无言	jianpucn-36776		0.0	jianpucn 站点没有流派分类(只有字数分类)
无言花.txt	无言花	jianpucn-134176		0.0	jianpucn 站点没有流派分类(只有字数分类)
无题_2.txt	无题	jianpucn-239508		0.0	jianpucn 站点没有流派分类(只有字数分类)
日以继夜的想你.txt	日以继夜的想你	jianpucn-49861		0.0	jianpucn 站点没有流派分类(只有字数分类)
日光城之恋.txt	日光城之恋	jianpucn-56696		0.0	jianpucn 站点没有流派分类(只有字数分类)
旧梦已远.txt	旧梦已远	jianpucn-246119		0.0	jianpucn 站点没有流派分类(只有字数分类)
旧欢如梦.txt	旧欢如梦	qupu123-353995	分类/记谱	0.0	qupu123 栏目 jipu(置信度不足)
时光.txt	时光	jianpucn-49497		0.0	jianpucn 站点没有流派分类(只有字数分类)
时间海.txt	时间海	jianpucn-147387		0.0	jianpucn 站点没有流派分类(只有字数分类)
明天会更好.txt	明天会更好	jianpucn-462031		0.0	jianpucn 站点没有流派分类(只有字数分类)
明天的记忆.txt	明天的记忆	jianpucn-205110		0.0	jianpucn 站点没有流派分类(只有字数分类)
明年今日.txt	明年今日	jianpucn-61388		0.0	jianpucn 站点没有流派分类(只有字数分类)
明明很爱你.txt	明明很爱你	jianpucn-35642		0.0	jianpucn 站点没有流派分类(只有字数分类)
明知故犯（.txt	明知故犯（	jianpucn-109470		0.0	jianpucn 站点没有流派分类(只有字数分类)
昔日重来.txt	昔日重来	jianpucn-109468		0.0	jianpucn 站点没有流派分类(只有字数分类)
星_3.txt	星	qupu123-394635	分类/谱友上传	0.76	qupu123 栏目 puyou(https://www.qupu123.com/puyou/shangchuan/p394635.html)
星光满天.txt	星光满天	jianpucn-417422		0.0	jianpucn 站点没有流派分类(只有字数分类)
星期天不约会.txt	星期天不约会	jianpucn-109494		0.0	jianpucn 站点没有流派分类(只有字数分类)
映山红.txt	映山红	qupu123-375116	分类/谱友上传	0.76	qupu123 栏目 puyou(https://www.qupu123.com/puyou/shangchuan/p375116.html)
春天_你在哪里.txt	春天 你在哪里	jianpucn-275430		0.0	jianpucn 站点没有流派分类(只有字数分类)
春天在哪里_2.txt	春天在哪里	qupu123-339885	分类/记谱	0.0	qupu123 栏目 jipu(置信度不足)
春天来了（班南.txt	春天来了（班南	qupu123-329253		0.0	qupu123 站点没有流派分类(只有字数分类)
春天的故事.txt	春天的故事	qupu123-370499	分类/美声	0.87	qupu123 栏目 meisheng(https://www.qupu123.com/meisheng/wuzi/p370499.html)
春天里的花园花儿美丽.txt	春天里的花园花儿美丽	jianpucn-428332		0.0	jianpucn 站点没有流派分类(只有字数分类)
春日肆意游.txt	春日肆意游	jianpucn-475718		0.0	jianpucn 站点没有流派分类(只有字数分类)
春是你我冬奥歌曲.txt	春是你我冬奥歌曲	jianpucn-463358		0.0	jianpucn 站点没有流派分类(只有字数分类)
春江花月夜_-_声乐随想曲（.txt	春江花月夜 - 声乐随想曲（	qupu123-98		0.0	qupu123 站点没有流派分类(只有字数分类)
春泥.txt	春泥	qupu123-358908	分类/谱友上传	0.76	qupu123 栏目 puyou(https://www.qupu123.com/puyou/shangchuan/p358908.html)
春雨.txt	春雨	qupu123-373042	分类/儿歌	0.96	qupu123 栏目 shaoer(https://www.qupu123.com/shaoer/erziyixia/p373042.html)
春风悄悄地吹来.txt	春风悄悄地吹来	jianpucn-291811		0.0	jianpucn 站点没有流派分类(只有字数分类)
晚熟的人（.txt	晚熟的人（	qupu123-370368	分类/原创	0.0	qupu123 栏目 yuanchuang(置信度不足)
晚风吹过哨塔.txt	晚风吹过哨塔	qupu123-369949	分类/美声	0.87	qupu123 栏目 meisheng(https://www.qupu123.com/meisheng/liuzi/p369949.html)
晚风（.txt	晚风（	qupu123-240180	分类/记谱	0.0	qupu123 栏目 jipu(置信度不足)
普陀放歌.txt	普陀放歌	jianpucn-24982		0.0	jianpucn 站点没有流派分类(只有字数分类)
暗示.txt	暗示	jianpucn-211222		0.0	jianpucn 站点没有流派分类(只有字数分类)
暗香.txt	暗香	qupu123-378329	分类/谱友上传	0.76	qupu123 栏目 puyou(https://www.qupu123.com/puyou/shangchuan/p378329.html)
暗香_2.txt	暗香	jianpujia-15052		0.0	jianpujia 页面分类需联网取(见 --fetch-jianpujia)
暧昧_2.txt	暧昧	qupu123-35259	分类/通俗歌曲	0.76	qupu123 栏目 tongsu(https://www.qupu123.com/tongsu/erziyixia/p35259.html)
更上一层楼.txt	更上一层楼	jianpucn-33625		0.0	jianpucn 站点没有流派分类(只有字数分类)
最冷一天.txt	最冷一天	jianpucn-209632		0.0	jianpucn 站点没有流派分类(只有字数分类)
最可爱的人.txt	最可爱的人	jianpucn-460451		0.0	jianpucn 站点没有流派分类(只有字数分类)
最后.txt	最后	jianpucn-313729		0.0	jianpucn 站点没有流派分类(只有字数分类)
最美_歌曲类.txt	最美 歌曲类	jianpucn-114799		0.0	jianpucn 站点没有流派分类(只有字数分类)
月亮姑娘.txt	月亮姑娘	jianpucn-423706		0.0	jianpucn 站点没有流派分类(只有字数分类)
月亮的歌声.txt	月亮的歌声	jianpucn-475883		0.0	jianpucn 站点没有流派分类(只有字数分类)
月光.txt	月光	qupu123-316904		0.0	qupu123 站点没有流派分类(只有字数分类)
月光_2.txt	月光	qupu123-315823		0.0	qupu123 站点没有流派分类(只有字数分类)
月光_3.txt	月光	jianpucn-223806		0.0	jianpucn 站点没有流派分类(只有字数分类)
月光下的海湾.txt	月光下的海湾	qupu123-375498	分类/外国歌曲	0.0	qupu123 栏目 waiguo(置信度不足)
月光与玫瑰.txt	月光与玫瑰	qupu123-375497	分类/外国歌曲	0.0	qupu123 栏目 waiguo(置信度不足)
月光小夜曲.txt	月光小夜曲	qupu123-375499	分类/外国歌曲	0.0	qupu123 栏目 waiguo(置信度不足)
有多少爱可以重来.txt	有多少爱可以重来	jianpucn-109437		0.0	jianpucn 站点没有流派分类(只有字数分类)
有妈才有家.txt	有妈才有家	qupu123-335129	分类/通俗歌曲	0.76	qupu123 栏目 tongsu(https://www.qupu123.com/tongsu/wuzi/p335129.html)
有缘的人.txt	有缘的人	jianpucn-475880		0.0	jianpucn 站点没有流派分类(只有字数分类)
有谁共鸣.txt	有谁共鸣	qupu123-377119	分类/记谱	0.0	qupu123 栏目 jipu(置信度不足)
朋友首日封_歌曲类.txt	朋友首日封 歌曲类	jianpucn-115201		0.0	jianpucn 站点没有流派分类(只有字数分类)
望江亭放歌（.txt	望江亭放歌（	qupu123-336077		0.0	qupu123 站点没有流派分类(只有字数分类)
朝朝暮暮情_—.txt	朝朝暮暮情 —	jianpucn-279253		0.0	jianpucn 站点没有流派分类(只有字数分类)
木兰情.txt	木兰情	jianpucn-129521		0.0	jianpucn 站点没有流派分类(只有字数分类)
木兰星.txt	木兰星	jianpucn-129906		0.0	jianpucn 站点没有流派分类(只有字数分类)
木叶情&nbsp;&nbsp;.txt	木叶情	jianpucn-475637		0.0	jianpucn 站点没有流派分类(只有字数分类)
木叶情.txt	木叶情	jianpucn-475637		0.0	jianpucn 站点没有流派分类(只有字数分类)
木梳缘（.txt	木梳缘（	qupu123-332755		0.0	qupu123 站点没有流派分类(只有字数分类)
未了情.txt	未了情	jianpucn-295187		0.0	jianpucn 站点没有流派分类(只有字数分类)
未命名-jianpujia-15773.txt	未命名-jianpujia-15773	jianpujia-15773		0.0	jianpujia 页面分类需联网取(见 --fetch-jianpujia)
未命名-jianpujia-26487.txt	未命名-jianpujia-26487	jianpujia-26487		0.0	jianpujia 页面分类需联网取(见 --fetch-jianpujia)
未命名-qupu123-395375.txt	未命名-qupu123-395375	qupu123-395375	分类/记谱	0.0	qupu123 栏目 jipu(置信度不足)
未命名-qupu123-395403.txt	未命名-qupu123-395403	qupu123-395403	分类/记谱	0.0	qupu123 栏目 jipu(置信度不足)
未命名-qupu123-395461.txt	未命名-qupu123-395461	qupu123-395461	分类/记谱	0.0	qupu123 栏目 jipu(置信度不足)
朱提银之歌.txt	朱提银之歌	jianpucn-179501		0.0	jianpucn 站点没有流派分类(只有字数分类)
李白（李荣浩.txt	李白（李荣浩	qupu123-258984	分类/记谱	0.0	qupu123 栏目 jipu(置信度不足)
束缚.txt	束缚	jianpucn-70102		0.0	jianpucn 站点没有流派分类(只有字数分类)
来不及流泪的人.txt	来不及流泪的人	jianpucn-155674		0.0	jianpucn 站点没有流派分类(只有字数分类)
来生不再错过你.txt	来生不再错过你	qupu123-370146	分类/通俗歌曲	0.76	qupu123 栏目 tongsu(https://www.qupu123.com/tongsu/qizi/p370146.html)
杨贵妃【彩谱】.txt	杨贵妃【彩谱】	jianpucn-150394		0.0	jianpucn 站点没有流派分类(只有字数分类)
林忆莲-爱上一个不回家的人.txt	林忆莲-爱上一个不回家的人	jianpucn-85760		0.0	jianpucn 站点没有流派分类(只有字数分类)
柳江河情歌.txt	柳江河情歌	jianpucn-131534		0.0	jianpucn 站点没有流派分类(只有字数分类)
柳琴三级：春绿江南.txt	柳琴三级：春绿江南	jianpucn-161363		0.0	jianpucn 站点没有流派分类(只有字数分类)
柳琴二级：小草.txt	柳琴二级：小草	jianpucn-161362		0.0	jianpucn 站点没有流派分类(只有字数分类)
柳琴二级：彩云追月.txt	柳琴二级：彩云追月	jianpucn-161349		0.0	jianpucn 站点没有流派分类(只有字数分类)
柳琴二级：新鞋子、旧鞋子.txt	柳琴二级：新鞋子、旧鞋子	jianpucn-161359		0.0	jianpucn 站点没有流派分类(只有字数分类)
柳琴二级：橄榄树.txt	柳琴二级：橄榄树	jianpucn-161348		0.0	jianpucn 站点没有流派分类(只有字数分类)
柳琴二级：茉莉花.txt	柳琴二级：茉莉花	jianpucn-161360		0.0	jianpucn 站点没有流派分类(只有字数分类)
校园花儿多鲜艳.txt	校园花儿多鲜艳	qupu123-370483	分类/儿歌	0.96	qupu123 栏目 shaoer(https://www.qupu123.com/shaoer/qizi/p370483.html)
桂林美（贾珂.txt	桂林美（贾珂	qupu123-333022		0.0	qupu123 站点没有流派分类(只有字数分类)
桃花朵朵开（阿牛.txt	桃花朵朵开（阿牛	qupu123-10532		0.0	qupu123 站点没有流派分类(只有字数分类)
桃花红杏花白.txt	桃花红杏花白	qupu123-370531	分类/合唱	0.93	qupu123 栏目 hechang(https://www.qupu123.com/hechang/jiuziyishang/p370531.html)
梁静茹-丝路.txt	梁静茹-丝路	jianpucn-85745		0.0	jianpucn 站点没有流派分类(只有字数分类)
梁静茹-宁夏.txt	梁静茹-宁夏	jianpucn-85747		0.0	jianpucn 站点没有流派分类(只有字数分类)
梦中女神.txt	梦中女神	jianpucn-475810		0.0	jianpucn 站点没有流派分类(只有字数分类)
梦中的伊犁河.txt	梦中的伊犁河	qupu123-370087	分类/民歌	0.93	qupu123 栏目 minge(https://www.qupu123.com/minge/liuzi/p370087.html)
梦中的格桑花.txt	梦中的格桑花	jianpucn-151549		0.0	jianpucn 站点没有流派分类(只有字数分类)
梦回土家.txt	梦回土家	jianpucn-161676		0.0	jianpucn 站点没有流派分类(只有字数分类)
梦想天空分外蓝.txt	梦想天空分外蓝	jianpucn-159080		0.0	jianpucn 站点没有流派分类(只有字数分类)
梦想的声音.txt	梦想的声音	qupu123-370702	分类/合唱	0.93	qupu123 栏目 hechang(https://www.qupu123.com/hechang/wuzi/p370702.html)
梦桂林（胡青山.txt	梦桂林（胡青山	qupu123-333030		0.0	qupu123 站点没有流派分类(只有字数分类)
梦通新时代.txt	梦通新时代	jianpucn-475836		0.0	jianpucn 站点没有流派分类(只有字数分类)
梦醒时分.txt	梦醒时分	qupu123-351975	分类/原创	0.0	qupu123 栏目 yuanchuang(置信度不足)
梨花一枝带春雨.txt	梨花一枝带春雨	jianpucn-50054		0.0	jianpucn 站点没有流派分类(只有字数分类)
森林铁路的月台上.txt	森林铁路的月台上	jianpucn-40015		0.0	jianpucn 站点没有流派分类(只有字数分类)
模特（李荣浩.txt	模特（李荣浩	qupu123-259169	分类/记谱	0.0	qupu123 栏目 jipu(置信度不足)
横刀纵马一声吼.txt	横刀纵马一声吼	jianpucn-245789		0.0	jianpucn 站点没有流派分类(只有字数分类)
樱花树下.txt	樱花树下	jianpucn-149115		0.0	jianpucn 站点没有流派分类(只有字数分类)
橘子洲情思.txt	橘子洲情思	jianpucn-139006		0.0	jianpucn 站点没有流派分类(只有字数分类)
欢笑的日子.txt	欢笑的日子	jianpucn-33642		0.0	jianpucn 站点没有流派分类(只有字数分类)
欢迎抗日军.txt	欢迎抗日军	jianpucn-160657		0.0	jianpucn 站点没有流派分类(只有字数分类)
歌友情&nbsp;&nbsp;.txt	歌友情	jianpucn-475556		0.0	jianpucn 站点没有流派分类(只有字数分类)
歌友情.txt	歌友情	jianpucn-475556		0.0	jianpucn 站点没有流派分类(只有字数分类)
歌唱新时代.txt	歌唱新时代	jianpucn-419697		0.0	jianpucn 站点没有流派分类(只有字数分类)
正在想你哟.txt	正在想你哟	jianpucn-475765		0.0	jianpucn 站点没有流派分类(只有字数分类)
此情绵绵.txt	此情绵绵	jianpucn-284221		0.0	jianpucn 站点没有流派分类(只有字数分类)
步步高.txt	步步高	jianpucn-70710		0.0	jianpucn 站点没有流派分类(只有字数分类)
母亲双手.txt	母亲双手	jianpucn-257585		0.0	jianpucn 站点没有流派分类(只有字数分类)
母亲河，让我叫你一声妈妈.txt	母亲河，让我叫你一声妈妈	jianpucn-137118		0.0	jianpucn 站点没有流派分类(只有字数分类)
母亲湖.txt	母亲湖	jianpucn-427177		0.0	jianpucn 站点没有流派分类(只有字数分类)
母亲父亲.txt	母亲父亲	jianpucn-30969		0.0	jianpucn 站点没有流派分类(只有字数分类)
母亲的手.txt	母亲的手	jianpucn-57822		0.0	jianpucn 站点没有流派分类(只有字数分类)
母亲的目光.txt	母亲的目光	qupu123-370140	分类/美声	0.87	qupu123 栏目 meisheng(https://www.qupu123.com/meisheng/wuzi/p370140.html)
母亲知道你.txt	母亲知道你	jianpucn-47501		0.0	jianpucn 站点没有流派分类(只有字数分类)
母鸡带小鸡（罗晓航.txt	母鸡带小鸡（罗晓航	qupu123-328293		0.0	qupu123 站点没有流派分类(只有字数分类)
每一步.txt	每一步	qupu123-365041	分类/记谱	0.0	qupu123 栏目 jipu(置信度不足)
每当我走过老师窗前_3.txt	每当我走过老师窗前	qupu123-329444	分类/合唱	0.93	qupu123 栏目 hechang(https://www.qupu123.com/hechang/jiuziyishang/p329444.html)
比翼鸟.txt	比翼鸟	jianpucn-48317		0.0	jianpucn 站点没有流派分类(只有字数分类)
民族声乐考级歌曲_伊犁河月夜.txt	民族声乐考级歌曲 伊犁河月夜	jianpucn-425830		0.0	jianpucn 站点没有流派分类(只有字数分类)
民族声乐考级歌曲_故土情.txt	民族声乐考级歌曲 故土情	jianpucn-449380		0.0	jianpucn 站点没有流派分类(只有字数分类)
水涟漪（邓丽君.txt	水涟漪（邓丽君	qupu123-198153	分类/记谱	0.0	qupu123 栏目 jipu(置信度不足)
永恒的诱惑.txt	永恒的诱惑	jianpucn-32928		0.0	jianpucn 站点没有流派分类(只有字数分类)
永恒长调.txt	永恒长调	jianpucn-444329		0.0	jianpucn 站点没有流派分类(只有字数分类)
永浴爱河（.txt	永浴爱河（	jianpucn-109440		0.0	jianpucn 站点没有流派分类(只有字数分类)
永远.txt	永远	jianpucn-36281		0.0	jianpucn 站点没有流派分类(只有字数分类)
永远跟着你（刘连峰.txt	永远跟着你（刘连峰	qupu123-334416		0.0	qupu123 站点没有流派分类(只有字数分类)
江南一枝.txt	江南一枝	jianpucn-283191		0.0	jianpucn 站点没有流派分类(只有字数分类)
江南一枝花.txt	江南一枝花	jianpucn-32975		0.0	jianpucn 站点没有流派分类(只有字数分类)
江城子桑农.txt	江城子桑农	jianpucn-475849		0.0	jianpucn 站点没有流派分类(只有字数分类)
沁园春·雪.txt	沁园春·雪	qupu123-370523	分类/美声	0.87	qupu123 栏目 meisheng(https://www.qupu123.com/meisheng/wuzi/p370523.html)
沉默的表示.txt	沉默的表示	jianpucn-55105		0.0	jianpucn 站点没有流派分类(只有字数分类)
沙柳谣.txt	沙柳谣	jianpucn-137561		0.0	jianpucn 站点没有流派分类(只有字数分类)
没有情人的情人节.txt	没有情人的情人节	jianpucn-51384		0.0	jianpucn 站点没有流派分类(只有字数分类)
没有手机的日子.txt	没有手机的日子	jianpucn-61386		0.0	jianpucn 站点没有流派分类(只有字数分类)
泰山赞歌.txt	泰山赞歌	jianpucn-208489		0.0	jianpucn 站点没有流派分类(只有字数分类)
泸沽湖.txt	泸沽湖	qupu123-365980	分类/原创	0.0	qupu123 栏目 yuanchuang(置信度不足)
洗脸_歌曲类.txt	洗脸 歌曲类	jianpucn-114971		0.0	jianpucn 站点没有流派分类(只有字数分类)
洪湖水浪打浪.txt	洪湖水浪打浪	qupu123-369977	分类/民歌	0.93	qupu123 栏目 minge(https://www.qupu123.com/minge/liuzi/p369977.html)
活着为啥这么难.txt	活着为啥这么难	qupu123-369992	分类/通俗歌曲	0.76	qupu123 栏目 tongsu(https://www.qupu123.com/tongsu/qizi/p369992.html)
流吧,美丽的托玛尔河.txt	流吧,美丽的托玛尔河	jianpucn-135131		0.0	jianpucn 站点没有流派分类(只有字数分类)
浪漫夕阳.txt	浪漫夕阳	qupu123-369944	分类/通俗歌曲	0.76	qupu123 栏目 tongsu(https://www.qupu123.com/tongsu/sizi/p369944.html)
浪潮歌.txt	浪潮歌	jianpucn-160659		0.0	jianpucn 站点没有流派分类(只有字数分类)
浮夸.txt	浮夸	jianpucn-133666		0.0	jianpucn 站点没有流派分类(只有字数分类)
浮夸_2.txt	浮夸	jianpujia-15309		0.0	jianpujia 页面分类需联网取(见 --fetch-jianpujia)
海军航空兵之歌（韩立功.txt	海军航空兵之歌（韩立功	qupu123-334979		0.0	qupu123 站点没有流派分类(只有字数分类)
海天风景线.txt	海天风景线	qupu123-370781	分类/通俗歌曲	0.76	qupu123 栏目 tongsu(https://www.qupu123.com/tongsu/wuzi/p370781.html)
海宁姑娘.txt	海宁姑娘	qupu123-370109	分类/通俗歌曲	0.76	qupu123 栏目 tongsu(https://www.qupu123.com/tongsu/sizi/p370109.html)
海沧之梦.txt	海沧之梦	jianpucn-242941		0.0	jianpucn 站点没有流派分类(只有字数分类)
海浪.txt	海浪	jianpucn-8917		0.0	jianpucn 站点没有流派分类(只有字数分类)
海滨之夜（翟可.txt	海滨之夜（翟可	qupu123-315227		0.0	qupu123 站点没有流派分类(只有字数分类)
海边的陌生人.txt	海边的陌生人	jianpucn-109489		0.0	jianpucn 站点没有流派分类(只有字数分类)
海阔天空_2.txt	海阔天空	qupu123-378641	分类/谱友上传	0.76	qupu123 栏目 puyou(https://www.qupu123.com/puyou/shangchuan/p378641.html)
淄博非遗.txt	淄博非遗	qupu123-371290	分类/通俗歌曲	0.76	qupu123 栏目 tongsu(https://www.qupu123.com/tongsu/sizi/p371290.html)
淘汰.txt	淘汰	jianpucn-434477		0.0	jianpucn 站点没有流派分类(只有字数分类)
淘汰_2.txt	淘汰	jianpujia-14617		0.0	jianpujia 页面分类需联网取(见 --fetch-jianpujia)
添翼的路.txt	添翼的路	jianpucn-32018		0.0	jianpucn 站点没有流派分类(只有字数分类)
渔光曲.txt	渔光曲	jianpucn-32327		0.0	jianpucn 站点没有流派分类(只有字数分类)
渔翁乐.txt	渔翁乐	qupu123-328257	分类/儿歌	0.96	qupu123 栏目 shaoer(https://www.qupu123.com/shaoer/sanzi/p328257.html)
温暖的花.txt	温暖的花	jianpucn-454725		0.0	jianpucn 站点没有流派分类(只有字数分类)
温泉河我的故乡.txt	温泉河我的故乡	jianpucn-159144		0.0	jianpucn 站点没有流派分类(只有字数分类)
渴望.txt	渴望	qupu123-374689	分类/记谱	0.0	qupu123 栏目 jipu(置信度不足)
湖水_歌曲类.txt	湖水 歌曲类	jianpucn-115212		0.0	jianpucn 站点没有流派分类(只有字数分类)
满江红，和岳飞词.txt	满江红，和岳飞词	jianpucn-188833		0.0	jianpucn 站点没有流派分类(只有字数分类)
满满的都是爱.txt	满满的都是爱	jianpucn-150903		0.0	jianpucn 站点没有流派分类(只有字数分类)
潇洒走一回.txt	潇洒走一回	qupu123-351823	分类/原创	0.0	qupu123 栏目 yuanchuang(置信度不足)
潇湘花月谣_（廖昌永.txt	潇湘花月谣_（廖昌永	qupu123-295157		0.0	qupu123 站点没有流派分类(只有字数分类)
潮汕情（陈武峰.txt	潮汕情（陈武峰	qupu123-333982		0.0	qupu123 站点没有流派分类(只有字数分类)
澳门，从此不再孤单.txt	澳门，从此不再孤单	jianpucn-167685		0.0	jianpucn 站点没有流派分类(只有字数分类)
激情岁月.txt	激情岁月	jianpucn-475855		0.0	jianpucn 站点没有流派分类(只有字数分类)
火火中国白.txt	火火中国白	jianpucn-475713		0.0	jianpucn 站点没有流派分类(只有字数分类)
火红的誓言.txt	火红的誓言	jianpucn-452453		0.0	jianpucn 站点没有流派分类(只有字数分类)
火苗（何沐阳.txt	火苗（何沐阳	qupu123-331312		0.0	qupu123 站点没有流派分类(只有字数分类)
灰色.txt	灰色	jianpucn-129637		0.0	jianpucn 站点没有流派分类(只有字数分类)
灰色的逃脱.txt	灰色的逃脱	jianpucn-120486		0.0	jianpucn 站点没有流派分类(只有字数分类)
炮龙雄风.txt	炮龙雄风	jianpucn-30984		0.0	jianpucn 站点没有流派分类(只有字数分类)
烟雾弥漫_歌曲类.txt	烟雾弥漫 歌曲类	jianpucn-114923		0.0	jianpucn 站点没有流派分类(只有字数分类)
烧.txt	烧	jianpucn-50834		0.0	jianpucn 站点没有流派分类(只有字数分类)
烧_2.txt	烧	jianpucn-69225		0.0	jianpucn 站点没有流派分类(只有字数分类)
烧_3.txt	烧	jianpucn-293456		0.0	jianpucn 站点没有流派分类(只有字数分类)
燕尾蝶_歌曲类.txt	燕尾蝶 歌曲类	jianpucn-114922		0.0	jianpucn 站点没有流派分类(只有字数分类)
爱.txt	爱	jianpucn-33835		0.0	jianpucn 站点没有流派分类(只有字数分类)
爱_2.txt	爱	jianpucn-61598		0.0	jianpucn 站点没有流派分类(只有字数分类)
爱_3.txt	爱	jianpucn-69186		0.0	jianpucn 站点没有流派分类(只有字数分类)
爱_4.txt	爱	qupu123-380781	分类/通俗歌曲	0.76	qupu123 栏目 tongsu(https://www.qupu123.com/tongsu/erziyixia/p380781.html)
爱_歌曲类.txt	爱 歌曲类	jianpucn-64684		0.0	jianpucn 站点没有流派分类(只有字数分类)
爱上一个不回家的人_歌曲类.txt	爱上一个不回家的人 歌曲类	jianpucn-114695		0.0	jianpucn 站点没有流派分类(只有字数分类)
爱上一个浪漫的人.txt	爱上一个浪漫的人	jianpucn-289166		0.0	jianpucn 站点没有流派分类(只有字数分类)
爱上她_歌曲类.txt	爱上她 歌曲类	jianpucn-64672		0.0	jianpucn 站点没有流派分类(只有字数分类)
爱人别哭泣.txt	爱人别哭泣	qupu123-369979	分类/通俗歌曲	0.76	qupu123 栏目 tongsu(https://www.qupu123.com/tongsu/wuzi/p369979.html)
爱人变成爱过的人.txt	爱人变成爱过的人	qupu123-370010	分类/通俗歌曲	0.76	qupu123 栏目 tongsu(https://www.qupu123.com/tongsu/bazi/p370010.html)
爱伤害了你我.txt	爱伤害了你我	jianpucn-53083		0.0	jianpucn 站点没有流派分类(只有字数分类)
爱你不会改变（.txt	爱你不会改变（	qupu123-331047		0.0	qupu123 站点没有流派分类(只有字数分类)
爱你不是两三天.txt	爱你不是两三天	jianpucn-312593		0.0	jianpucn 站点没有流派分类(只有字数分类)
爱你爱你.txt	爱你爱你	jianpucn-86549		0.0	jianpucn 站点没有流派分类(只有字数分类)
爱你真的不容易（.txt	爱你真的不容易（	qupu123-331115		0.0	qupu123 站点没有流派分类(只有字数分类)
爱字怎么写.txt	爱字怎么写	jianpucn-165596		0.0	jianpucn 站点没有流派分类(只有字数分类)
爱心永恒-女声独唱.txt	爱心永恒-女声独唱	jianpucn-146088		0.0	jianpucn 站点没有流派分类(只有字数分类)
爱情呼叫转移.txt	爱情呼叫转移	jianpucn-55370		0.0	jianpucn 站点没有流派分类(只有字数分类)
爱情字典_歌曲类.txt	爱情字典 歌曲类	jianpucn-64673		0.0	jianpucn 站点没有流派分类(只有字数分类)
爱情少尉.txt	爱情少尉	jianpucn-221820		0.0	jianpucn 站点没有流派分类(只有字数分类)
爱情接书_歌曲类.txt	爱情接书 歌曲类	jianpucn-64678		0.0	jianpucn 站点没有流派分类(只有字数分类)
爱情海_歌曲类.txt	爱情海 歌曲类	jianpucn-64680		0.0	jianpucn 站点没有流派分类(只有字数分类)
爱情的故事.txt	爱情的故事	jianpucn-109479		0.0	jianpucn 站点没有流派分类(只有字数分类)
爱情的重量.txt	爱情的重量	jianpucn-89259		0.0	jianpucn 站点没有流派分类(只有字数分类)
爱情证书.txt	爱情证书	jianpucn-34083		0.0	jianpucn 站点没有流派分类(只有字数分类)
爱情转移(林夕词_泽日生曲.txt	爱情转移(林夕词 泽日生曲	jianpucn-84595		0.0	jianpucn 站点没有流派分类(只有字数分类)
爱情转移.txt	爱情转移	jianpujia-19479		0.0	jianpujia 页面分类需联网取(见 --fetch-jianpujia)
爱情香_歌曲类.txt	爱情香 歌曲类	jianpucn-64676		0.0	jianpucn 站点没有流派分类(只有字数分类)
爱的四季（巴秀拉.txt	爱的四季（巴秀拉	qupu123-334472		0.0	qupu123 站点没有流派分类(只有字数分类)
爱的折磨（才潜.txt	爱的折磨（才潜	qupu123-332681		0.0	qupu123 站点没有流派分类(只有字数分类)
爱的箴言_歌曲类.txt	爱的箴言 歌曲类	jianpucn-64714		0.0	jianpucn 站点没有流派分类(只有字数分类)
爱的路程一瞬间.txt	爱的路程一瞬间	jianpucn-159443		0.0	jianpucn 站点没有流派分类(只有字数分类)
爱的过客（清闲人.txt	爱的过客（清闲人	qupu123-330271		0.0	qupu123 站点没有流派分类(只有字数分类)
爱给了你才博大.txt	爱给了你才博大	jianpucn-36072		0.0	jianpucn 站点没有流派分类(只有字数分类)
版纳情.txt	版纳情	jianpucn-129607		0.0	jianpucn 站点没有流派分类(只有字数分类)
牙刷小卫士.txt	牙刷小卫士	jianpucn-475915		0.0	jianpucn 站点没有流派分类(只有字数分类)
牛（黄自.txt	牛（黄自	qupu123-328268		0.0	qupu123 站点没有流派分类(只有字数分类)
牢记“两个务必”.txt	牢记“两个务必”	jianpucn-171071		0.0	jianpucn 站点没有流派分类(只有字数分类)
牵蚕丝.txt	牵蚕丝	jianpucn-248847		0.0	jianpucn 站点没有流派分类(只有字数分类)
狠不下心.txt	狠不下心	jianpucn-60462		0.0	jianpucn 站点没有流派分类(只有字数分类)
献给妈妈的歌.txt	献给妈妈的歌	qupu123-370866	分类/通俗歌曲	0.76	qupu123 栏目 tongsu(https://www.qupu123.com/tongsu/liuzi/p370866.html)
玫瑰（贰佰.txt	玫瑰（贰佰	qupu123-251510	分类/记谱	0.0	qupu123 栏目 jipu(置信度不足)
理想（赵雷.txt	理想（赵雷	qupu123-272854	分类/记谱	0.0	qupu123 栏目 jipu(置信度不足)
琉璃.txt	琉璃	jianpucn-268125		0.0	jianpucn 站点没有流派分类(只有字数分类)
琥珀.txt	琥珀	jianpucn-89383		0.0	jianpucn 站点没有流派分类(只有字数分类)
甘把热血化彩环.txt	甘把热血化彩环	jianpucn-204383		0.0	jianpucn 站点没有流派分类(只有字数分类)
生死永不分.txt	生死永不分	jianpucn-272402		0.0	jianpucn 站点没有流派分类(只有字数分类)
生死相依我苦恋着你.txt	生死相依我苦恋着你	qupu123-370215	分类/通俗歌曲	0.76	qupu123 栏目 tongsu(https://www.qupu123.com/tongsu/jiuziyishang/p370215.html)
生活之道.txt	生活之道	jianpucn-174016		0.0	jianpucn 站点没有流派分类(只有字数分类)
生活啊_多么美好.txt	生活啊 多么美好	jianpucn-258174		0.0	jianpucn 站点没有流派分类(只有字数分类)
用我的心握你的手.txt	用我的心握你的手	jianpucn-36543		0.0	jianpucn 站点没有流派分类(只有字数分类)
用我的生命赞美你的名字（）.txt	用我的生命赞美你的名字（）	qupu123-313625		0.0	qupu123 站点没有流派分类(只有字数分类)
田光歌曲选-37永恒的青春.txt	田光歌曲选-37永恒的青春	qupu123-322381	分类/儿歌	0.96	qupu123 栏目 shaoer(https://www.qupu123.com/shaoer/wuzi/p322381.html)
田纳西华尔兹.txt	田纳西华尔兹	qupu123-375487	分类/外国歌曲	0.0	qupu123 栏目 waiguo(置信度不足)
甲板上的马头琴.txt	甲板上的马头琴	jianpucn-161053		0.0	jianpucn 站点没有流派分类(只有字数分类)
电台情歌_歌曲类.txt	电台情歌 歌曲类	jianpucn-115333		0.0	jianpucn 站点没有流派分类(只有字数分类)
男儿泉&nbsp;&nbsp;.txt	男儿泉	jianpucn-475607		0.0	jianpucn 站点没有流派分类(只有字数分类)
男儿泉.txt	男儿泉	jianpucn-475607		0.0	jianpucn 站点没有流派分类(只有字数分类)
画一个新疆.txt	画一个新疆	jianpucn-454681		0.0	jianpucn 站点没有流派分类(只有字数分类)
疯疯癫癫活到老（.txt	疯疯癫癫活到老（	qupu123-331051		0.0	qupu123 站点没有流派分类(只有字数分类)
病名は愛だった.txt	病名は愛だった	jianpujia-15080		0.0	jianpujia 页面分类需联网取(见 --fetch-jianpujia)
痛爱的滋味（华政双.txt	痛爱的滋味（华政双	qupu123-103336		0.0	qupu123 站点没有流派分类(只有字数分类)
瘦瘦的.txt	瘦瘦的	jianpucn-89387		0.0	jianpucn 站点没有流派分类(只有字数分类)
白云（白云.txt	白云（白云	qupu123-333748		0.0	qupu123 站点没有流派分类(只有字数分类)
百岁不是梦（郭瑛.txt	百岁不是梦（郭瑛	qupu123-320099		0.0	qupu123 站点没有流派分类(只有字数分类)
百花迎春.txt	百花迎春	jianpucn-31046		0.0	jianpucn 站点没有流派分类(只有字数分类)
盛世华诞.txt	盛世华诞	jianpucn-208438		0.0	jianpucn 站点没有流派分类(只有字数分类)
盛世赞歌.txt	盛世赞歌	jianpucn-144517		0.0	jianpucn 站点没有流派分类(只有字数分类)
盛夏的果实_歌曲类.txt	盛夏的果实 歌曲类	jianpucn-115132		0.0	jianpucn 站点没有流派分类(只有字数分类)
目瑙纵歌.txt	目瑙纵歌	jianpucn-475909		0.0	jianpucn 站点没有流派分类(只有字数分类)
盲婚哑嫁.txt	盲婚哑嫁	jianpucn-454151		0.0	jianpucn 站点没有流派分类(只有字数分类)
相会在日光城.txt	相会在日光城	jianpucn-236223		0.0	jianpucn 站点没有流派分类(只有字数分类)
相信自己无限极.txt	相信自己无限极	jianpucn-275973		0.0	jianpucn 站点没有流派分类(只有字数分类)
相思遥.txt	相思遥	unknown		0.0	unknown 站点没有流派分类(只有字数分类)
相爱容易相处难_歌曲类.txt	相爱容易相处难 歌曲类	jianpucn-114966		0.0	jianpucn 站点没有流派分类(只有字数分类)
相识也是缘分（刘珺儿.txt	相识也是缘分（刘珺儿	qupu123-378369	分类/记谱	0.0	qupu123 栏目 jipu(置信度不足)
盼星星盼月亮.txt	盼星星盼月亮	jianpucn-474801		0.0	jianpucn 站点没有流派分类(只有字数分类)
看透.txt	看透	jianpucn-69452		0.0	jianpucn 站点没有流派分类(只有字数分类)
真情-蔡幸娟【彩谱】.txt	真情-蔡幸娟【彩谱】	jianpucn-145645		0.0	jianpucn 站点没有流派分类(只有字数分类)
真的让我爱你吗.txt	真的让我爱你吗	jianpucn-52988		0.0	jianpucn 站点没有流派分类(只有字数分类)
真的还是假的.txt	真的还是假的	jianpucn-120433		0.0	jianpucn 站点没有流派分类(只有字数分类)
眼泪成诗_歌曲类.txt	眼泪成诗 歌曲类	jianpucn-115146		0.0	jianpucn 站点没有流派分类(只有字数分类)
短发.txt	短发	jianpucn-818		0.0	jianpucn 站点没有流派分类(只有字数分类)
短歌行.txt	短歌行	jianpucn-60745		0.0	jianpucn 站点没有流派分类(只有字数分类)
石油人的歌.txt	石油人的歌	jianpucn-148909		0.0	jianpucn 站点没有流派分类(只有字数分类)
石油是一种特别的酒.txt	石油是一种特别的酒	jianpucn-32868		0.0	jianpucn 站点没有流派分类(只有字数分类)
祖国啊我永远热爱你.txt	祖国啊我永远热爱你	jianpucn-49047		0.0	jianpucn 站点没有流派分类(只有字数分类)
祖国正是花季.txt	祖国正是花季	jianpucn-121939		0.0	jianpucn 站点没有流派分类(只有字数分类)
祖国请接受我们的祝福.txt	祖国请接受我们的祝福	qupu123-370057	分类/美声	0.87	qupu123 栏目 meisheng(https://www.qupu123.com/meisheng/jiuziyishang/p370057.html)
祖国，为你唱支歌.txt	祖国，为你唱支歌	jianpucn-118859		0.0	jianpucn 站点没有流派分类(只有字数分类)
祖国，我想你.txt	祖国，我想你	jianpucn-136517		0.0	jianpucn 站点没有流派分类(只有字数分类)
祝福你（李德华.txt	祝福你（李德华	qupu123-335337		0.0	qupu123 站点没有流派分类(只有字数分类)
神仙留恋的好地方.txt	神仙留恋的好地方	jianpucn-301759		0.0	jianpucn 站点没有流派分类(只有字数分类)
神农颂.txt	神农颂	qupu123-371812	分类/民歌	0.93	qupu123 栏目 minge(https://www.qupu123.com/minge/sanzi/p371812.html)
神奇_歌曲类.txt	神奇 歌曲类	jianpucn-115157		0.0	jianpucn 站点没有流派分类(只有字数分类)
神奇的勒勒车.txt	神奇的勒勒车	jianpucn-32630		0.0	jianpucn 站点没有流派分类(只有字数分类)
神说_歌曲类.txt	神说 歌曲类	jianpucn-115136		0.0	jianpucn 站点没有流派分类(只有字数分类)
离别_歌曲类.txt	离别 歌曲类	jianpucn-64224		0.0	jianpucn 站点没有流派分类(只有字数分类)
种树（陆军.txt	种树（陆军	qupu123-331706		0.0	qupu123 站点没有流派分类(只有字数分类)
秦岭最美是商洛.txt	秦岭最美是商洛	qupu123-370385	分类/民歌	0.93	qupu123 栏目 minge(https://www.qupu123.com/minge/qizi/p370385.html)
稳稳的幸福.txt	稳稳的幸福	jianpucn-164228		0.0	jianpucn 站点没有流派分类(只有字数分类)
穿过你的黑发的我的手_歌曲类.txt	穿过你的黑发的我的手 歌曲类	jianpucn-64532		0.0	jianpucn 站点没有流派分类(只有字数分类)
突然好想你_2.txt	突然好想你	qupu123-243240	分类/记谱	0.0	qupu123 栏目 jipu(置信度不足)
窑洞里的红花花.txt	窑洞里的红花花	jianpucn-65122		0.0	jianpucn 站点没有流派分类(只有字数分类)
立春（）.txt	立春（）	qupu123-394919	分类/记谱	0.0	qupu123 栏目 jipu(置信度不足)
童年的家.txt	童年的家	jianpucn-475925		0.0	jianpucn 站点没有流派分类(只有字数分类)
童话_歌曲类.txt	童话 歌曲类	jianpucn-115060		0.0	jianpucn 站点没有流派分类(只有字数分类)
笑忘书.txt	笑忘书	jianpucn-53588		0.0	jianpucn 站点没有流派分类(只有字数分类)
第一千滴泪（蓝雨.txt	第一千滴泪（蓝雨	qupu123-117797	分类/记谱	0.0	qupu123 栏目 jipu(置信度不足)
第一次.txt	第一次	jianpucn-71105		0.0	jianpucn 站点没有流派分类(只有字数分类)
第三路军成立纪念歌.txt	第三路军成立纪念歌	jianpucn-160654		0.0	jianpucn 站点没有流派分类(只有字数分类)
等你归来.txt	等你归来	jianpucn-32484		0.0	jianpucn 站点没有流派分类(只有字数分类)
等着我.txt	等着我	jianpucn-419198		0.0	jianpucn 站点没有流派分类(只有字数分类)
粤语残片.txt	粤语残片	jianpucn-288797		0.0	jianpucn 站点没有流派分类(只有字数分类)
紧急的眼泪_歌曲类.txt	紧急的眼泪 歌曲类	jianpucn-64292		0.0	jianpucn 站点没有流派分类(只有字数分类)
紫竹调.txt	紫竹调	jianpujia-71684		0.0	jianpujia 页面分类需联网取(见 --fetch-jianpujia)
紫红色的樱桃.txt	紫红色的樱桃	jianpucn-109491		0.0	jianpucn 站点没有流派分类(只有字数分类)
红娃娃.txt	红娃娃	qupu123-377380	分类/儿歌	0.96	qupu123 栏目 shaoer(https://www.qupu123.com/shaoer/sanzi/p377380.html)
红月亮_红脸庞.txt	红月亮_红脸庞	qupu123-334929		0.0	qupu123 站点没有流派分类(只有字数分类)
红树林.txt	红树林	jianpucn-32017		0.0	jianpucn 站点没有流派分类(只有字数分类)
红树林之歌.txt	红树林之歌	jianpucn-318105		0.0	jianpucn 站点没有流派分类(只有字数分类)
红红的太阳升起来.txt	红红的太阳升起来	jianpucn-132322		0.0	jianpucn 站点没有流派分类(只有字数分类)
红色五乡之歌.txt	红色五乡之歌	qupu123-370001	分类/通俗歌曲	0.76	qupu123 栏目 tongsu(https://www.qupu123.com/tongsu/liuzi/p370001.html)
红花.txt	红花	jianpucn-89357		0.0	jianpucn 站点没有流派分类(只有字数分类)
红雨.txt	红雨	jianpucn-157213		0.0	jianpucn 站点没有流派分类(只有字数分类)
红颜一怒.txt	红颜一怒	jianpucn-161677		0.0	jianpucn 站点没有流派分类(只有字数分类)
红颜知己.txt	红颜知己	qupu123-369910	分类/民歌	0.93	qupu123 栏目 minge(https://www.qupu123.com/minge/sizi/p369910.html)
纤夫的爱.txt	纤夫的爱	qupu123-361315	分类/原创	0.0	qupu123 栏目 yuanchuang(置信度不足)
纸风车（罗晓航.txt	纸风车（罗晓航	qupu123-328401		0.0	qupu123 站点没有流派分类(只有字数分类)
纸飞机_歌曲类.txt	纸飞机 歌曲类	jianpucn-114808		0.0	jianpucn 站点没有流派分类(只有字数分类)
练兵谣（石扬.txt	练兵谣（石扬	qupu123-333279		0.0	qupu123 站点没有流派分类(只有字数分类)
给了你最真的我的心.txt	给了你最真的我的心	jianpucn-53018		0.0	jianpucn 站点没有流派分类(只有字数分类)
给我吧.txt	给我吧	jianpucn-70424		0.0	jianpucn 站点没有流派分类(只有字数分类)
给未来的自己.txt	给未来的自己	jianpucn-135812		0.0	jianpucn 站点没有流派分类(只有字数分类)
给未来的自己——梁静茹.txt	给未来的自己——梁静茹	jianpucn-205226		0.0	jianpucn 站点没有流派分类(只有字数分类)
维吾尔族舞蹈音乐：盛满葡萄.txt	维吾尔族舞蹈音乐：盛满葡萄	jianpucn-166406		0.0	jianpucn 站点没有流派分类(只有字数分类)
绿光.txt	绿光	jianpucn-88795		0.0	jianpucn 站点没有流派分类(只有字数分类)
绿叶对根的情意.txt	绿叶对根的情意	qupu123-370175	分类/通俗歌曲	0.76	qupu123 栏目 tongsu(https://www.qupu123.com/tongsu/qizi/p370175.html)
绿叶房.txt	绿叶房	qupu123-331114	分类/儿歌	0.96	qupu123 栏目 shaoer(https://www.qupu123.com/shaoer/sanzi/p331114.html)
羊肚肚手巾三道道蓝.txt	羊肚肚手巾三道道蓝	jianpucn-144493		0.0	jianpucn 站点没有流派分类(只有字数分类)
美丽人生2.txt	美丽人生2	jianpucn-34714		0.0	jianpucn 站点没有流派分类(只有字数分类)
美丽人生_官方版.txt	美丽人生 官方版	jianpucn-84637		0.0	jianpucn 站点没有流派分类(只有字数分类)
美丽人生_歌曲类.txt	美丽人生 歌曲类	jianpucn-64209		0.0	jianpucn 站点没有流派分类(只有字数分类)
美丽的哨卡.txt	美丽的哨卡	jianpucn-475803		0.0	jianpucn 站点没有流派分类(只有字数分类)
美丽的广西（黎强词_李勇改词.txt	美丽的广西（黎强词_李勇改词	qupu123-333454		0.0	qupu123 站点没有流派分类(只有字数分类)
美丽的桂林（刘瑞桂.txt	美丽的桂林（刘瑞桂	qupu123-333029		0.0	qupu123 站点没有流派分类(只有字数分类)
美丽的龙泉山.txt	美丽的龙泉山	jianpucn-38389		0.0	jianpucn 站点没有流派分类(只有字数分类)
美好家园（金文艺.txt	美好家园（金文艺	qupu123-335348		0.0	qupu123 站点没有流派分类(只有字数分类)
羞答答的玫瑰静悄悄地开_歌曲类.txt	羞答答的玫瑰静悄悄地开 歌曲类	jianpucn-113926		0.0	jianpucn 站点没有流派分类(只有字数分类)
羞答答的玫瑰静悄悄的开.txt	羞答答的玫瑰静悄悄的开	jianpucn-184938		0.0	jianpucn 站点没有流派分类(只有字数分类)
老乡.txt	老乡	jianpucn-36216		0.0	jianpucn 站点没有流派分类(只有字数分类)
老公老公我爱你.txt	老公老公我爱你	jianpucn-37119		0.0	jianpucn 站点没有流派分类(只有字数分类)
老师我想你.txt	老师我想你	jianpucn-474501		0.0	jianpucn 站点没有流派分类(只有字数分类)
老情歌.txt	老情歌	jianpucn-74680		0.0	jianpucn 站点没有流派分类(只有字数分类)
老爸辛苦了.txt	老爸辛苦了	qupu123-369953	分类/通俗歌曲	0.76	qupu123 栏目 tongsu(https://www.qupu123.com/tongsu/wuzi/p369953.html)
老百姓愿意跟着你.txt	老百姓愿意跟着你	jianpucn-50804		0.0	jianpucn 站点没有流派分类(只有字数分类)
老边防.txt	老边防	jianpucn-283444		0.0	jianpucn 站点没有流派分类(只有字数分类)
老鹰抓小鸡（罗晓航.txt	老鹰抓小鸡（罗晓航	qupu123-328291		0.0	qupu123 站点没有流派分类(只有字数分类)
胆小鬼_歌曲类.txt	胆小鬼 歌曲类	jianpucn-64499		0.0	jianpucn 站点没有流派分类(只有字数分类)
胭脂妆&nbsp;&nbsp;.txt	胭脂妆	jianpucn-475872		0.0	jianpucn 站点没有流派分类(只有字数分类)
胭脂妆.txt	胭脂妆	jianpucn-475872		0.0	jianpucn 站点没有流派分类(只有字数分类)
脸咋这么厚（刘妍.txt	脸咋这么厚（刘妍	qupu123-370467	分类/通俗歌曲	0.76	qupu123 栏目 tongsu(https://www.qupu123.com/tongsu/jiuziyishang/p370467.html)
腊梅花开.txt	腊梅花开	jianpucn-475827		0.0	jianpucn 站点没有流派分类(只有字数分类)
至少还有你2.txt	至少还有你2	jianpucn-213254		0.0	jianpucn 站点没有流派分类(只有字数分类)
致朋友.txt	致朋友	qupu123-370063	分类/通俗歌曲	0.76	qupu123 栏目 tongsu(https://www.qupu123.com/tongsu/sanzi/p370063.html)
舀河浜&nbsp;&nbsp;.txt	舀河浜	jianpucn-475614		0.0	jianpucn 站点没有流派分类(只有字数分类)
舀河浜.txt	舀河浜	jianpucn-475614		0.0	jianpucn 站点没有流派分类(只有字数分类)
舍不得你走.txt	舍不得你走	qupu123-370735	分类/记谱	0.0	qupu123 栏目 jipu(置信度不足)
舒心的日子.txt	舒心的日子	jianpucn-85050		0.0	jianpucn 站点没有流派分类(只有字数分类)
舞照跳.txt	舞照跳	jianpucn-287938		0.0	jianpucn 站点没有流派分类(只有字数分类)
舞龙的弟兄.txt	舞龙的弟兄	jianpucn-28490		0.0	jianpucn 站点没有流派分类(只有字数分类)
芦笙吹起来.txt	芦笙吹起来	jianpucn-148903		0.0	jianpucn 站点没有流派分类(只有字数分类)
芭伯勒波尔卡.txt	芭伯勒波尔卡	jianpucn-109486		0.0	jianpucn 站点没有流派分类(只有字数分类)
花儿与少年01.txt	花儿与少年01	qupu123-371264	分类/民歌	0.93	qupu123 栏目 minge(https://www.qupu123.com/minge/qizi/p371264.html)
花儿与少年（完整版歌词.txt	花儿与少年（完整版歌词	qupu123-370048		0.0	qupu123 站点没有流派分类(只有字数分类)
花房姑娘.txt	花房姑娘	qupu123-362266	分类/谱友上传	0.76	qupu123 栏目 puyou(https://www.qupu123.com/puyou/shangchuan/p362266.html)
花火_歌曲类.txt	花火 歌曲类	jianpucn-64351		0.0	jianpucn 站点没有流派分类(只有字数分类)
花花尕妹.txt	花花尕妹	jianpucn-74210		0.0	jianpucn 站点没有流派分类(只有字数分类)
苍天般的老阿爸.txt	苍天般的老阿爸	jianpucn-210460		0.0	jianpucn 站点没有流派分类(只有字数分类)
苍白浅影_（.txt	苍白浅影 （	jianpucn-109465		0.0	jianpucn 站点没有流派分类(只有字数分类)
苕乡情&nbsp;&nbsp;.txt	苕乡情	jianpucn-475699		0.0	jianpucn 站点没有流派分类(只有字数分类)
苕乡情.txt	苕乡情	jianpucn-475699		0.0	jianpucn 站点没有流派分类(只有字数分类)
英雄.txt	英雄	21qupu		0.0	21qupu 站点没有流派分类(只有字数分类)
英雄_2.txt	英雄	qpcxw		0.0	qpcxw 站点没有流派分类(只有字数分类)
英雄万岁.txt	英雄万岁	jianpucn-311565		0.0	jianpucn 站点没有流派分类(只有字数分类)
苹果香&nbsp;&nbsp;.txt	苹果香	jianpucn-475453		0.0	jianpucn 站点没有流派分类(只有字数分类)
苹果香.txt	苹果香	jianpucn-475453		0.0	jianpucn 站点没有流派分类(只有字数分类)
茉莉花的故乡.txt	茉莉花的故乡	jianpucn-152295		0.0	jianpucn 站点没有流派分类(只有字数分类)
茶山行吟（）.txt	茶山行吟（）	qupu123-394993	分类/原创	0.0	qupu123 栏目 yuanchuang(置信度不足)
草原就是我的家.txt	草原就是我的家	qupu123-370482	分类/民歌	0.93	qupu123 栏目 minge(https://www.qupu123.com/minge/qizi/p370482.html)
草原牧歌.txt	草原牧歌	jianpucn-472952		0.0	jianpucn 站点没有流派分类(只有字数分类)
草原的雄鹰_2.txt	草原的雄鹰	qupu123-333696	分类/民歌	0.93	qupu123 栏目 minge(https://www.qupu123.com/minge/wuzi/p333696.html)
莫斯科郊外的晚上.txt	莫斯科郊外的晚上	qupu123-370530	分类/外国歌曲	0.0	qupu123 栏目 waiguo(置信度不足)
莲花泡战役.txt	莲花泡战役	jianpucn-160664		0.0	jianpucn 站点没有流派分类(只有字数分类)
菊花台_2.txt	菊花台	jianpujia-15810		0.0	jianpujia 页面分类需联网取(见 --fetch-jianpujia)
菜园子&nbsp;&nbsp;.txt	菜园子	jianpucn-475520		0.0	jianpucn 站点没有流派分类(只有字数分类)
菜园子.txt	菜园子	jianpucn-475520		0.0	jianpucn 站点没有流派分类(只有字数分类)
葡萄成熟时.txt	葡萄成熟时	qupu123-374809	分类/谱友上传	0.76	qupu123 栏目 puyou(https://www.qupu123.com/puyou/shangchuan/p374809.html)
董小姐（.txt	董小姐（	qupu123-242866	分类/记谱	0.0	qupu123 栏目 jipu(置信度不足)
蒙古姑娘.txt	蒙古姑娘	qupu123-370594	分类/民歌	0.93	qupu123 栏目 minge(https://www.qupu123.com/minge/sizi/p370594.html)
蓝天（刘子昂.txt	蓝天（刘子昂	qupu123-335533		0.0	qupu123 站点没有流派分类(只有字数分类)
藏_2.txt	藏	qupu123-310245	分类/记谱	0.0	qupu123 栏目 jipu(置信度不足)
藏_3.txt	藏	qupu123-310506	分类/谱友上传	0.76	qupu123 栏目 puyou(https://www.qupu123.com/puyou/jipu/p310506.html)
藏爱.txt	藏爱	qupu123-366388	分类/记谱	0.0	qupu123 栏目 jipu(置信度不足)
藤死树生死也缠.txt	藤死树生死也缠	qupu123-325306	分类/合唱	0.93	qupu123 栏目 hechang(https://www.qupu123.com/hechang/qizi/p325306.html)
虹的一端（.txt	虹的一端（	jianpucn-109471		0.0	jianpucn 站点没有流派分类(只有字数分类)
蝴蝶结（.txt	蝴蝶结（	qupu123-382405		0.0	qupu123 站点没有流派分类(只有字数分类)
蝶恋花--庭院深深深几许.txt	蝶恋花--庭院深深深几许	qupu123-369152	分类/记谱	0.0	qupu123 栏目 jipu(置信度不足)
螃蟹呀螃蟹，一个也跑不脱（表.txt	螃蟹呀螃蟹，一个也跑不脱（表	qupu123-321998		0.0	qupu123 站点没有流派分类(只有字数分类)
血染的风采.txt	血染的风采	qupu123-350191	分类/记谱	0.0	qupu123 栏目 jipu(置信度不足)
被你感动.txt	被你感动	jianpucn-475881		0.0	jianpucn 站点没有流派分类(只有字数分类)
西海情歌_2.txt	西海情歌	jianpujia-15678		0.0	jianpujia 页面分类需联网取(见 --fetch-jianpujia)
西游记-回忆.txt	西游记-回忆	jianpucn-137809		0.0	jianpucn 站点没有流派分类(只有字数分类)
西部情歌.txt	西部情歌	jianpucn-58800		0.0	jianpucn 站点没有流派分类(只有字数分类)
西部放歌.txt	西部放歌	jianpucn-68537		0.0	jianpucn 站点没有流派分类(只有字数分类)
西部欢迎你.txt	西部欢迎你	jianpucn-144887		0.0	jianpucn 站点没有流派分类(只有字数分类)
解忧.txt	解忧	jianpucn-438492		0.0	jianpucn 站点没有流派分类(只有字数分类)
触痛心触痛爱.txt	触痛心触痛爱	qupu123-82346	分类/记谱	0.0	qupu123 栏目 jipu(置信度不足)
认真.txt	认真	jianpucn-211031		0.0	jianpucn 站点没有流派分类(只有字数分类)
让我留在你身边.txt	让我留在你身边	jianpucn-441809		0.0	jianpucn 站点没有流派分类(只有字数分类)
让爱永久永久（金少蒙.txt	让爱永久永久（金少蒙	qupu123-335031		0.0	qupu123 站点没有流派分类(只有字数分类)
让爱芬芳.txt	让爱芬芳	qupu123-370181	分类/通俗歌曲	0.76	qupu123 栏目 tongsu(https://www.qupu123.com/tongsu/sizi/p370181.html)
讲不出再见.txt	讲不出再见	qupu123-363360	分类/谱友上传	0.76	qupu123 栏目 puyou(https://www.qupu123.com/puyou/shangchuan/p363360.html)
该怎么爱你_歌曲类.txt	该怎么爱你 歌曲类	jianpucn-115284		0.0	jianpucn 站点没有流派分类(只有字数分类)
说到做到.txt	说到做到	jianpucn-416399		0.0	jianpucn 站点没有流派分类(只有字数分类)
说句心里话.txt	说句心里话	qupu123-350049	分类/谱友上传	0.76	qupu123 栏目 puyou(https://www.qupu123.com/puyou/shangchuan/p350049.html)
说散就散.txt	说散就散	qupu123-378419	分类/谱友上传	0.76	qupu123 栏目 puyou(https://www.qupu123.com/puyou/shangchuan/p378419.html)
谁.txt	谁	jianpucn-108878		0.0	jianpucn 站点没有流派分类(只有字数分类)
谁_2.txt	谁	jianpucn-118852		0.0	jianpucn 站点没有流派分类(只有字数分类)
谁_4.txt	谁	jianpucn-257959		0.0	jianpucn 站点没有流派分类(只有字数分类)
谁_5.txt	谁	jianpucn-257980		0.0	jianpucn 站点没有流派分类(只有字数分类)
谁_歌曲类.txt	谁 歌曲类	jianpucn-115120		0.0	jianpucn 站点没有流派分类(只有字数分类)
谁不说俺家乡好.txt	谁不说俺家乡好	qupu123-374395	分类/记谱	0.0	qupu123 栏目 jipu(置信度不足)
谁的眼泪在飞.txt	谁的眼泪在飞	jianpucn-36423		0.0	jianpucn 站点没有流派分类(只有字数分类)
谁能让时间倒流.txt	谁能让时间倒流	jianpucn-35043		0.0	jianpucn 站点没有流派分类(只有字数分类)
谁能让时间倒转_歌曲类.txt	谁能让时间倒转 歌曲类	jianpucn-115121		0.0	jianpucn 站点没有流派分类(只有字数分类)
谁要找吉普赛姑娘.txt	谁要找吉普赛姑娘	qupu123-372153	分类/通俗歌曲	0.76	qupu123 栏目 tongsu(https://www.qupu123.com/tongsu/bazi/p372153.html)
谷穗上的蝈蝈.txt	谷穗上的蝈蝈	jianpucn-41921		0.0	jianpucn 站点没有流派分类(只有字数分类)
象牙舟.txt	象牙舟	jianpucn-248858		0.0	jianpucn 站点没有流派分类(只有字数分类)
贫民窟之歌.txt	贫民窟之歌	qupu123-375501	分类/外国歌曲	0.0	qupu123 栏目 waiguo(置信度不足)
赛里木湖的白天鹅.txt	赛里木湖的白天鹅	jianpucn-40016		0.0	jianpucn 站点没有流派分类(只有字数分类)
赞家园.txt	赞家园	jianpucn-67545		0.0	jianpucn 站点没有流派分类(只有字数分类)
赞美你_骆驼.txt	赞美你 骆驼	jianpucn-261531		0.0	jianpucn 站点没有流派分类(只有字数分类)
赣南有座城.txt	赣南有座城	jianpucn-475736		0.0	jianpucn 站点没有流派分类(只有字数分类)
走出大山的建设者.txt	走出大山的建设者	jianpucn-289587		0.0	jianpucn 站点没有流派分类(只有字数分类)
走壶口.txt	走壶口	jianpucn-34759		0.0	jianpucn 站点没有流派分类(只有字数分类)
走过百年.txt	走过百年	jianpucn-471801		0.0	jianpucn 站点没有流派分类(只有字数分类)
走近黄果树大瀑布.txt	走近黄果树大瀑布	jianpucn-31415		0.0	jianpucn 站点没有流派分类(只有字数分类)
走进新农村.txt	走进新农村	jianpucn-73930		0.0	jianpucn 站点没有流派分类(只有字数分类)
超值的自弹.txt	超值的自弹	jianpucn-205622		0.0	jianpucn 站点没有流派分类(只有字数分类)
超快感.txt	超快感	jianpucn-88864		0.0	jianpucn 站点没有流派分类(只有字数分类)
跟影子说.txt	跟影子说	jianpucn-268679		0.0	jianpucn 站点没有流派分类(只有字数分类)
跟着我一辈子_歌曲类.txt	跟着我一辈子 歌曲类	jianpucn-115255		0.0	jianpucn 站点没有流派分类(只有字数分类)
跳绳（罗晓航.txt	跳绳（罗晓航	qupu123-328296		0.0	qupu123 站点没有流派分类(只有字数分类)
踏浪.txt	踏浪	qupu123-354206	分类/记谱	0.0	qupu123 栏目 jipu(置信度不足)
身为党员.txt	身为党员	jianpucn-207220		0.0	jianpucn 站点没有流派分类(只有字数分类)
转眼一生转身一世.txt	转眼一生转身一世	jianpucn-292178		0.0	jianpucn 站点没有流派分类(只有字数分类)
轻轻地喊声娘.txt	轻轻地喊声娘	jianpucn-151461		0.0	jianpucn 站点没有流派分类(只有字数分类)
辣椒峰.txt	辣椒峰	qupu123-396520	分类/谱友上传	0.76	qupu123 栏目 puyou(https://www.qupu123.com/puyou/shangchuan/p396520.html)
边关月.txt	边关月	jianpucn-118469		0.0	jianpucn 站点没有流派分类(只有字数分类)
边关飘荡七彩虹霓.txt	边关飘荡七彩虹霓	jianpucn-120219		0.0	jianpucn 站点没有流派分类(只有字数分类)
过云雨.txt	过云雨	jianpucn-54406		0.0	jianpucn 站点没有流派分类(只有字数分类)
运河之歌.txt	运河之歌	jianpucn-48735		0.0	jianpucn 站点没有流派分类(只有字数分类)
还有什么可以送给你.txt	还有什么可以送给你	jianpucn-187856		0.0	jianpucn 站点没有流派分类(只有字数分类)
这个春节，这个家.txt	这个春节，这个家	jianpucn-31145		0.0	jianpucn 站点没有流派分类(只有字数分类)
这么近那么远.txt	这么近那么远	jianpucn-272599		0.0	jianpucn 站点没有流派分类(只有字数分类)
这片黑土地_2.txt	这片黑土地	jianpucn-447792		0.0	jianpucn 站点没有流派分类(只有字数分类)
远方的故乡.txt	远方的故乡	jianpucn-475817		0.0	jianpucn 站点没有流派分类(只有字数分类)
连队里过大年.txt	连队里过大年	jianpucn-162328		0.0	jianpucn 站点没有流派分类(只有字数分类)
追星星的人.txt	追星星的人	qupu123-369929	分类/通俗歌曲	0.76	qupu123 栏目 tongsu(https://www.qupu123.com/tongsu/wuzi/p369929.html)
追月（.txt	追月（	qupu123-330890		0.0	qupu123 站点没有流派分类(只有字数分类)
追梦人_歌曲类.txt	追梦人 歌曲类	jianpucn-114802		0.0	jianpucn 站点没有流派分类(只有字数分类)
追求.txt	追求	qupu123-376083	分类/记谱	0.0	qupu123 栏目 jipu(置信度不足)
送西征.txt	送西征	jianpucn-160663		0.0	jianpucn 站点没有流派分类(只有字数分类)
逆光.txt	逆光	jianpucn-55026		0.0	jianpucn 站点没有流派分类(只有字数分类)
造林小曲（女声小.txt	造林小曲（女声小	qupu123-318778		0.0	qupu123 站点没有流派分类(只有字数分类)
遇见_歌曲类.txt	遇见 歌曲类	jianpucn-114857		0.0	jianpucn 站点没有流派分类(只有字数分类)
遇见了你.txt	遇见了你	jianpucn-118623		0.0	jianpucn 站点没有流派分类(只有字数分类)
避暑地.txt	避暑地	qupu123-375485	分类/外国歌曲	0.0	qupu123 栏目 waiguo(置信度不足)
邓丽君_51.txt	心湖里起涟漪	qupu123-292088	分类/通俗歌曲	0.76	qupu123 栏目 tongsu(https://www.qupu123.com/tongsu/jiuziyishang/p292088.html)
那句话（巴秀拉.txt	那句话（巴秀拉	qupu123-334707		0.0	qupu123 站点没有流派分类(只有字数分类)
那年那月_那山那水.txt	那年那月 那山那水	jianpucn-244993		0.0	jianpucn 站点没有流派分类(只有字数分类)
郊游_2.txt	郊游	qupu123-333756	分类/儿歌	0.96	qupu123 栏目 shaoer(https://www.qupu123.com/shaoer/erziyixia/p333756.html)
都怪我太傻.txt	都怪我太傻	qupu123-360797	分类/谱友上传	0.76	qupu123 栏目 puyou(https://www.qupu123.com/puyou/shangchuan/p360797.html)
都是你_歌曲类.txt	都是你 歌曲类	jianpucn-114858		0.0	jianpucn 站点没有流派分类(只有字数分类)
采蘑菇的小姑娘_2.txt	采蘑菇的小姑娘	qupu123-3316	分类/儿歌	0.96	qupu123 栏目 shaoer(https://www.qupu123.com/shaoer/qizi/p3316.html)
重阳日.txt	重阳日	jianpucn-207473		0.0	jianpucn 站点没有流派分类(只有字数分类)
野姜花我的回忆.txt	野姜花我的回忆	jianpucn-342959		0.0	jianpucn 站点没有流派分类(只有字数分类)
野百合也有春天_歌曲类.txt	野百合也有春天 歌曲类	jianpucn-114920		0.0	jianpucn 站点没有流派分类(只有字数分类)
野花_歌曲类.txt	野花 歌曲类	jianpucn-114919		0.0	jianpucn 站点没有流派分类(只有字数分类)
金海银滩.txt	金海银滩	qupu123-370779	分类/民歌	0.93	qupu123 栏目 minge(https://www.qupu123.com/minge/sizi/p370779.html)
金色葵花海.txt	金色葵花海	jianpucn-475854		0.0	jianpucn 站点没有流派分类(只有字数分类)
钟爱一生_歌曲类.txt	钟爱一生 歌曲类	jianpucn-114805		0.0	jianpucn 站点没有流派分类(只有字数分类)
钢铁长城颂.txt	钢铁长城颂	qupu123-369911	分类/美声	0.87	qupu123 栏目 meisheng(https://www.qupu123.com/meisheng/wuzi/p369911.html)
铁塔凌云.txt	铁塔凌云	qupu123-365146	分类/记谱	0.0	qupu123 栏目 jipu(置信度不足)
银鸽村之歌.txt	银鸽村之歌	qupu123-334215	分类/民歌	0.93	qupu123 栏目 minge(https://www.qupu123.com/minge/wuzi/p334215.html)
铿锵玫瑰_歌曲类.txt	铿锵玫瑰 歌曲类	jianpucn-64261		0.0	jianpucn 站点没有流派分类(只有字数分类)
长恨歌.txt	长恨歌	jianpucn-50769		0.0	jianpucn 站点没有流派分类(只有字数分类)
长江之歌.txt	长江之歌	jianpucn-437381		0.0	jianpucn 站点没有流派分类(只有字数分类)
长江妈妈.txt	长江妈妈	jianpucn-234904		0.0	jianpucn 站点没有流派分类(只有字数分类)
长江还有一支歌.txt	长江还有一支歌	jianpucn-242680		0.0	jianpucn 站点没有流派分类(只有字数分类)
闪亮的日子.txt	闪亮的日子	jianpucn-34999		0.0	jianpucn 站点没有流派分类(只有字数分类)
闪亮的星.txt	闪亮的星	jianpucn-40018		0.0	jianpucn 站点没有流派分类(只有字数分类)
问情_歌曲类.txt	问情 歌曲类	jianpucn-115046		0.0	jianpucn 站点没有流派分类(只有字数分类)
问楼兰.txt	问楼兰	jianpucn-147450		0.0	jianpucn 站点没有流派分类(只有字数分类)
阳关叹.txt	阳关叹	jianpucn-222682		0.0	jianpucn 站点没有流派分类(只有字数分类)
阿依汗的春天.txt	阿依汗的春天	qupu123-370486	分类/民歌	0.93	qupu123 栏目 minge(https://www.qupu123.com/minge/liuzi/p370486.html)
阿怪.txt	阿怪	jianpucn-89302		0.0	jianpucn 站点没有流派分类(只有字数分类)
阿根廷别为我哭泣.txt	阿根廷别为我哭泣	jianpucn-109492		0.0	jianpucn 站点没有流派分类(只有字数分类)
阿细跳月（.txt	阿细跳月（	jianpucn-109466		0.0	jianpucn 站点没有流派分类(只有字数分类)
陆北大&nbsp;&nbsp;.txt	陆北大	jianpucn-475623		0.0	jianpucn 站点没有流派分类(只有字数分类)
陆北大.txt	陆北大	jianpucn-475623		0.0	jianpucn 站点没有流派分类(只有字数分类)
陈奕迅-稳稳的幸福.txt	陈奕迅-稳稳的幸福	jianpucn-165010		0.0	jianpucn 站点没有流派分类(只有字数分类)
陪你度过漫长岁月.txt	陪你度过漫长岁月	jianpucn-342614		0.0	jianpucn 站点没有流派分类(只有字数分类)
雨.txt	雨	jianpucn-465598		0.0	jianpucn 站点没有流派分类(只有字数分类)
雨中百合花.txt	雨中百合花	jianpucn-475878		0.0	jianpucn 站点没有流派分类(只有字数分类)
雨天.txt	雨天	jianpucn-85622		0.0	jianpucn 站点没有流派分类(只有字数分类)
雨还是不停地落下.txt	雨还是不停地落下	jianpucn-471912		0.0	jianpucn 站点没有流派分类(只有字数分类)
雪娃娃（罗晓航.txt	雪娃娃（罗晓航	qupu123-328400		0.0	qupu123 站点没有流派分类(只有字数分类)
零缺点_歌曲类.txt	零缺点 歌曲类	jianpucn-64219		0.0	jianpucn 站点没有流派分类(只有字数分类)
電台情歌.txt	電台情歌	jianpucn-133850		0.0	jianpucn 站点没有流派分类(只有字数分类)
霸王剑.txt	霸王剑	jianpucn-165855		0.0	jianpucn 站点没有流派分类(只有字数分类)
青原赋.txt	青原赋	jianpucn-475606		0.0	jianpucn 站点没有流派分类(只有字数分类)
青原赋_&nbsp;&nbsp;.txt	青原赋	jianpucn-475606		0.0	jianpucn 站点没有流派分类(只有字数分类)
青春之火.txt	青春之火	jianpucn-475879		0.0	jianpucn 站点没有流派分类(只有字数分类)
青春闪亮（赖明友.txt	青春闪亮（赖明友	qupu123-333881		0.0	qupu123 站点没有流派分类(只有字数分类)
青溜溜青海青溜溜青.txt	青溜溜青海青溜溜青	jianpucn-66157		0.0	jianpucn 站点没有流派分类(只有字数分类)
顺时针.txt	顺时针	jianpucn-54136		0.0	jianpucn 站点没有流派分类(只有字数分类)
领悟（李宗盛.txt	领悟（李宗盛	qupu123-261725		0.0	qupu123 站点没有流派分类(只有字数分类)
风_告诉我.txt	风 告诉我	jianpucn-251976		0.0	jianpucn 站点没有流派分类(只有字数分类)
风中有朵雨做的云_歌曲类.txt	风中有朵雨做的云 歌曲类	jianpucn-64046		0.0	jianpucn 站点没有流派分类(只有字数分类)
风中有朵雨做的云降B调不转调伴奏.txt	风中有朵雨做的云降B调不转调伴奏	jianpucn-453124		0.0	jianpucn 站点没有流派分类(只有字数分类)
风华十五栽.txt	风华十五栽	jianpucn-475859		0.0	jianpucn 站点没有流派分类(只有字数分类)
风是我回忆的方向.txt	风是我回忆的方向	jianpucn-251977		0.0	jianpucn 站点没有流派分类(只有字数分类)
风柜来的人.txt	风柜来的人	jianpucn-264854		0.0	jianpucn 站点没有流派分类(只有字数分类)
风沙胡杨林.txt	风沙胡杨林	jianpucn-475809		0.0	jianpucn 站点没有流派分类(只有字数分类)
风筝_歌曲类.txt	风筝 歌曲类	jianpucn-115286		0.0	jianpucn 站点没有流派分类(只有字数分类)
飘落.txt	飘落	qupu123-376000	分类/通俗歌曲	0.76	qupu123 栏目 tongsu(https://www.qupu123.com/tongsu/erziyixia/p376000.html)
飘雪.txt	飘雪	qupu123-353556	分类/原创	0.0	qupu123 栏目 yuanchuang(置信度不足)
飞的理由.txt	飞的理由	jianpucn-61328		0.0	jianpucn 站点没有流派分类(只有字数分类)
飞翔吧，鸽子.txt	飞翔吧，鸽子	jianpucn-162457		0.0	jianpucn 站点没有流派分类(只有字数分类)
马帮情歌.txt	马帮情歌	jianpucn-82888		0.0	jianpucn 站点没有流派分类(只有字数分类)
骑单车的女孩.txt	骑单车的女孩	qupu123-356545	分类/原创	0.0	qupu123 栏目 yuanchuang(置信度不足)
高原传奇.txt	高原传奇	jianpucn-284954		0.0	jianpucn 站点没有流派分类(只有字数分类)
高原月.txt	高原月	jianpucn-55286		0.0	jianpucn 站点没有流派分类(只有字数分类)
高歌唱边关.txt	高歌唱边关	jianpucn-472548		0.0	jianpucn 站点没有流派分类(只有字数分类)
鬼迷心窍.txt	鬼迷心窍	jianpucn-59134		0.0	jianpucn 站点没有流派分类(只有字数分类)
魔幻季节_歌曲类.txt	魔幻季节 歌曲类	jianpucn-64175		0.0	jianpucn 站点没有流派分类(只有字数分类)
鸟儿展翅穿云霄.txt	鸟儿展翅穿云霄	qupu123-370484	分类/儿歌	0.96	qupu123 栏目 shaoer(https://www.qupu123.com/shaoer/qizi/p370484.html)
黄河。长河.txt	黄河。长河	jianpucn-74190		0.0	jianpucn 站点没有流派分类(只有字数分类)
黄河口之恋（李红林.txt	黄河口之恋（李红林	qupu123-333130		0.0	qupu123 站点没有流派分类(只有字数分类)
黄河小浪底.txt	黄河小浪底	jianpucn-294785		0.0	jianpucn 站点没有流派分类(只有字数分类)
黄河放歌.txt	黄河放歌	jianpucn-121916		0.0	jianpucn 站点没有流派分类(只有字数分类)
黄河放歌_2.txt	黄河放歌	jianpucn-407910		0.0	jianpucn 站点没有流派分类(只有字数分类)
黄河母亲河.txt	黄河母亲河	jianpucn-163626		0.0	jianpucn 站点没有流派分类(只有字数分类)
黄河母亲的河.txt	黄河母亲的河	jianpucn-33522		0.0	jianpucn 站点没有流派分类(只有字数分类)
黄河那道弯.txt	黄河那道弯	qupu123-369974	分类/民歌	0.93	qupu123 栏目 minge(https://www.qupu123.com/minge/wuzi/p369974.html)
黄河长江.txt	黄河长江	jianpucn-32304		0.0	jianpucn 站点没有流派分类(只有字数分类)
黄鸟.txt	黄鸟	qupu123-375492	分类/外国歌曲	0.0	qupu123 栏目 waiguo(置信度不足)
黑暗中的漫舞.txt	黑暗中的漫舞	jianpucn-204934		0.0	jianpucn 站点没有流派分类(只有字数分类)
黑暗的沉思.txt	黑暗的沉思	jianpucn-475684		0.0	jianpucn 站点没有流派分类(只有字数分类)
黑雨.txt	黑雨	jianpucn-41914		0.0	jianpucn 站点没有流派分类(只有字数分类)
默_2.txt	默	qupu123-382189	分类/通俗歌曲	0.76	qupu123 栏目 tongsu(https://www.qupu123.com/tongsu/erziyixia/p382189.html)
默读伤悲.txt	默读伤悲	jianpucn-34769		0.0	jianpucn 站点没有流派分类(只有字数分类)
龙之歌（.txt	龙之歌（	qupu123-330969		0.0	qupu123 站点没有流派分类(只有字数分类)
龙行天下（.txt	龙行天下（	qupu123-330951		0.0	qupu123 站点没有流派分类(只有字数分类)
