file	current_title	proposed_title	accepted	site	page_title
26_铺开一片蔚蓝.txt	26_铺开一片蔚蓝	26 铺开一片蔚蓝（双谱）	0	qupu123	26 铺开一片蔚蓝（双谱） _美声曲谱_中国曲谱网
Because_of_You.txt	Because_of_You	Because of You	0	qupu123	Because of You _外国曲谱_中国曲谱网
Beyond_My_Beloved_Horizon钢琴.txt	Beyond_My_Beloved_Horizon钢琴	Beyond_My_Beloved_Horizon	0	jianpujia	Beyond_My_Beloved_Horizon钢琴简谱_Hans_Zimmer&amp;Klaus_Badelt演唱-免费下载-简谱之家
Beyond_Rangoon_Waters_of_Irrawaddy钢琴.txt	Beyond_Rangoon_Waters_of_Irrawaddy钢琴	Beyond_Rangoon_Waters_of_Irrawaddy	0	jianpujia	Beyond_Rangoon_Waters_of_Irrawaddy钢琴简谱_马克西姆演唱-免费下载-简谱之家
Beyond_The_Sky钢琴.txt	Beyond_The_Sky钢琴	Beyond_The_Sky	0	jianpujia	Beyond_The_Sky钢琴简谱_未知演唱-免费下载-简谱之家
Blue_Berry_Hill_鸟饭树山.txt	Blue_Berry_Hill_鸟饭树山	Blue Berry Hill 鸟饭树山 （蓝莓山）	0	qupu123	Blue Berry Hill 鸟饭树山 （蓝莓山）_外国曲谱_中国曲谱网
Falling_in_Love.txt	Falling_in_Love	Falling_in_Love	0	jianpujia	Falling_in_Love简谱_许嵩演唱_桃李醉春风制作曲谱-免费下载-简谱之家
Happy_Birthday，Love_For_You.txt	Happy Birthday，Love For You	Happy Birthday，Love For You	0	qupu123	Happy Birthday，Love For You _通俗曲谱_中国曲谱网
I_will_carry_you钢琴谱当王者荣耀遇到五月天骨灰级玩家在哪里.txt	I_will_carry_you钢琴谱当王者荣耀遇到五月天骨灰级玩家在哪里	I_will_carry_you钢琴谱当王者荣耀遇到五月天骨灰级玩家在哪里	0	jianpujia	I_will_carry_you钢琴谱当王者荣耀遇到五月天骨灰级玩家在哪里-免费下载-简谱之家
Its_Happening钢琴.txt	Its_Happening钢琴	Its_Happening	0	jianpujia	Its_Happening钢琴简谱_World_Beyond演唱-免费下载-简谱之家
I’MH_A_P_P_Y我快乐儿歌.txt	I’MH_A_P_P_Y我快乐儿歌	I’MH_A_P_P_Y我快乐儿歌I’M_H_A_P_P_Y我快乐儿歌	0	jianpujia	I’MH_A_P_P_Y我快乐儿歌I’M_H_A_P_P_Y我快乐儿歌简谱-免费下载-简谱之家
MV_藏在浓雾里的朴家人.txt	MV_藏在浓雾里的朴家人	MV 藏在浓雾里的朴家人	0	qupu123	MV 藏在浓雾里的朴家人 _合唱曲谱_中国曲谱网
One_Final_Chance钢琴.txt	One_Final_Chance钢琴	One_Final_Chance	0	jianpujia	One_Final_Chance钢琴简谱_World_Beyond演唱-免费下载-简谱之家
Take_Me_To_Your_Heart（吻别）.txt	Take Me To Your Heart（吻别）	Take Me To Your Heart （吻别（英文版））	0	qupu123	Take Me To Your Heart （吻别（英文版））_谱友园地_中国曲谱网
The_Fate_of_Stars_星之命途合唱谱.txt	The_Fate_of_Stars_星之命途合唱谱	The Fate of Stars 星之命途合唱谱 （女声三部）	0	qupu123	The Fate of Stars 星之命途合唱谱 （女声三部）_球球584411678个人制谱园地_中国曲谱网
dance_monkey.txt	dance_monkey	dance monkey （跳舞的猴子）	1	qupu123	dance monkey （跳舞的猴子）_外国曲谱_中国曲谱网
【日】Lemon电视剧_非自然死亡_主题曲_ドラマ「アンナチュラ.txt	【日】Lemon电视剧_非自然死亡_主题曲_ドラマ「アンナチュラ	【日】Lemon电视剧_非自然死亡_主题曲/ドラマ「アンナチュラル」主題歌【日】Lemon电视剧_非自然死亡_主题曲_/_ドラマ「アンナチュラル」主題歌	0	jianpujia	【日】Lemon电视剧_非自然死亡_主题曲/ドラマ「アンナチュラル」主題歌【日】Lemon电视剧_非自然死亡_主题曲_/_ドラマ「アンナチュラル」主題歌简谱_米津玄师演唱_米津玄师/米津玄师词曲-免费下载-简谱之家
一半钢琴.txt	一半钢琴	一半	1	jianpujia	一半钢琴简谱_薛之谦演唱-免费下载-简谱之家
一只小花狗钢琴.txt	一只小花狗钢琴	一只小花狗	1	jianpujia	一只小花狗钢琴简谱_儿歌演唱-免费下载-简谱之家
一时的选择钢琴.txt	一时的选择钢琴	一时的选择	1	jianpujia	一时的选择钢琴简谱_林俊杰演唱-免费下载-简谱之家
一点点钢琴.txt	一点点钢琴	一点点	1	jianpujia	一点点钢琴简谱_周杰伦演唱-免费下载-简谱之家
一程山路钢琴.txt	一程山路钢琴	一程山路	1	jianpujia	一程山路钢琴简谱_毛不易演唱-免费下载-简谱之家
下雨了钢琴.txt	下雨了钢琴	下雨了	1	jianpujia	下雨了钢琴简谱_薛之谦演唱-免费下载-简谱之家
不懂钢琴.txt	不懂钢琴	不懂	1	jianpujia	不懂钢琴简谱_林俊杰演唱-免费下载-简谱之家
不潮不用花钱钢琴.txt	不潮不用花钱钢琴	不潮不用花钱	1	jianpujia	不潮不用花钱钢琴简谱_林俊杰演唱-免费下载-简谱之家
不能说的秘密片尾曲钢琴.txt	不能说的秘密片尾曲钢琴	不能说的秘密片尾曲	1	jianpujia	不能说的秘密片尾曲钢琴简谱_周杰伦演唱-免费下载-简谱之家
不该钢琴.txt	不该钢琴	不该	1	jianpujia	不该钢琴简谱_周杰伦演唱-免费下载-简谱之家
不说钢琴.txt	不说钢琴	不说	1	jianpujia	不说钢琴简谱_李荣浩演唱-免费下载-简谱之家
丑八怪钢琴.txt	丑八怪钢琴	丑八怪	1	jianpujia	丑八怪钢琴简谱_薛之谦演唱-免费下载-简谱之家
丑小鸭钢琴_2.txt	丑小鸭钢琴	丑小鸭	1	jianpujia	丑小鸭钢琴简谱_儿歌演唱-免费下载-简谱之家
两只老虎钢琴.txt	两只老虎钢琴	两只老虎	1	jianpujia	两只老虎钢琴简谱_儿歌演唱-免费下载-简谱之家
中__年.txt	中__年	中国少年先锋队队歌	0	jianpujia	中国少年先锋队队歌简谱(歌词)_儿歌_陈洲宏_记谱-免费下载-简谱之家
为了遇见你钢琴.txt	为了遇见你钢琴	为了遇见你	1	jianpujia	为了遇见你钢琴简谱_薛之谦演唱-免费下载-简谱之家
乌梅子酱钢琴.txt	乌梅子酱钢琴	乌梅子酱	1	jianpujia	乌梅子酱钢琴简谱_李荣浩演唱-免费下载-简谱之家
乡村吉他声.txt	乡村吉他声	乡村吉他声	0	qupu123	乡村吉他声 _合唱曲谱_中国曲谱网
二月里来_陕西民歌经典民歌100首.txt	二月里来_陕西民歌经典民歌100首	二月里来_陕西民歌经典民歌100首	0	jianpujia	二月里来_陕西民歌经典民歌100首简谱-免费下载-简谱之家
二胡的故事.txt	二胡的故事	二胡的故事	0	qupu123	二胡的故事 _明建音乐原创曲谱专栏_中国曲谱网
二零三钢琴.txt	二零三钢琴	二零三	1	jianpujia	二零三钢琴简谱_毛不易演唱-免费下载-简谱之家
五月_故乡的麦浪.txt	五月_故乡的麦浪	五月 故乡的麦浪 （又名：故乡的麦浪）	0	qupu123	五月 故乡的麦浪 （又名：故乡的麦浪）_民歌曲谱_中国曲谱网
伤心的人别听慢歌钢琴.txt	伤心的人别听慢歌钢琴	伤心的人别听慢歌	1	jianpujia	伤心的人别听慢歌钢琴简谱_数字双手_五月天-免费下载-简谱之家
但愿人长久钢琴.txt	但愿人长久钢琴	但愿人长久	1	jianpujia	但愿人长久钢琴简谱_邓丽君演唱-免费下载-简谱之家
你怎么说钢琴.txt	你怎么说钢琴	你怎么说	1	jianpujia	你怎么说钢琴简谱_邓丽君演唱-免费下载-简谱之家
你还要我怎样钢琴.txt	你还要我怎样钢琴	你还要我怎样	1	jianpujia	你还要我怎样钢琴简谱_薛之谦演唱-免费下载-简谱之家
像我这样的人钢琴.txt	像我这样的人钢琴	像我这样的人	1	jianpujia	像我这样的人钢琴简谱_毛不易演唱-免费下载-简谱之家
像风一样自由钢琴.txt	像风一样自由钢琴	像风一样自由	1	jianpujia	像风一样自由钢琴简谱_数字双手_许巍-免费下载-简谱之家
像风一样钢琴.txt	像风一样钢琴	像风一样	1	jianpujia	像风一样钢琴简谱_薛之谦演唱-免费下载-简谱之家
党旗艳_军旗红.txt	党旗艳_军旗红	党旗艳 军旗红	0	qupu123	党旗艳 军旗红 _民歌曲谱_中国曲谱网
入海钢琴.txt	入海钢琴	入海	1	jianpujia	入海钢琴简谱_数字双手_毛不易-免费下载-简谱之家
公鸡和母鸡钢琴.txt	公鸡和母鸡钢琴	公鸡和母鸡	1	jianpujia	公鸡和母鸡钢琴简谱_儿歌演唱-免费下载-简谱之家
共产党好_共产党亲.txt	共产党好_共产党亲	共产党好 共产党亲 （冯晓阳编合唱版）	0	qupu123	共产党好 共产党亲 （冯晓阳编合唱版）_合唱曲谱_中国曲谱网
兵娃娃_海娃娃.txt	兵娃娃_海娃娃	兵娃娃 海娃娃	0	qupu123	兵娃娃 海娃娃 _少儿曲谱_中国曲谱网
其实钢琴.txt	其实钢琴	其实	1	jianpujia	其实钢琴简谱_薛之谦演唱-免费下载-简谱之家
写德字_立人品.txt	写德字_立人品	写德字 立人品 （丁恩昌词 张国良曲）	0	qupu123	写德字 立人品 （丁恩昌词 张国良曲）_民歌曲谱_中国曲谱网
农家乐_乐万家.txt	农家乐_乐万家	农家乐 乐万家	0	qupu123	农家乐 乐万家 _合唱曲谱_中国曲谱网
冷雨夜钢琴.txt	冷雨夜钢琴	冷雨夜	1	jianpujia	冷雨夜钢琴简谱_Beyond演唱-免费下载-简谱之家
刚刚好钢琴.txt	刚刚好钢琴	刚刚好	1	jianpujia	刚刚好钢琴简谱_薛之谦演唱-免费下载-简谱之家
动物世界钢琴.txt	动物世界钢琴	动物世界	1	jianpujia	动物世界钢琴简谱_薛之谦演唱-免费下载-简谱之家
勇敢的鄂伦春钢琴.txt	勇敢的鄂伦春钢琴	勇敢的鄂伦春	1	jianpujia	勇敢的鄂伦春钢琴简谱_民歌演唱-免费下载-简谱之家
北国之春钢琴.txt	北国之春钢琴	北国之春	1	jianpujia	北国之春钢琴简谱_邓丽君演唱-免费下载-简谱之家
千百度钢琴.txt	千百度钢琴	千百度	1	jianpujia	千百度钢琴简谱_许嵩演唱-免费下载-简谱之家
南湖的船_党的摇篮.txt	南湖的船_党的摇篮	南湖的船 党的摇篮	0	qupu123	南湖的船 党的摇篮 _合唱曲谱_中国曲谱网
又弹起心爱的土琵琶.txt	又弹起心爱的土琵琶	又弹起心爱的土琵琶 （刘德华）	0	qupu123	又弹起心爱的土琵琶 （刘德华）_心之歌个人制谱园地_中国曲谱网
合拍钢琴.txt	合拍钢琴	合拍	1	jianpujia	合拍钢琴简谱_许嵩演唱-免费下载-简谱之家
咖啡在等一个人等一个人咖啡电影主题曲_老板娘主题曲EPHK精.txt	咖啡在等一个人等一个人咖啡电影主题曲_老板娘主题曲EPHK精	咖啡在等一个人等一个人咖啡电影主题曲_老板娘主题曲EPHK精准版	0	jianpujia	咖啡在等一个人等一个人咖啡电影主题曲_老板娘主题曲EPHK精准版简谱_周慧敏演唱-免费下载-简谱之家
啊，草原李良词李炫春曲.txt	啊，草原李良词李炫春曲	啊，草原李良词李炫春曲啊，草原李良词_李炫春曲	0	jianpujia	啊，草原李良词李炫春曲啊，草原李良词_李炫春曲简谱_枫桥演唱_李良/李炫春词曲-免费下载-简谱之家
喜帖街（吉他.txt	喜帖街（吉他	喜帖街 （吉他弹唱、小叶歌制谱版）	0	qupu123	喜帖街 （吉他弹唱、小叶歌制谱版）_小叶歌吉他个人制谱园地_中国曲谱网
喜欢你钢琴.txt	喜欢你钢琴	喜欢你	1	jianpujia	喜欢你钢琴简谱_Beyond演唱-免费下载-简谱之家
国歌响起_国旗升起.txt	国歌响起_国旗升起	国歌响起 国旗升起 （合唱）	0	qupu123	国歌响起 国旗升起 （合唱）_少儿曲谱_中国曲谱网
圣诞星钢琴.txt	圣诞星钢琴	圣诞星	1	jianpujia	圣诞星钢琴简谱_周杰伦_杨瑞代演唱-免费下载-简谱之家
在一起嘛好不好钢琴.txt	在一起嘛好不好钢琴	在一起嘛好不好	1	jianpujia	在一起嘛好不好钢琴简谱_数字双手_李荣浩-免费下载-简谱之家
在这个世界相遇钢琴.txt	在这个世界相遇钢琴	在这个世界相遇	1	jianpujia	在这个世界相遇钢琴简谱_陈奕迅演唱-免费下载-简谱之家
城府钢琴.txt	城府钢琴	城府	1	jianpujia	城府钢琴简谱_许嵩演唱-免费下载-简谱之家
夏天的风天天词周杰伦曲.txt	夏天的风天天词周杰伦曲	夏天的风天天词周杰伦曲	0	jianpujia	夏天的风天天词周杰伦曲简谱_温岚演唱_天天/周杰伦词曲-免费下载-简谱之家
夏至未至钢琴.txt	夏至未至钢琴	夏至未至	1	jianpujia	夏至未至钢琴简谱_胡夏演唱-免费下载-简谱之家
外婆桥钢琴.txt	外婆桥钢琴	外婆桥	1	jianpujia	外婆桥钢琴简谱_儿歌演唱-免费下载-简谱之家
天外来物钢琴.txt	天外来物钢琴	天外来物	1	jianpujia	天外来物钢琴简谱_数字双手_薛之谦-免费下载-简谱之家
天黑黑钢琴.txt	天黑黑钢琴	天黑黑	1	jianpujia	天黑黑钢琴简谱_邓丽君演唱-免费下载-简谱之家
好好钢琴.txt	好好钢琴	好好(想把你写成一首歌)	0	jianpujia	好好(想把你写成一首歌)钢琴简谱_五月天演唱-免费下载-简谱之家
如果我们不曾相遇钢琴.txt	如果我们不曾相遇钢琴	如果我们不曾相遇	1	jianpujia	如果我们不曾相遇钢琴简谱_五月天演唱-免费下载-简谱之家
孤独娱乐钢琴.txt	孤独娱乐钢琴	孤独娱乐	1	jianpujia	孤独娱乐钢琴简谱_林俊杰演唱-免费下载-简谱之家
安河桥（拇指琴卡林巴琴和弦.txt	安河桥（拇指琴卡林巴琴和弦	安河桥 （拇指琴卡林巴琴和弦简谱）	0	qupu123	安河桥 （拇指琴卡林巴琴和弦简谱）_谱友园地_中国曲谱网
对__徽______100__谱-_谱.txt	对__徽______100__谱-_谱	对花安徽民歌经典民歌100首	1	jianpujia	对花安徽民歌经典民歌100首简谱-免费下载-简谱之家
对_河.txt	对_河	对花河北民歌经典民歌100首	0	jianpujia	对花河北民歌经典民歌100首简谱-免费下载-简谱之家
将军令钢琴.txt	将军令钢琴	将军令	1	jianpujia	将军令钢琴简谱_五月天演唱-免费下载-简谱之家
小丑钢琴.txt	小丑钢琴	小丑	1	jianpujia	小丑钢琴简谱_毛不易演唱-免费下载-简谱之家
小城故事钢琴.txt	小城故事钢琴	小城故事	1	jianpujia	小城故事钢琴简谱_邓丽君演唱-免费下载-简谱之家
小小周杰伦词方文山曲.txt	小小周杰伦词方文山曲	小小周杰伦词方文山曲小小周杰伦词_方文山曲	0	jianpujia	小小周杰伦词方文山曲小小周杰伦词_方文山曲简谱-免费下载-简谱之家
小星星广告版钢琴.txt	小星星广告版钢琴	小星星广告版	1	jianpujia	小星星广告版钢琴简谱_儿歌演唱-免费下载-简谱之家
小红帽钢琴.txt	小红帽钢琴	小红帽	1	jianpujia	小红帽钢琴简谱_儿歌演唱-免费下载-简谱之家
小酒窝钢琴.txt	小酒窝钢琴	小酒窝	1	jianpujia	小酒窝钢琴简谱_林俊杰_蔡卓妍演唱-免费下载-简谱之家
少女的祈祷（拇指琴卡林巴琴和弦.txt	少女的祈祷（拇指琴卡林巴琴和弦	少女的祈祷 （拇指琴卡林巴琴和弦简谱）	0	qupu123	少女的祈祷 （拇指琴卡林巴琴和弦简谱）_谱友园地_中国曲谱网
尘大师钢琴.txt	尘大师钢琴	尘大师	1	jianpujia	尘大师钢琴简谱_陈奕迅演唱-免费下载-简谱之家
就这样钢琴.txt	就这样钢琴	就这样	1	jianpujia	就这样钢琴简谱_李荣浩演唱-免费下载-简谱之家
屯堡_屯堡.txt	屯堡_屯堡	屯堡 屯堡	0	qupu123	屯堡 屯堡 _合唱曲谱_中国曲谱网
巢湖美_美在水.txt	巢湖美_美在水	巢湖美 美在水	0	qupu123	巢湖美 美在水 _合唱曲谱_中国曲谱网
帮助别人_快乐自己.txt	帮助别人_快乐自己	帮助别人 快乐自己	0	qupu123	帮助别人 快乐自己 _李锋(不老锋)原创曲谱专栏_中国曲谱网
平安是福_文明是金.txt	平安是福_文明是金	平安是福 文明是金	0	qupu123	平安是福 文明是金 _少儿曲谱_中国曲谱网
庐州月完美版钢琴.txt	庐州月完美版钢琴	庐州月完美版	1	jianpujia	庐州月完美版钢琴简谱_许嵩__Vae演唱-免费下载-简谱之家
开秧门_唱秧歌.txt	开秧门_唱秧歌	开秧门 唱秧歌	0	qupu123	开秧门 唱秧歌 _合唱曲谱_中国曲谱网
强军_强军.txt	强军_强军	强军 强军 （邬大为词 胡俊成曲）	0	qupu123	强军 强军 （邬大为词 胡俊成曲）_民歌曲谱_中国曲谱网
心在草原王春明词姜振曲.txt	心在草原王春明词姜振曲	心在草原王春明词姜振曲心在草原王春明词_姜振曲	0	jianpujia	心在草原王春明词姜振曲心在草原王春明词_姜振曲简谱-免费下载-简谱之家
心墙钢琴.txt	心墙钢琴	心墙	1	jianpujia	心墙钢琴简谱_林俊杰演唱-免费下载-简谱之家
怀念呼盟草原李一泉词于珂群曲.txt	怀念呼盟草原李一泉词于珂群曲	怀念呼盟草原李一泉词于珂群曲怀念呼盟草原李一泉词_于珂群曲	0	jianpujia	怀念呼盟草原李一泉词于珂群曲怀念呼盟草原李一泉词_于珂群曲简谱-免费下载-简谱之家
恨幸福来过钢琴.txt	恨幸福来过钢琴	恨幸福来过	1	jianpujia	恨幸福来过钢琴简谱_林俊杰_金钟国演唱-免费下载-简谱之家
恭喜恭喜钢琴.txt	恭喜恭喜钢琴	恭喜恭喜	1	jianpujia	恭喜恭喜钢琴简谱_邓丽君演唱-免费下载-简谱之家
想着你_爱着你.txt	想着你_爱着你	想着你 爱着你	0	qupu123	想着你 爱着你 _合唱曲谱_中国曲谱网
感谢钢琴.txt	感谢钢琴	感谢	1	jianpujia	感谢钢琴简谱_儿歌演唱-免费下载-简谱之家
愿与愁钢琴.txt	愿与愁钢琴	愿与愁	1	jianpujia	愿与愁钢琴简谱_林俊杰演唱-免费下载-简谱之家
慢半拍钢琴.txt	慢半拍钢琴	慢半拍	1	jianpujia	慢半拍钢琴简谱_薛之谦演唱-免费下载-简谱之家
慢慢喜欢你（拇指琴卡林巴琴和弦.txt	慢慢喜欢你（拇指琴卡林巴琴和弦	慢慢喜欢你 （拇指琴卡林巴琴和弦简谱）	0	qupu123	慢慢喜欢你 （拇指琴卡林巴琴和弦简谱）_谱友园地_中国曲谱网
慢慢（卡林巴拇指琴.txt	慢慢（卡林巴拇指琴	慢慢 （卡林巴拇指琴简谱）	0	qupu123	慢慢 （卡林巴拇指琴简谱）_谱友园地_中国曲谱网
成全（拇指琴卡林巴琴和弦.txt	成全（拇指琴卡林巴琴和弦	成全 （拇指琴卡林巴琴和弦简谱）	0	qupu123	成全 （拇指琴卡林巴琴和弦简谱）_谱友园地_中国曲谱网
我_心_FEARLESS.txt	我_心_FEARLESS	我 心 FEARLESS	0	qupu123	我 心 FEARLESS _通俗曲谱_中国曲谱网
我不愿让你一个人钢琴.txt	我不愿让你一个人钢琴	我不愿让你一个人	1	jianpujia	我不愿让你一个人钢琴简谱_五月天演唱-免费下载-简谱之家
我好像在哪见过你钢琴.txt	我好像在哪见过你钢琴	我好像在哪见过你	1	jianpujia	我好像在哪见过你钢琴简谱_薛之谦演唱-免费下载-简谱之家
我害怕钢琴.txt	我害怕钢琴	我害怕	1	jianpujia	我害怕钢琴简谱_薛之谦演唱-免费下载-简谱之家
我想和你去一个地方（稳_稳.txt	我想和你去一个地方（稳_稳	我想和你去一个地方 （稳 稳 演唱）	0	qupu123	我想和你去一个地方 （稳 稳 演唱）_先启个人制谱园地_中国曲谱网
我落泪情绪零碎钢琴.txt	我落泪情绪零碎钢琴	我落泪情绪零碎	1	jianpujia	我落泪情绪零碎钢琴简谱_周杰伦演唱-免费下载-简谱之家
托起梦中的太阳·.txt	托起梦中的太阳·	托起梦中的太阳· （艺术片《三峡梦》学区）	0	qupu123	托起梦中的太阳· （艺术片《三峡梦》学区）_合唱曲谱_中国曲谱网
把爱留在草原高佳词车若娟曲_2.txt	把爱留在草原高佳词车若娟曲	把爱留在草原高佳词车若娟曲_把爱留在草原高佳词_车若娟曲	0	jianpujia	把爱留在草原高佳词车若娟曲_把爱留在草原高佳词_车若娟曲简谱-免费下载-简谱之家
抗战十四年_爷爷是好样.txt	抗战十四年_爷爷是好样	抗战十四年 爷爷是好样	0	qupu123	抗战十四年 爷爷是好样 _少儿曲谱_中国曲谱网
拔萝卜钢琴.txt	拔萝卜钢琴	拔萝卜	1	jianpujia	拔萝卜钢琴简谱_儿歌演唱-免费下载-简谱之家
拥抱钢琴.txt	拥抱钢琴	拥抱	1	jianpujia	拥抱钢琴简谱_五月天演唱-免费下载-简谱之家
挂红灯_-_白嘉妮.txt	挂红灯_-_白嘉妮	挂红灯 - 白嘉妮	0	qupu123	挂红灯 - 白嘉妮 _天恩原创曲谱专栏_中国曲谱网
故乡钢琴.txt	故乡钢琴	故乡	1	jianpujia	故乡钢琴简谱_数字双手_许巍-免费下载-简谱之家
断桥残雪钢琴.txt	断桥残雪钢琴	断桥残雪	1	jianpujia	断桥残雪钢琴简谱_许嵩演唱-免费下载-简谱之家
新使命_新召唤.txt	新使命_新召唤	新使命 新召唤	0	qupu123	新使命 新召唤 _民歌曲谱_中国曲谱网
新年好钢琴.txt	新年好钢琴	新年好	1	jianpujia	新年好钢琴简谱_儿歌演唱-免费下载-简谱之家
方圆几里钢琴.txt	方圆几里钢琴	方圆几里	1	jianpujia	方圆几里钢琴简谱_薛之谦演唱-免费下载-简谱之家
旅行钢琴.txt	旅行钢琴	旅行	1	jianpujia	旅行钢琴简谱_许巍演唱-免费下载-简谱之家
暧昧钢琴.txt	暧昧钢琴	暧昧	1	jianpujia	暧昧钢琴简谱_薛之谦演唱-免费下载-简谱之家
月亮代表我的心超简单版钢琴.txt	月亮代表我的心超简单版钢琴	月亮代表我的心超简单版	1	jianpujia	月亮代表我的心超简单版钢琴简谱_邓丽君演唱-免费下载-简谱之家
月亮代表我的心钢琴.txt	月亮代表我的心钢琴	月亮代表我的心	1	jianpujia	月亮代表我的心钢琴简谱_邓丽君演唱-免费下载-简谱之家
有情也难牵你手1=be4_4_伤感地.txt	有情也难牵你手1=be4_4_伤感地	有情也难牵你手	1	jianpujia	有情也难牵你手1=be4/4_伤感地简谱_萨克斯吹奏:草原丁喜演唱_马正寿、黎敦武/草原丁喜词曲-免费下载-简谱之家
有没有钢琴.txt	有没有钢琴	有没有	1	jianpujia	有没有钢琴简谱_薛之谦演唱-免费下载-简谱之家
望草原李建方词黄清林曲.txt	望草原李建方词黄清林曲	望草原李建方词黄清林曲望草原李建方词_黄清林曲	0	jianpujia	望草原李建方词黄清林曲望草原李建方词_黄清林曲简谱-免费下载-简谱之家
木瓜恰恰恰钢琴.txt	木瓜恰恰恰钢琴	木瓜恰恰恰	1	jianpujia	木瓜恰恰恰钢琴简谱_儿歌演唱-免费下载-简谱之家
未命名-jianpujia-15773.txt	未命名-jianpujia-15773	小燕子	1	jianpujia	小燕子简谱_儿歌经典何以不朽-免费下载-简谱之家
未命名-jianpujia-15835.txt	未命名-jianpujia-15835	生日快乐	1	jianpujia	生日快乐简谱_儿歌_唱着祝你生日快乐的歌向你走近，表达我的祈愿-免费下载-简谱之家
未命名-jianpujia-236274.txt	未命名-jianpujia-236274	哲古草原知音草原风情系列之二	1	jianpujia	哲古草原知音草原风情系列之二简谱-免费下载-简谱之家
未命名-jianpujia-237000.txt	未命名-jianpujia-237000	美玉草原知音草原风情系列之十	1	jianpujia	美玉草原知音草原风情系列之十简谱-免费下载-简谱之家
未命名-jianpujia-238450.txt	未命名-jianpujia-238450	草原春不老草原丁喜萨克斯原创曲	1	jianpujia	草原春不老草原丁喜萨克斯原创曲简谱_草原丁喜演唱_草原大哈、马正寿/草原丁喜、丁喜词曲-免费下载-简谱之家
未命名-jianpujia-255717.txt	未命名-jianpujia-255717	小白兔白又白	1	jianpujia	小白兔白又白钢琴简谱_儿歌演唱-免费下载-简谱之家
未命名-jianpujia-26419.txt	未命名-jianpujia-26419	粉刷匠	1	jianpujia	粉刷匠简谱_儿歌_小小的人儿，大大的梦想-免费下载-简谱之家
未命名-jianpujia-26487.txt	未命名-jianpujia-26487	嘿小脚	1	jianpujia	嘿小脚简谱(歌词)_儿歌_谱友陈洲宏上传-免费下载-简谱之家
未命名-jianpujia-301762.txt	未命名-jianpujia-301762	草原的承诺草原丁喜萨克斯原创曲	1	jianpujia	草原的承诺草原丁喜萨克斯原创曲简谱_草原美娥演唱_马正寿/草原丁喜词曲-免费下载-简谱之家
未命名-jianpujia-314355.txt	未命名-jianpujia-314355	月牙五更经典民歌100首	1	jianpujia	月牙五更经典民歌100首简谱_徐志列演唱_吉林民歌/刘忠义传腔词曲-免费下载-简谱之家
未命名-jianpujia-316848.txt	未命名-jianpujia-316848	夏夜的红玫瑰	1	jianpujia	夏夜的红玫瑰简谱_草原江枫渔火演唱_草原大哈/草原丁喜词曲-免费下载-简谱之家
未命名-jianpujia-317610.txt	未命名-jianpujia-317610	燕子归来草原丁喜萨克斯原创曲	1	jianpujia	燕子归来草原丁喜萨克斯原创曲简谱_草原丁喜演唱_草原大哈/草原丁喜词曲-免费下载-简谱之家
未命名-jianpujia-337301.txt	未命名-jianpujia-337301	我要你电影_驴得水_主题曲电影_驴得水_主题曲	0	jianpujia	我要你电影_驴得水_主题曲电影_驴得水_主题曲简谱_老狼演唱_樊冲/樊冲词曲-免费下载-简谱之家
未命名-jianpujia-349477.txt	未命名-jianpujia-349477	草原无名河草原歌曲100首	1	jianpujia	草原无名河草原歌曲100首简谱_德德玛演唱_王然/呼格吉夫词曲-免费下载-简谱之家
未命名-jianpujia-397525.txt	未命名-jianpujia-397525	黑眼睛金波词杨春华曲、儿歌黑眼睛金波词_杨春华曲、儿歌	0	jianpujia	黑眼睛金波词杨春华曲、儿歌黑眼睛金波词_杨春华曲、儿歌简谱-免费下载-简谱之家
未命名-jianpujia-418203.txt	未命名-jianpujia-418203	草原湖，草原雨独唱歌曲	1	jianpujia	草原湖，草原雨独唱歌曲简谱_金磊鑫演唱_火华/斯琴朝克图词曲-免费下载-简谱之家
未命名-jianpujia-7077.txt	未命名-jianpujia-7077	我从草原来	1	jianpujia	我从草原来简谱_凤凰传奇_我的青青草原梦-免费下载-简谱之家
未命名-jianpujia-74558.txt	未命名-jianpujia-74558	小松树	1	jianpujia	小松树简谱_幼儿园儿歌演唱-免费下载-简谱之家
未命名-qupu123-395375.txt	未命名-qupu123-395375	<微山湖> （改编歌曲）	1	qupu123	<微山湖> （改编歌曲）_幸福人生wsx个人制谱园地_中国曲谱网
未命名-qupu123-395403.txt	未命名-qupu123-395403	<咱们说说知心话> （改编歌曲）	1	qupu123	<咱们说说知心话> （改编歌曲）_幸福人生wsx个人制谱园地_中国曲谱网
未命名-qupu123-395461.txt	未命名-qupu123-395461	<今天是你的生日> （改编歌曲）	1	qupu123	<今天是你的生日> （改编歌曲）_幸福人生wsx个人制谱园地_中国曲谱网
李白钢琴.txt	李白钢琴	李白	1	jianpujia	李白钢琴简谱_李荣浩演唱-免费下载-简谱之家
来日方长钢琴.txt	来日方长钢琴	来日方长	1	jianpujia	来日方长钢琴简谱_薛之谦_黄龄演唱-免费下载-简谱之家
林俊杰《修炼爱情》吉他谱C调入门版_猴哥吉他教学_高音教编配.txt	林俊杰《修炼爱情》吉他谱C调入门版 猴哥吉他教学 高音教编配	林俊杰《修炼爱情》吉他谱C调入门版 猴哥吉他教学 高音教编配	0	qupu123	林俊杰《修炼爱情》吉他谱C调入门版 猴哥吉他教学 高音教编配 _谱友园地_中国曲谱网
桂花园_樟树园.txt	桂花园_樟树园	桂花园 樟树园	0	qupu123	桂花园 樟树园 _民歌曲谱_中国曲谱网
梁家河_中国梦.txt	梁家河_中国梦	梁家河 中国梦	0	qupu123	梁家河 中国梦 _民歌曲谱_中国曲谱网
梨花开_等你来.txt	梨花开_等你来	梨花开 等你来	0	qupu123	梨花开 等你来 _民歌曲谱_中国曲谱网
次次心动_次次落空.txt	次次心动_次次落空	次次心动 次次落空	0	qupu123	次次心动 次次落空 _天恩原创曲谱专栏_中国曲谱网
武陵源_桃花源.txt	武陵源_桃花源	武陵源 桃花源	0	qupu123	武陵源 桃花源 _民歌曲谱_中国曲谱网
母亲的草原_生命的摇篮.txt	母亲的草原_生命的摇篮	母亲的草原 生命的摇篮	0	qupu123	母亲的草原 生命的摇篮 _民歌曲谱_中国曲谱网
母亲草原刘志毅词夏宝森曲.txt	母亲草原刘志毅词夏宝森曲	母亲草原刘志毅词夏宝森曲母亲草原刘志毅词_夏宝森曲	0	jianpujia	母亲草原刘志毅词夏宝森曲母亲草原刘志毅词_夏宝森曲简谱-免费下载-简谱之家
江湖钢琴.txt	江湖钢琴	江湖	1	jianpujia	江湖钢琴简谱_许嵩演唱-免费下载-简谱之家
洋娃娃的梦钢琴.txt	洋娃娃的梦钢琴	洋娃娃的梦	1	jianpujia	洋娃娃的梦钢琴简谱_儿歌演唱-免费下载-简谱之家
流动的风景_家中之家.txt	流动的风景_家中之家	流动的风景 家中之家 （又名：流动风景家中家）	0	qupu123	流动的风景 家中之家 （又名：流动风景家中家）_通俗曲谱_中国曲谱网
浪淘沙_北戴河.txt	浪淘沙_北戴河	​23浪淘沙 北戴河（双谱）	0	qupu123	​23浪淘沙 北戴河（双谱） _美声曲谱_中国曲谱网
浮夸钢琴.txt	浮夸钢琴	浮夸	1	jianpujia	浮夸钢琴简谱_陈奕迅演唱-免费下载-简谱之家
海阔天空伴奏版钢琴.txt	海阔天空伴奏版钢琴	海阔天空伴奏版	1	jianpujia	海阔天空伴奏版钢琴简谱_Beyond演唱-免费下载-简谱之家
消愁钢琴.txt	消愁钢琴	消愁	1	jianpujia	消愁钢琴简谱_毛不易演唱-免费下载-简谱之家
深夜书店钢琴.txt	深夜书店钢琴	深夜书店	1	jianpujia	深夜书店钢琴简谱_许嵩_洛天依演唱-免费下载-简谱之家
深深爱过你钢琴.txt	深深爱过你钢琴	深深爱过你	1	jianpujia	深深爱过你钢琴简谱_薛之谦演唱-免费下载-简谱之家
清明雨上钢琴.txt	清明雨上钢琴	清明雨上	1	jianpujia	清明雨上钢琴简谱_许嵩演唱-免费下载-简谱之家
渡钢琴.txt	渡钢琴	渡	1	jianpujia	渡钢琴简谱_薛之谦演唱-免费下载-简谱之家
温柔钢琴.txt	温柔钢琴	温柔	1	jianpujia	温柔钢琴简谱_五月天演唱-免费下载-简谱之家
演员钢琴.txt	演员钢琴	演员	1	jianpujia	演员钢琴简谱_数字双手_薛之谦-免费下载-简谱之家
火星人来过钢琴.txt	火星人来过钢琴	火星人来过	1	jianpujia	火星人来过钢琴简谱_薛之谦演唱-免费下载-简谱之家
燕归巢钢琴.txt	燕归巢钢琴	燕归巢	1	jianpujia	燕归巢钢琴简谱_许嵩演唱-免费下载-简谱之家
爱她_想她_祝福她.txt	爱她_想她_祝福她	爱她 想她 祝福她	0	qupu123	爱她 想她 祝福她 _美声曲谱_中国曲谱网
爱的草原姜仁波词赵天华曲.txt	爱的草原姜仁波词赵天华曲	爱的草原姜仁波词赵天华曲爱的草原姜仁波词_赵天华曲	0	jianpujia	爱的草原姜仁波词赵天华曲爱的草原姜仁波词_赵天华曲简谱-免费下载-简谱之家
爷爷夸我好乖乖钢琴.txt	爷爷夸我好乖乖钢琴	爷爷夸我好乖乖	1	jianpujia	爷爷夸我好乖乖钢琴简谱_儿歌演唱-免费下载-简谱之家
爸爸妈妈钢琴.txt	爸爸妈妈钢琴	爸爸妈妈	1	jianpujia	爸爸妈妈钢琴简谱_数字双手_李荣浩-免费下载-简谱之家
牧羊姑娘1=F4_4_深情悠扬地.txt	牧羊姑娘1=F4_4_深情悠扬地	牧羊姑娘	1	jianpujia	牧羊姑娘1=F4/4_深情悠扬地简谱_草原丁喜演唱_草原大哈/草原丁喜词曲-免费下载-简谱之家
独上西楼钢琴.txt	独上西楼钢琴	独上西楼	1	jianpujia	独上西楼钢琴简谱_邓丽君演唱-免费下载-简谱之家
王子公主钢琴.txt	王子公主钢琴	王子公主	1	jianpujia	王子公主钢琴简谱_薛之谦_张信哲演唱-免费下载-简谱之家
生日快乐完整好听版钢琴.txt	生日快乐完整好听版钢琴	生日快乐完整好听版	1	jianpujia	生日快乐完整好听版钢琴简谱_儿歌演唱-免费下载-简谱之家
田光歌曲选-101水花花_泥花花.txt	田光歌曲选-101水花花_泥花花	田光歌曲选-101水花花 泥花花	0	qupu123	田光歌曲选-101水花花 泥花花 _少儿曲谱_中国曲谱网
田光歌曲选-288好朋友_拉起手.txt	田光歌曲选-288好朋友_拉起手	田光歌曲选-288好朋友 拉起手	0	qupu123	田光歌曲选-288好朋友 拉起手 _少儿曲谱_中国曲谱网
田光歌曲选-300星星火炬_代代相传.txt	田光歌曲选-300星星火炬_代代相传	田光歌曲选-300星星火炬 代代相传	0	qupu123	田光歌曲选-300星星火炬 代代相传 _少儿曲谱_中国曲谱网
田光歌曲选-347大家都说普通话.txt	田光歌曲选-347大家都说普通话	田光歌曲选-347大家都说普通话	0	qupu123	田光歌曲选-347大家都说普通话 _少儿曲谱_中国曲谱网
电子琴开场曲.txt	电子琴开场曲	电子琴开场曲	0	qupu123	电子琴开场曲 _喧静斋主人个人制谱园地_中国曲谱网
白水河_古老的河.txt	白水河_古老的河	白水河 古老的河	0	qupu123	白水河 古老的河 _合唱曲谱_中国曲谱网
盲婚哑嫁钢琴.txt	盲婚哑嫁钢琴	盲婚哑嫁	1	jianpujia	盲婚哑嫁钢琴简谱_陈奕迅演唱-免费下载-简谱之家
祖国啊_我奋进的祖国.txt	祖国啊_我奋进的祖国	祖国啊 我奋进的祖国	0	qupu123	祖国啊 我奋进的祖国 _美声曲谱_中国曲谱网
祖国啊_我想对你说.txt	祖国啊_我想对你说	祖国啊 我想对你说 （李勇词 王清明曲）	0	qupu123	祖国啊 我想对你说 （李勇词 王清明曲）_美声曲谱_中国曲谱网
突然好想你钢琴.txt	突然好想你钢琴	突然好想你	1	jianpujia	突然好想你钢琴简谱_五月天演唱-免费下载-简谱之家
竹笛儿吹啊吹.txt	竹笛儿吹啊吹	竹笛儿吹啊吹	0	qupu123	竹笛儿吹啊吹 _少儿曲谱_中国曲谱网
笑忘书钢琴.txt	笑忘书钢琴	笑忘书	1	jianpujia	笑忘书钢琴简谱_李荣浩演唱-免费下载-简谱之家
等一个人等一个人咖啡电影主题曲_思萤主题曲EPHK精准版.txt	等一个人等一个人咖啡电影主题曲_思萤主题曲EPHK精准版	等一个人等一个人咖啡电影主题曲_思萤主题曲EPHK精准版	0	jianpujia	等一个人等一个人咖啡电影主题曲_思萤主题曲EPHK精准版简谱_林芯仪演唱-免费下载-简谱之家
等我回家钢琴.txt	等我回家钢琴	等我回家	1	jianpujia	等我回家钢琴简谱_薛之谦演唱-免费下载-简谱之家
素颜钢琴.txt	素颜钢琴	素颜	1	jianpujia	素颜钢琴简谱_数字双手_许嵩_何曼婷-免费下载-简谱之家
绅士钢琴.txt	绅士钢琴	绅士	1	jianpujia	绅士钢琴简谱_薛之谦演唱-免费下载-简谱之家
给你给我钢琴.txt	给你给我钢琴	给你给我	1	jianpujia	给你给我钢琴简谱_毛不易演唱-免费下载-简谱之家
缘溪行_后童吟.txt	缘溪行_后童吟	缘溪行 后童吟	0	qupu123	缘溪行 后童吟 _民歌曲谱_中国曲谱网
缺___个人.txt	缺___个人	缺口等一个人咖啡电影主题曲_阿拓主题曲EPHK精准版	0	jianpujia	缺口等一个人咖啡电影主题曲_阿拓主题曲EPHK精准版简谱_庾澄庆演唱-免费下载-简谱之家
美丽的草原童童词张文曲.txt	美丽的草原童童词张文曲	美丽的草原童童词张文曲美丽的草原童童词_张文曲	0	jianpujia	美丽的草原童童词张文曲美丽的草原童童词_张文曲简谱-免费下载-简谱之家
美丽的草原谢淑清词雷晓峰曲.txt	美丽的草原谢淑清词雷晓峰曲	美丽的草原谢淑清词雷晓峰曲美丽的草原谢淑清词_雷晓峰曲	0	jianpujia	美丽的草原谢淑清词雷晓峰曲美丽的草原谢淑清词_雷晓峰曲简谱-免费下载-简谱之家
美酒加咖啡钢琴.txt	美酒加咖啡钢琴	美酒加咖啡	1	jianpujia	美酒加咖啡钢琴简谱_邓丽君演唱-免费下载-简谱之家
老师_我爱您.txt	老师_我爱您	老师 我爱您	0	qupu123	老师 我爱您 _民歌曲谱_中国曲谱网
草原之夜1=bE2_4_中速深情地.txt	草原之夜1=bE2_4_中速深情地	草原之夜	1	jianpujia	草原之夜1=bE2/4_中速深情地简谱_草原丁喜演唱_草原大哈、黎敦武/草原丁喜、赵向阳词曲-免费下载-简谱之家
草原之夜影片_绿色的草原_插曲.txt	草原之夜影片_绿色的草原_插曲	草原之夜影片_绿色的草原_插曲	0	jianpujia	草原之夜影片_绿色的草原_插曲简谱-免费下载-简谱之家
草原啊我的母亲齐·毕力格词侯卫国曲.txt	草原啊我的母亲齐·毕力格词侯卫国曲	草原啊我的母亲齐·毕力格词侯卫国曲草原啊我的母亲齐·毕力格词_侯卫国曲	0	jianpujia	草原啊我的母亲齐·毕力格词侯卫国曲草原啊我的母亲齐·毕力格词_侯卫国曲简谱-免费下载-简谱之家
草原大风车刘志毅词张朱论曲.txt	草原大风车刘志毅词张朱论曲	草原大风车刘志毅词张朱论曲草原大风车刘志毅词_张朱论曲	0	jianpujia	草原大风车刘志毅词张朱论曲草原大风车刘志毅词_张朱论曲简谱-免费下载-简谱之家
草原恋韩冷词张立中曲.txt	草原恋韩冷词张立中曲	草原恋韩冷词张立中曲草原恋韩冷词_张立中曲	0	jianpujia	草原恋韩冷词张立中曲草原恋韩冷词_张立中曲简谱_董彤演唱_韩冷/张立中词曲-免费下载-简谱之家
草原晨曲_草原晨曲_主题曲.txt	草原晨曲_草原晨曲_主题曲	草原晨曲_草原晨曲_主题曲	0	jianpujia	草原晨曲_草原晨曲_主题曲简谱_长影乐团合唱队演唱_马拉沁夫/通福词曲-免费下载-简谱之家
草原歌曲100首：望草原崔富词乔建军曲.txt	草原歌曲100首：望草原崔富词乔建军曲	草原歌曲100首：望草原崔富词乔建军曲草原歌曲100首：望草原崔富词_乔建军曲	0	jianpujia	草原歌曲100首：望草原崔富词乔建军曲草原歌曲100首：望草原崔富词_乔建军曲简谱-免费下载-简谱之家
草原歌曲100首：美丽的草原孙书林词石焱曲.txt	草原歌曲100首：美丽的草原孙书林词石焱曲	草原歌曲100首：美丽的草原孙书林词石焱曲草原歌曲100首：美丽的草原孙书林词_石焱曲	0	jianpujia	草原歌曲100首：美丽的草原孙书林词石焱曲草原歌曲100首：美丽的草原孙书林词_石焱曲简谱-免费下载-简谱之家
草原海陈世慧词张艺军曲.txt	草原海陈世慧词张艺军曲	草原海陈世慧词张艺军曲草原海陈世慧词_张艺军曲	0	jianpujia	草原海陈世慧词张艺军曲草原海陈世慧词_张艺军曲简谱-免费下载-简谱之家
草原父亲母亲河李宝鸿词朝乐蒙曲草原父亲母亲河李宝鸿词.txt	草原父亲母亲河李宝鸿词朝乐蒙曲草原父亲母亲河李宝鸿词	草原父亲母亲河李宝鸿词朝乐蒙曲草原父亲母亲河李宝鸿词__朝乐蒙曲	0	jianpujia	草原父亲母亲河李宝鸿词朝乐蒙曲草原父亲母亲河李宝鸿词__朝乐蒙曲简谱-免费下载-简谱之家
草原的味道李秀军词张艺军曲.txt	草原的味道李秀军词张艺军曲	草原的味道李秀军词张艺军曲草原的味道李秀军词_张艺军曲	0	jianpujia	草原的味道李秀军词张艺军曲草原的味道李秀军词_张艺军曲简谱-免费下载-简谱之家
草原的味道潘峰词孟扬曲.txt	草原的味道潘峰词孟扬曲	草原的味道潘峰词孟扬曲草原的味道潘峰词_孟扬曲	0	jianpujia	草原的味道潘峰词孟扬曲草原的味道潘峰词_孟扬曲简谱-免费下载-简谱之家
草原的天空袁龙词袁龙曲.txt	草原的天空袁龙词袁龙曲	草原的天空袁龙词袁龙曲草原的天空袁龙词_袁龙曲	0	jianpujia	草原的天空袁龙词袁龙曲草原的天空袁龙词_袁龙曲简谱-免费下载-简谱之家
草原的故事邹强词李基田曲.txt	草原的故事邹强词李基田曲	草原的故事邹强词李基田曲草原的故事邹强词_李基田曲	0	jianpujia	草原的故事邹强词李基田曲草原的故事邹强词_李基田曲简谱-免费下载-简谱之家
草原的梦想侯卫国词侯卫国曲.txt	草原的梦想侯卫国词侯卫国曲	草原的梦想侯卫国词侯卫国曲草原的梦想侯卫国词_侯卫国曲	0	jianpujia	草原的梦想侯卫国词侯卫国曲草原的梦想侯卫国词_侯卫国曲简谱-免费下载-简谱之家
草原的母亲河蔡丽双词林文斌曲.txt	草原的母亲河蔡丽双词林文斌曲	草原的母亲河蔡丽双词林文斌曲草原的母亲河蔡丽双词_林文斌曲	0	jianpujia	草原的母亲河蔡丽双词林文斌曲草原的母亲河蔡丽双词_林文斌曲简谱-免费下载-简谱之家
草原的路绿杨词马力吉昌曲.txt	草原的路绿杨词马力吉昌曲	草原的路绿杨词马力吉昌曲草原的路绿杨词_马力吉昌曲	0	jianpujia	草原的路绿杨词马力吉昌曲草原的路绿杨词_马力吉昌曲简谱-免费下载-简谱之家
草原的雄鹰草原大哈词草原丁喜曲.txt	草原的雄鹰草原大哈词草原丁喜曲	草原的雄鹰草原大哈词草原丁喜曲草原的雄鹰草原大哈词_草原丁喜曲	0	jianpujia	草原的雄鹰草原大哈词草原丁喜曲草原的雄鹰草原大哈词_草原丁喜曲简谱-免费下载-简谱之家
草原风郑琳词景治曲.txt	草原风郑琳词景治曲	草原风郑琳词景治曲草原风郑琳词_景治曲	0	jianpujia	草原风郑琳词景治曲草原风郑琳词_景治曲简谱-免费下载-简谱之家
草原香赖雄敏词黄舒媞曲.txt	草原香赖雄敏词黄舒媞曲	草原香赖雄敏词黄舒媞曲草原香赖雄敏词_黄舒媞曲	0	jianpujia	草原香赖雄敏词黄舒媞曲草原香赖雄敏词_黄舒媞曲简谱-免费下载-简谱之家
草原魂杨英杰词李戈曲.txt	草原魂杨英杰词李戈曲	草原魂杨英杰词李戈曲草原魂杨英杰词_李戈曲	0	jianpujia	草原魂杨英杰词李戈曲草原魂杨英杰词_李戈曲简谱-免费下载-简谱之家
蓝莲花钢琴.txt	蓝莲花钢琴	蓝莲花	1	jianpujia	蓝莲花钢琴简谱_数字双手_许巍-免费下载-简谱之家
裙姊钢琴.txt	裙姊钢琴	裙姊	1	jianpujia	裙姊钢琴简谱_李荣浩演唱-免费下载-简谱之家
诗的草原_画的草原.txt	诗的草原_画的草原	诗的草原_画的草原	0	jianpujia	诗的草原_画的草原简谱_程建林词_崔美子曲-免费下载-简谱之家
说好的幸福呢简单版钢琴.txt	说好的幸福呢简单版钢琴	说好的幸福呢简单版	1	jianpujia	说好的幸福呢简单版钢琴简谱_周杰伦演唱-免费下载-简谱之家
谢幕钢琴.txt	谢幕钢琴	谢幕	1	jianpujia	谢幕钢琴简谱_林俊杰演唱-免费下载-简谱之家
贝斯谱P_Q.txt	贝斯谱P_Q	贝斯谱P Q	0	qupu123	贝斯谱P Q _谭云峰66个人制谱园地_中国曲谱网
贝斯谱_几首.txt	贝斯谱_几首	贝斯谱 几首萨克斯曲	0	qupu123	贝斯谱 几首萨克斯曲 _谭云峰66个人制谱园地_中国曲谱网
贝斯谱_欢乐海洋叶翠版.txt	贝斯谱_欢乐海洋叶翠版	贝斯谱 欢乐海洋叶翠版	0	qupu123	贝斯谱 欢乐海洋叶翠版 _谭云峰66个人制谱园地_中国曲谱网
贝斯谱_流行曲A.txt	贝斯谱_流行曲A	贝斯谱 流行曲A	0	qupu123	贝斯谱 流行曲A _谭云峰66个人制谱园地_中国曲谱网
贝斯谱_流行曲B.txt	贝斯谱_流行曲B	贝斯谱 流行曲B	0	qupu123	贝斯谱 流行曲B _谭云峰66个人制谱园地_中国曲谱网
贝斯谱_流行曲C.txt	贝斯谱_流行曲C	贝斯谱 流行曲C	0	qupu123	贝斯谱 流行曲C _谭云峰66个人制谱园地_中国曲谱网
贝斯谱_流行曲D.txt	贝斯谱_流行曲D	贝斯谱 流行曲D	0	qupu123	贝斯谱 流行曲D _谭云峰66个人制谱园地_中国曲谱网
贝斯谱_流行曲F.txt	贝斯谱_流行曲F	贝斯谱 流行曲F	0	qupu123	贝斯谱 流行曲F _谭云峰66个人制谱园地_中国曲谱网
贝斯谱_流行曲G.txt	贝斯谱_流行曲G	贝斯谱 流行曲G	0	qupu123	贝斯谱 流行曲G _谭云峰66个人制谱园地_中国曲谱网
贝斯谱_流行曲J.txt	贝斯谱_流行曲J	贝斯谱 流行曲J	0	qupu123	贝斯谱 流行曲J _谭云峰66个人制谱园地_中国曲谱网
贝斯谱_流行曲K.txt	贝斯谱_流行曲K	贝斯谱 流行曲K	0	qupu123	贝斯谱 流行曲K _谭云峰66个人制谱园地_中国曲谱网
贝斯谱_流行曲L.txt	贝斯谱_流行曲L	贝斯谱 流行曲L	0	qupu123	贝斯谱 流行曲L _谭云峰66个人制谱园地_中国曲谱网
贝斯谱_流行曲M.txt	贝斯谱_流行曲M	贝斯谱 流行曲M	0	qupu123	贝斯谱 流行曲M _谭云峰66个人制谱园地_中国曲谱网
贝斯谱_流行曲N.txt	贝斯谱_流行曲N	贝斯谱 流行曲N	0	qupu123	贝斯谱 流行曲N _谭云峰66个人制谱园地_中国曲谱网
贝斯谱_邓丽君3.txt	贝斯谱_邓丽君3	贝斯谱 邓丽君3	0	qupu123	贝斯谱 邓丽君3 _谭云峰66个人制谱园地_中国曲谱网
贝斯谱_邓丽君歌1.txt	贝斯谱_邓丽君歌1	贝斯谱 邓丽君歌1	0	qupu123	贝斯谱 邓丽君歌1 _谭云峰66个人制谱园地_中国曲谱网
贝斯谱_邓丽君歌2.txt	贝斯谱_邓丽君歌2	贝斯谱 邓丽君歌2	0	qupu123	贝斯谱 邓丽君歌2 _谭云峰66个人制谱园地_中国曲谱网
贝斯谱_邓丽君歌4.txt	贝斯谱_邓丽君歌4	贝斯谱 邓丽君歌4	0	qupu123	贝斯谱 邓丽君歌4 _谭云峰66个人制谱园地_中国曲谱网
走向世界_走向未来.txt	走向世界_走向未来	走向世界 走向未来	0	qupu123	走向世界 走向未来 _合唱曲谱_中国曲谱网
走进黑土地_走进北大荒.txt	走进黑土地_走进北大荒	走进黑土地 走进北大荒	0	qupu123	走进黑土地 走进北大荒 _美声曲谱_中国曲谱网
跟党走_向前走.txt	跟党走_向前走	跟党走 向前走	0	qupu123	跟党走 向前走 _少儿曲谱_中国曲谱网
迷迭香钢琴.txt	迷迭香钢琴	迷迭香	1	jianpujia	迷迭香钢琴简谱_周杰伦演唱-免费下载-简谱之家
重阳日_九月九.txt	重阳日_九月九	重阳日 九月九	0	qupu123	重阳日 九月九 _通俗曲谱_中国曲谱网
金秋九月_彩云之南.txt	金秋九月_彩云之南	金秋九月 彩云之南	0	qupu123	金秋九月 彩云之南 _合唱曲谱_中国曲谱网
金锁锁_银锁锁.txt	金锁锁_银锁锁	金锁锁 银锁锁	0	qupu123	金锁锁 银锁锁 _少儿曲谱_中国曲谱网
铁骨铮铮_血气方刚.txt	铁骨铮铮_血气方刚	铁骨铮铮 血气方刚	0	qupu123	铁骨铮铮 血气方刚 _民歌曲谱_中国曲谱网
问小路_问晚霞.txt	问小路_问晚霞	问小路 问晚霞	0	qupu123	问小路 问晚霞 _民歌曲谱_中国曲谱网
阳光宅男钢琴.txt	阳光宅男钢琴	阳光宅男	1	jianpujia	阳光宅男钢琴简谱_周杰伦演唱-免费下载-简谱之家
难忘草原绽继业词刘布扬曲.txt	难忘草原绽继业词刘布扬曲	难忘草原绽继业词刘布扬曲难忘草原_绽继业词_刘布扬曲	0	jianpujia	难忘草原绽继业词刘布扬曲难忘草原_绽继业词_刘布扬曲简谱-免费下载-简谱之家
青春呼唤雨_青春呼唤风.txt	青春呼唤雨_青春呼唤风	青春呼唤雨 青春呼唤风	0	qupu123	青春呼唤雨 青春呼唤风 _通俗曲谱_中国曲谱网
风过草原杨晓华词陈咏秋曲.txt	风过草原杨晓华词陈咏秋曲	风过草原杨晓华词陈咏秋曲风过草原杨晓华词_陈咏秋曲	0	jianpujia	风过草原杨晓华词陈咏秋曲风过草原杨晓华词_陈咏秋曲简谱-免费下载-简谱之家
风铃叮叮当钢琴.txt	风铃叮叮当钢琴	风铃叮叮当	1	jianpujia	风铃叮叮当钢琴简谱_儿歌演唱-免费下载-简谱之家
高尚钢琴.txt	高尚钢琴	高尚	1	jianpujia	高尚钢琴简谱_薛之谦演唱-免费下载-简谱之家
黑月光钢琴.txt	黑月光钢琴	黑月光	1	jianpujia	黑月光钢琴简谱_张碧晨_毛不易演唱-免费下载-简谱之家
龙卷风钢琴.txt	龙卷风钢琴	龙卷风	1	jianpujia	龙卷风钢琴简谱_周杰伦演唱-免费下载-简谱之家
