类别	文件A	曲名A	标签A	文件B	曲名B	标签B	公共音数	覆盖率(较短)	长度A	长度B	建议
同名多版本	牵手草原一起嗨广场DJ版.txt	牵手草原一起嗨广场DJ版	分类/草原|分类/草原	牵手草原一起嗨广场DJ版_2.txt	牵手草原一起嗨广场DJ版	分类/草原|草原丁喜|草原|分类/草原|草原丁喜|草原	371	1.00	371	374	预期内(榜单的多版本留一就是这种); 不用动
重复-异名	我送报刊走得忙.txt	我送报刊走得忙	蒋大为|蒋大为	我送报刊走的忙.txt	我送报刊走的忙	蒋大为|蒋大为	345	1.00	345	345	疑似同一份转写挂了两个名字 -> 人工判: 合并/隔离其一
同名多版本	其实（薛之谦 词曲）__qupu123-304211.txt	其实（薛之谦		其实（薛之谦.txt	其实（薛之谦	薛之谦|薛之谦	322	1.00	322	322	预期内(榜单的多版本留一就是这种); 不用动
标题-未命名	未命名-jianpujia-238450.txt	未命名-jianpujia-238450	分类/萨克斯谱|分类/草原|分类/萨克斯谱|分类/草原	草原春不老草原丁喜.txt	草原春不老草原丁喜	分类/萨克斯谱|分类/草原|草原丁喜|草原|分类/萨克斯谱|分类/草原|草原丁喜|草原	311	1.00	311	312	按对侧曲名起名(疑似同一首的两个转写): 草原春不老草原丁喜
重复-异名	有你无你_2.txt	有你无你	毛不易|毛不易	有你无你_《长相思》电视剧玱玹主题曲.txt	有你无你 《长相思》电视剧玱玹主题曲	毛不易|分类/影视|毛不易|分类/影视	291	1.00	291	291	疑似同一份转写挂了两个名字 -> 人工判: 合并/隔离其一
同名多版本	我们_2.txt	我们		我们_3.txt	我们		284	1.00	284	284	预期内(榜单的多版本留一就是这种); 不用动
同名多版本	云朵上的草原草原丁喜萨斯.txt	云朵上的草原草原丁喜萨斯	分类/草原|分类/草原	云朵上的草原草原丁喜萨斯_2.txt	云朵上的草原草原丁喜萨斯	分类/草原|草原大哈|草原|分类/草原|草原大哈|草原	273	1.00	273	273	预期内(榜单的多版本留一就是这种); 不用动
标题-残名	祝福.txt	祝福	分类/草原|分类/草原	谱.txt	谱	分类/草原|草原晓燕|草原|分类/草原|草原晓燕|草原	273	1.00	273	273	残名/截断, 对侧更完整: 谱
重复-异名	NOWBOY.txt	NOWBOY	朴树|朴树	《NeW_BOY》.txt	《NeW BOY》	朴树|朴树	271	1.00	271	271	疑似同一份转写挂了两个名字 -> 人工判: 合并/隔离其一
重复-异名	一荤一素_2.txt	一荤一素	毛不易|毛不易	一荤一素有声动态谱.txt	一荤一素有声动态谱	毛不易|毛不易	270	1.00	271	270	疑似同一份转写挂了两个名字 -> 人工判: 合并/隔离其一
同名多版本	大山人.txt	大山人	分类/民歌|分类/民歌	大山人__qupu123-394618.txt	大山人		263	1.00	263	263	预期内(榜单的多版本留一就是这种); 不用动
同名多版本	苕乡情&nbsp;&nbsp;.txt	苕乡情		苕乡情.txt	苕乡情	朱朝永 陈春阳|朱朝永 陈春阳	260	1.00	260	260	预期内(榜单的多版本留一就是这种); 不用动
同名多版本	不能和你一起.txt	不能和你一起		不能和你一起2.txt	不能和你一起2		255	1.00	255	255	预期内(榜单的多版本留一就是这种); 不用动
标题-残名	听妈妈讲那过去的事情.txt	听妈妈讲那过去的事情	分类/儿歌|分类/儿歌	讲.txt	讲	分类/儿歌|儿歌|分类/儿歌|儿歌	252	1.00	252	252	残名/截断, 对侧更完整: 听妈妈讲那过去的事情
重复-异名	再铸时代脊梁.txt	再铸时代脊梁	阎维文|阎维文	再铸时代铁脊梁.txt	再铸时代铁脊梁	阎维文|阎维文	244	1.00	244	244	疑似同一份转写挂了两个名字 -> 人工判: 合并/隔离其一
同名多版本	你好_陌生人.txt	你好 陌生人	毛不易|毛不易	你好，陌生人.txt	你好，陌生人	毛不易|毛不易	234	1.00	234	235	预期内(榜单的多版本留一就是这种); 不用动
标题-未命名	未命名-jianpujia-418203.txt	未命名-jianpujia-418203	分类/草原|分类/草原	草原湖，草原雨独唱歌曲.txt	草原湖，草原雨独唱歌曲	分类/草原|金磊鑫|草原|分类/草原|金磊鑫|草原	233	1.00	233	235	按对侧曲名起名(疑似同一首的两个转写): 草原湖，草原雨独唱歌曲
重复-异名	天下凤凰美.txt	天下凤凰美	宋祖英|宋祖英	天下美凤凰.txt	天下美凤凰	宋祖英|宋祖英	224	1.00	224	224	疑似同一份转写挂了两个名字 -> 人工判: 合并/隔离其一
同名多版本	草原上的小河.txt	草原上的小河	分类/草原|丁喜|草原|分类/草原|丁喜|草原	草原上的小河_2.txt	草原上的小河	分类/草原|草原丁喜|草原|分类/草原|草原丁喜|草原	222	1.00	222	222	预期内(榜单的多版本留一就是这种); 不用动
标题-未命名	未命名-jianpujia-349477.txt	未命名-jianpujia-349477	分类/草原|分类/草原	草原无名河草原歌曲100首.txt	草原无名河草原歌曲100首	分类/草原|德德玛|草原|分类/草原|德德玛|草原	219	1.00	219	222	按对侧曲名起名(疑似同一首的两个转写): 草原无名河草原歌曲100首
同名多版本	诗画中国_2.txt	诗画中国	许嵩|许嵩/谭维维|许嵩|许嵩/谭维维	诗画中国_3.txt	诗画中国	许嵩|许嵩	216	1.00	216	216	预期内(榜单的多版本留一就是这种); 不用动
标题-未命名	夏夜的红玫瑰_2.txt	夏夜的红玫瑰	分类/草原|分类/草原	未命名-jianpujia-316848.txt	未命名-jianpujia-316848	分类/草原|草原江枫渔火|草原|分类/草原|草原江枫渔火|草原	214	1.00	217	214	按对侧曲名起名(疑似同一首的两个转写): 夏夜的红玫瑰
同名多版本	爱是一个圆.txt	爱是一个圆	费玉清|费玉清	爱是一个圆词.txt	爱是一个圆词	费玉清|费玉清	210	1.00	210	210	预期内(榜单的多版本留一就是这种); 不用动
标题-未命名	未命名-jianpujia-301762.txt	未命名-jianpujia-301762	分类/萨克斯谱|分类/草原|分类/萨克斯谱|分类/草原	草原的承诺草原丁喜.txt	草原的承诺草原丁喜	分类/萨克斯谱|分类/草原|草原美娥|草原|分类/萨克斯谱|分类/草原|草原美娥|草原	208	1.00	208	211	按对侧曲名起名(疑似同一首的两个转写): 草原的承诺草原丁喜
同名多版本	援藏大哥.txt	援藏大哥	降央卓玛|降央卓玛	援藏大哥_记谱.txt	援藏大哥 记谱	降央卓玛|降央卓玛	207	1.00	207	207	预期内(榜单的多版本留一就是这种); 不用动
重复-异名	万事如意.txt	万事如意	张也|张也	万事如意央视春晚歌曲.txt	万事如意央视春晚歌曲	张也|张也	206	1.00	215	206	疑似同一份转写挂了两个名字 -> 人工判: 合并/隔离其一
标题-残名	家.txt	家	分类/草原|分类/草原	家在草原根在草原手稿版.txt	家在草原根在草原手稿版	分类/草原|东方红艳|草原|分类/草原|东方红艳|草原	206	1.00	206	206	残名/截断, 对侧更完整: 家在草原根在草原手稿版
重复-异名	夏天的风.txt	夏天的风	周杰伦|周杰伦	夏天的风天天词周杰伦曲.txt	夏天的风天天词周杰伦曲	周杰伦|温岚|周杰伦|温岚	206	1.00	206	206	疑似同一份转写挂了两个名字 -> 人工判: 合并/隔离其一
标题-未命名	哲古草原知音草原风情系列之二.txt	哲古草原知音草原风情系列之二	分类/草原|分类/草原	未命名-jianpujia-236274.txt	未命名-jianpujia-236274	分类/草原|草原|分类/草原|草原	204	1.00	206	204	按对侧曲名起名(疑似同一首的两个转写): 哲古草原知音草原风情系列之二
重复-异名	梁溪，我心中美丽的晨曦.txt	梁溪，我心中美丽的晨曦	分类/民歌|分类/民歌	黄杨扁担新唱.txt	黄杨扁担新唱	分类/民歌|分类/民歌	201	1.00	201	201	疑似同一份转写挂了两个名字 -> 人工判: 合并/隔离其一
标题-残名	画_3.txt	画	邓紫棋|邓紫棋	画（邓紫棋.txt	画（邓紫棋	邓紫棋|邓紫棋	201	1.00	201	203	残名/截断, 对侧更完整: 画（邓紫棋
同名多版本	我是好宝宝.txt	我是好宝宝	分类/儿歌|分类/儿歌	我是好宝宝_2.txt	我是好宝宝	分类/儿歌|儿歌|分类/儿歌|儿歌	195	1.00	195	196	预期内(榜单的多版本留一就是这种); 不用动
同名多版本	平凡人生.txt	平凡人生	阎维文|阎维文	平凡人生《好人谢延信》片尾曲.txt	平凡人生《好人谢延信》片尾曲	阎维文|分类/影视|阎维文|分类/影视	193	1.00	193	194	预期内(榜单的多版本留一就是这种); 不用动
标题-未命名	未命名-jianpujia-237000.txt	未命名-jianpujia-237000	分类/草原|分类/草原	美玉草原知音草原风情系列之十.txt	美玉草原知音草原风情系列之十	分类/草原|草原|分类/草原|草原	188	1.00	188	190	按对侧曲名起名(疑似同一首的两个转写): 美玉草原知音草原风情系列之十
同名多版本	世上只有妈妈好.txt	世上只有妈妈好	分类/儿歌|分类/儿歌	世上只有妈妈好_2.txt	世上只有妈妈好	分类/儿歌|儿歌|分类/儿歌|儿歌	186	1.00	186	188	预期内(榜单的多版本留一就是这种); 不用动
同名多版本	好久不见.txt	好久不见		好久不见_3.txt	好久不见	陈奕迅|陈奕迅	182	1.00	182	182	预期内(榜单的多版本留一就是这种); 不用动
重复-异名	上林_十分红.txt	上林 十分红	杨洪基|杨洪基	上林春色十分红.txt	上林春色十分红	杨洪基|杨洪基	177	1.00	177	177	疑似同一份转写挂了两个名字 -> 人工判: 合并/隔离其一
重复-异名	啊，草原.txt	啊，草原	分类/草原|分类/草原	啊，草原李良词李炫春曲.txt	啊，草原李良词李炫春曲	分类/草原|枫桥|草原|分类/草原|枫桥|草原	174	1.00	174	174	疑似同一份转写挂了两个名字 -> 人工判: 合并/隔离其一
标签-可借	对__徽______100__谱-_谱.txt	对__徽______100__谱-_谱		对花安徽民歌经典民歌100首.txt	对花安徽民歌经典民歌100首	分类/民歌|民歌|分类/民歌|民歌	173	1.00	173	174	同一首的另一个转写已有标签, 可借: 分类/民歌/民歌/分类/民歌
同名多版本	我们是快乐的好朋友.txt	我们是快乐的好朋友	分类/儿歌|分类/儿歌	我们是快乐的好朋友_2.txt	我们是快乐的好朋友	分类/儿歌|儿歌|分类/儿歌|儿歌	171	1.00	171	172	预期内(榜单的多版本留一就是这种); 不用动
同名多版本	燕子归来草原丁喜.txt	燕子归来草原丁喜	分类/萨克斯谱|分类/草原|草原丁喜|草原|分类/萨克斯谱|分类/草原|草原丁喜|草原	燕子归来草原丁喜萨斯.txt	燕子归来草原丁喜萨斯	分类/草原|草原大哈|草原|分类/草原|草原大哈|草原	170	1.00	170	173	预期内(榜单的多版本留一就是这种); 不用动
标题-未命名	未命名-jianpujia-317610.txt	未命名-jianpujia-317610	分类/萨克斯谱|分类/草原|分类/萨克斯谱|分类/草原	燕子归来草原丁喜.txt	燕子归来草原丁喜	分类/萨克斯谱|分类/草原|草原丁喜|草原|分类/萨克斯谱|分类/草原|草原丁喜|草原	169	1.00	169	170	按对侧曲名起名(疑似同一首的两个转写): 燕子归来草原丁喜
标题-未命名	未命名-jianpujia-317610.txt	未命名-jianpujia-317610	分类/萨克斯谱|分类/草原|分类/萨克斯谱|分类/草原	燕子归来草原丁喜萨斯.txt	燕子归来草原丁喜萨斯	分类/草原|草原大哈|草原|分类/草原|草原大哈|草原	169	1.00	169	173	按对侧曲名起名(疑似同一首的两个转写): 燕子归来草原丁喜萨斯
同名多版本	寒鸦少年.txt	寒鸦少年	分类/通俗歌曲|分类/通俗歌曲	寒鸦少年《斗破苍穹》主题曲.txt	寒鸦少年《斗破苍穹》主题曲	华晨宇|分类/影视|华晨宇|分类/影视	167	1.00	170	167	预期内(榜单的多版本留一就是这种); 不用动
重复-异名	边疆的泉水清又纯F调伴奏.txt	边疆的泉水清又纯F调伴奏	李谷一|李谷一	边疆的泉水清又纯_—.txt	边疆的泉水清又纯 —	李谷一|李谷一	161	1.00	162	161	疑似同一份转写挂了两个名字 -> 人工判: 合并/隔离其一
同名多版本	草原父亲母亲河李宝鸿词朝乐蒙曲草原父亲母亲河李宝鸿词.txt	草原父亲母亲河李宝鸿词朝乐蒙曲草原父亲母亲河李宝鸿词	分类/草原|分类/草原	草原父亲母亲河李宝鸿词朝乐蒙曲草原父亲母亲河李宝鸿词_2.txt	草原父亲母亲河李宝鸿词朝乐蒙曲草原父亲母亲河李宝鸿词	分类/草原|草原|分类/草原|草原	160	1.00	160	160	预期内(榜单的多版本留一就是这种); 不用动
重复-异名	我爱你沈阳.txt	我爱你沈阳	苏小明|苏小明	沈阳我爱你.txt	沈阳我爱你	苏小明|苏小明	157	1.00	157	159	疑似同一份转写挂了两个名字 -> 人工判: 合并/隔离其一
重复-异名	虚拟的女孩__qupu123-66892.txt	虚拟的女孩		虚拟的男孩__qupu123-66891.txt	虚拟的男孩		156	1.00	156	156	疑似同一份转写挂了两个名字 -> 人工判: 合并/隔离其一
重复-异名	红高粱.txt	红高粱	韩红|韩红	红高粱片尾主题曲-红高粱.txt	红高粱片尾主题曲-红高粱	韩红|分类/影视|韩红|分类/影视	155	1.00	155	155	疑似同一份转写挂了两个名字 -> 人工判: 合并/隔离其一
同名多版本	草原名字.txt	草原名字	分类/草原|分类/草原	草原名字_2.txt	草原名字	分类/草原|刘建明|草原|分类/草原|刘建明|草原	153	1.00	153	155	预期内(榜单的多版本留一就是这种); 不用动
重复-异名	雪花飘.txt	雪花飘	分类/通俗歌曲|分类/通俗歌曲	雪花飞.txt	雪花飞	分类/通俗歌曲|分类/通俗歌曲	151	1.00	151	151	疑似同一份转写挂了两个名字 -> 人工判: 合并/隔离其一
同名多版本	我们要做雷锋式的好少年.txt	我们要做雷锋式的好少年	分类/儿歌|分类/儿歌	我们要做雷锋式的好少年_2.txt	我们要做雷锋式的好少年	分类/儿歌|儿歌|分类/儿歌|儿歌	150	1.00	150	152	预期内(榜单的多版本留一就是这种); 不用动
标题-未命名	未命名-jianpujia-394083.txt	未命名-jianpujia-394083	分类/草原|分类/草原	草原海陈世慧词张艺军曲.txt	草原海陈世慧词张艺军曲	分类/草原|草原|分类/草原|草原	145	1.00	145	148	按对侧曲名起名(疑似同一首的两个转写): 草原海陈世慧词张艺军曲
同名多版本	《江南雨》.txt	《江南雨》	阎维文|阎维文	江南雨.txt	江南雨	阎维文|阎维文	140	1.00	140	140	预期内(榜单的多版本留一就是这种); 不用动
同名多版本	完美生活.txt	完美生活	许巍|许巍	完美生活_2.txt	完美生活	许巍|许巍	137	1.00	139	137	预期内(榜单的多版本留一就是这种); 不用动
同名多版本	山南山北走一回.txt	山南山北走一回	邓丽君|邓丽君	山南山北走一回_2.txt	山南山北走一回	邓丽君|邓丽君	137	1.00	137	138	预期内(榜单的多版本留一就是这种); 不用动
重复-异名	爱我中华1.txt	爱我中华1	宋祖英|宋祖英	爱我中华2.txt	爱我中华2	宋祖英|宋祖英	135	1.00	135	135	疑似同一份转写挂了两个名字 -> 人工判: 合并/隔离其一
重复-异名	难忘今宵_G调版伴奏.txt	难忘今宵 G调版伴奏	李谷一|李谷一	难忘今宵（十大.txt	难忘今宵（十大	李谷一|李谷一	133	1.00	167	133	疑似同一份转写挂了两个名字 -> 人工判: 合并/隔离其一
同名多版本	虫儿飞.txt	虫儿飞	分类/谱友上传|分类/谱友上传	虫儿飞_2.txt	虫儿飞	分类/儿歌|分类/儿歌	133	1.00	133	133	预期内(榜单的多版本留一就是这种); 不用动
标题-残名	虫儿飞.txt	虫儿飞	分类/谱友上传|分类/谱友上传	谱_2.txt	谱	分类/儿歌|儿歌|分类/儿歌|儿歌	133	1.00	133	133	残名/截断, 对侧更完整: 虫儿飞
标题-残名	虫儿飞_2.txt	虫儿飞	分类/儿歌|分类/儿歌	谱_2.txt	谱	分类/儿歌|儿歌|分类/儿歌|儿歌	133	1.00	133	133	残名/截断, 对侧更完整: 虫儿飞
标题-残名	亲.txt	亲	分类/草原|分类/草原	母亲草原刘志毅词夏宝森曲.txt	母亲草原刘志毅词夏宝森曲	分类/草原|草原|分类/草原|草原	132	1.00	132	132	残名/截断, 对侧更完整: 母亲草原刘志毅词夏宝森曲
重复-异名	请你喝杯下马酒.txt	请你喝杯下马酒	降央卓玛|降央卓玛	请喝一杯下马酒.txt	请喝一杯下马酒	降央卓玛|降央卓玛	132	1.00	132	132	疑似同一份转写挂了两个名字 -> 人工判: 合并/隔离其一
重复-异名	旗帜高扬领航程.txt	旗帜高扬领航程	宋祖英|宋祖英	美丽新航程.txt	美丽新航程	宋祖英|宋祖英	131	1.00	131	131	疑似同一份转写挂了两个名字 -> 人工判: 合并/隔离其一
重复-异名	心上人_——电视剧《关东大先生》片尾曲.txt	心上人 ——电视剧《关东大先生》片尾曲	宋祖英|分类/影视|宋祖英|分类/影视	心上人电视剧《关东大先生》片尾曲.txt	心上人电视剧《关东大先生》片尾曲	宋祖英|分类/影视|宋祖英|分类/影视	127	1.00	144	127	疑似同一份转写挂了两个名字 -> 人工判: 合并/隔离其一
重复-异名	恋曲2000_歌曲类.txt	恋曲2000 歌曲类		恋曲_歌曲类.txt	恋曲 歌曲类		125	1.00	125	125	疑似同一份转写挂了两个名字 -> 人工判: 合并/隔离其一
标题-未命名	月牙五更.txt	月牙五更	阎维文|阎维文	未命名-jianpujia-314355.txt	未命名-jianpujia-314355	徐志列|民歌|徐志列|民歌	121	1.00	164	121	按对侧曲名起名(疑似同一首的两个转写): 月牙五更
标题-未命名	月牙五更东北民歌.txt	月牙五更东北民歌	阎维文|分类/民歌|阎维文|分类/民歌	未命名-jianpujia-314355.txt	未命名-jianpujia-314355	徐志列|民歌|徐志列|民歌	121	1.00	164	121	按对侧曲名起名(疑似同一首的两个转写): 月牙五更东北民歌
标题-未命名	月牙五更经典民歌100首.txt	月牙五更经典民歌100首	分类/民歌|分类/民歌	未命名-jianpujia-314355.txt	未命名-jianpujia-314355	徐志列|民歌|徐志列|民歌	121	1.00	122	121	按对侧曲名起名(疑似同一首的两个转写): 月牙五更经典民歌100首
同名多版本	小白船.txt	小白船	分类/儿歌|儿歌|分类/儿歌|儿歌	小白船_2.txt	小白船	分类/儿歌|儿歌|分类/儿歌|儿歌	120	1.00	120	120	预期内(榜单的多版本留一就是这种); 不用动
同名多版本	每当我走过老师窗前.txt	每当我走过老师窗前	分类/儿歌|儿歌|分类/儿歌|儿歌	每当我走过老师窗前_2.txt	每当我走过老师窗前	分类/儿歌|儿歌|分类/儿歌|儿歌	115	1.00	115	116	预期内(榜单的多版本留一就是这种); 不用动
重复-异名	兔妈妈和兔孩子.txt	兔妈妈和兔孩子	分类/儿歌|分类/儿歌	采访兔妈妈.txt	采访兔妈妈	分类/儿歌|分类/儿歌	114	1.00	114	114	疑似同一份转写挂了两个名字 -> 人工判: 合并/隔离其一
同名多版本	《镜月凝思》.txt	《镜月凝思》	宋祖英|宋祖英	镜月凝思.txt	镜月凝思	宋祖英|宋祖英	106	1.00	106	106	预期内(榜单的多版本留一就是这种); 不用动
标题-残名	丽_3.txt	丽	分类/草原|分类/草原	美丽的草原谢淑清词雷晓峰曲.txt	美丽的草原谢淑清词雷晓峰曲	分类/草原|草原|分类/草原|草原	106	1.00	106	106	残名/截断, 对侧更完整: 美丽的草原谢淑清词雷晓峰曲
同名多版本	草原啊草原.txt	草原啊草原	分类/草原|草原|分类/草原|草原	草原啊草原_3.txt	草原啊草原	分类/草原|分类/草原	100	1.00	100	100	预期内(榜单的多版本留一就是这种); 不用动
同名多版本	蜗牛与黄鹂鸟.txt	蜗牛与黄鹂鸟	分类/儿歌|分类/儿歌	蜗牛与黄鹂鸟_2.txt	蜗牛与黄鹂鸟	分类/儿歌|儿歌|分类/儿歌|儿歌	90	1.00	90	90	预期内(榜单的多版本留一就是这种); 不用动
标签-可借	对_河.txt	对_河		对花河北民歌经典民歌100首.txt	对花河北民歌经典民歌100首	分类/民歌|民歌|分类/民歌|民歌	88	1.00	88	88	同一首的另一个转写已有标签, 可借: 分类/民歌/民歌/分类/民歌
同名多版本	《沙湖情歌》.txt	《沙湖情歌》	张也|张也	沙湖情歌.txt	沙湖情歌	张也|张也	83	1.00	83	83	预期内(榜单的多版本留一就是这种); 不用动
同名多版本	国旗国旗真美丽.txt	国旗国旗真美丽	分类/儿歌|儿歌|分类/儿歌|儿歌	国旗国旗真美丽_2.txt	国旗国旗真美丽	分类/儿歌|分类/儿歌	78	1.00	78	78	预期内(榜单的多版本留一就是这种); 不用动
同名多版本	藏族民歌舞曲选：阿里民歌.txt	藏族民歌舞曲选：阿里民歌	分类/民歌|分类/民歌	藏族民歌舞曲选：阿里民歌_2.txt	藏族民歌舞曲选：阿里民歌	分类/民歌|民歌|分类/民歌|民歌	63	1.00	63	63	预期内(榜单的多版本留一就是这种); 不用动
重复-异名	儿歌联唱1.txt	儿歌联唱1	分类/儿歌|分类/儿歌	共产儿童团歌.txt	共产儿童团歌	分类/儿歌|分类/儿歌	40	1.00	211	40	疑似同一份转写挂了两个名字 -> 人工判: 合并/隔离其一
同名多版本	生日快乐_2.txt	生日快乐	分类/儿歌|儿歌|分类/儿歌|儿歌	祝你生日快乐.txt	祝你生日快乐	分类/儿歌|儿歌|分类/儿歌|儿歌	25	1.00	25	55	预期内(榜单的多版本留一就是这种); 不用动
标题-残名	两.txt	两	分类/儿歌|儿歌|分类/儿歌|儿歌	两只老虎.txt	两只老虎	分类/儿歌|儿歌|分类/儿歌|儿歌	260	1.00	261	264	残名/截断, 对侧更完整: 两只老虎
标签-可借	小燕子_2.txt	小燕子		未命名-jianpujia-15773.txt	未命名-jianpujia-15773	儿歌|儿歌	268	0.99	270	270	同一首的另一个转写已有标签, 可借: 儿歌/儿歌
重复-异名	月牙五更.txt	月牙五更	阎维文|阎维文	月牙五更经典民歌100首.txt	月牙五更经典民歌100首	分类/民歌|分类/民歌	121	0.99	164	122	疑似同一份转写挂了两个名字 -> 人工判: 合并/隔离其一
重复-异名	月牙五更东北民歌.txt	月牙五更东北民歌	阎维文|分类/民歌|阎维文|分类/民歌	月牙五更经典民歌100首.txt	月牙五更经典民歌100首	分类/民歌|分类/民歌	121	0.99	164	122	疑似同一份转写挂了两个名字 -> 人工判: 合并/隔离其一
同名多版本	第三极.txt	第三极	许巍|许巍	第三极_2.txt	第三极	许巍|许巍	217	0.99	219	236	预期内(榜单的多版本留一就是这种); 不用动
重复-异名	嘀哩嘀哩.txt	嘀哩嘀哩	分类/儿歌|儿歌|分类/儿歌|儿歌	春天在哪里.txt	春天在哪里	分类/儿歌|儿歌|分类/儿歌|儿歌	98	0.99	122	99	疑似同一份转写挂了两个名字 -> 人工判: 合并/隔离其一
同名多版本	菊花台.txt	菊花台	分类/谱友上传|分类/谱友上传	菊花台_2.txt	菊花台		178	0.99	180	180	预期内(榜单的多版本留一就是这种); 不用动
同名多版本	草原的歌唱给草原听.txt	草原的歌唱给草原听	分类/草原|分类/草原	草原的歌唱给草原听_2.txt	草原的歌唱给草原听	分类/草原|草原|分类/草原|草原	244	0.98	248	250	预期内(榜单的多版本留一就是这种); 不用动
重复-异名	江南春.txt	江南春	张也|张也	江南柳.txt	江南柳	张也|张也	176	0.98	182	179	疑似同一份转写挂了两个名字 -> 人工判: 合并/隔离其一
同名多版本	月牙五更.txt	月牙五更	阎维文|阎维文	月牙五更东北民歌.txt	月牙五更东北民歌	阎维文|分类/民歌|阎维文|分类/民歌	157	0.96	164	164	预期内(榜单的多版本留一就是这种); 不用动
重复-异名	强军战歌1.txt	强军战歌1	阎维文|分类/进行曲|阎维文|分类/进行曲	强军战歌2.txt	强军战歌2	阎维文|分类/进行曲|阎维文|分类/进行曲	132	0.96	138	184	疑似同一份转写挂了两个名字 -> 人工判: 合并/隔离其一
同名多版本	草原啊草原我来过.txt	草原啊草原我来过	分类/草原|思雨|草原|分类/草原|思雨|草原	草原啊草原我来过_2.txt	草原啊草原我来过	分类/草原|分类/草原	132	0.94	142	141	预期内(榜单的多版本留一就是这种); 不用动
重复-异名	相爱好往昔.txt	相爱好往昔	邓丽君|邓丽君	相爱如往昔_—.txt	相爱如往昔 —	邓丽君|邓丽君	132	0.94	141	141	疑似同一份转写挂了两个名字 -> 人工判: 合并/隔离其一
同名多版本	孝顺父母.txt	孝顺父母	阎维文|阎维文	孝顺父母，不能等待.txt	孝顺父母，不能等待	阎维文|阎维文	93	0.91	162	102	预期内(榜单的多版本留一就是这种); 不用动
共用曲调/改编	我从草原来C调伴奏.txt	我从草原来C调伴奏	凤凰传奇|凤凰传奇	我从草原来——凤凰传奇.txt	我从草原来——凤凰传奇	凤凰传奇|凤凰传奇	164	0.90	183	184	只部分重合: 可能是改编/片段/共用同一曲调, 人工看一眼
同名多版本	情话.txt	情话	邓丽君|邓丽君	邓丽君_59.txt	情话	邓丽君|邓丽君	51	0.89	166	57	预期内(榜单的多版本留一就是这种); 不用动
共用曲调/改编	我知道你也很难过.txt	我知道你也很难过	蔡依林|蔡依林	我知道你很难过.txt	我知道你很难过	蔡依林|蔡依林	185	0.89	209	211	只部分重合: 可能是改编/片段/共用同一曲调, 人工看一眼
共用曲调/改编	阿瓦尔古丽历史经典.txt	阿瓦尔古丽历史经典	阎维文|阎维文	阿瓦日古丽.txt	阿瓦日古丽	阎维文|阎维文	97	0.87	111	122	只部分重合: 可能是改编/片段/共用同一曲调, 人工看一眼
共用曲调/改编	牡丹之歌怀旧经典.txt	牡丹之歌怀旧经典	蒋大为|蒋大为	牡丹之歌（十大.txt	牡丹之歌（十大	蒋大为|蒋大为	155	0.86	182	180	只部分重合: 可能是改编/片段/共用同一曲调, 人工看一眼
同名多版本	悬崖之上-C调.txt	悬崖之上-C调	周深|周深	悬崖之上.txt	悬崖之上	周深|周深	351	0.86	410	410	预期内(榜单的多版本留一就是这种); 不用动
共用曲调/改编	好妈妈.txt	好妈妈	分类/儿歌|儿歌|分类/儿歌|儿歌	我的好妈妈.txt	我的好妈妈	分类/儿歌|儿歌|分类/儿歌|儿歌	57	0.83	168	69	只部分重合: 可能是改编/片段/共用同一曲调, 人工看一眼
同名多版本	小城故事_2.txt	小城故事	邓丽君|怀旧经典 邓丽君|邓丽君|怀旧经典 邓丽君	小城故事_3.txt	小城故事	邓丽君|邓丽君	126	0.82	163	154	预期内(榜单的多版本留一就是这种); 不用动
同名多版本	美酒加咖啡.txt	美酒加咖啡	邓丽君|邓丽君	美酒加咖啡怀旧经典.txt	美酒加咖啡怀旧经典	邓丽君|邓丽君	97	0.82	120	119	预期内(榜单的多版本留一就是这种); 不用动
同名多版本	军港之夜.txt	军港之夜	分类/谱友上传|分类/谱友上传	军港之夜_2.txt	军港之夜	苏小明|怀旧经典 苏小明|苏小明|怀旧经典 苏小明	122	0.81	151	216	预期内(榜单的多版本留一就是这种); 不用动
同名多版本	给未来的自己.txt	给未来的自己		给未来的自己——梁静茹.txt	给未来的自己——梁静茹		197	0.79	248	257	预期内(榜单的多版本留一就是这种); 不用动
共用曲调/改编	小小.txt	小小	周杰伦|周杰伦	小小周杰伦词方文山曲.txt	小小周杰伦词方文山曲	周杰伦|周杰伦	86	0.79	110	109	只部分重合: 可能是改编/片段/共用同一曲调, 人工看一眼
同名多版本	浴火成诗.txt	浴火成诗	分类/通俗歌曲|分类/通俗歌曲	浴火成诗_2.txt	浴火成诗	毛不易|迪丽热巴/毛不易|毛不易|迪丽热巴/毛不易	161	0.79	303	205	预期内(榜单的多版本留一就是这种); 不用动
共用曲调/改编	生命恋歌.txt	生命恋歌	宋祖英|宋祖英	生命的恋歌.txt	生命的恋歌	宋祖英|宋祖英	102	0.78	137	130	只部分重合: 可能是改编/片段/共用同一曲调, 人工看一眼
共用曲调/改编	未命名-jianpujia-211190.txt	未命名-jianpujia-211190	分类/草原|分类/草原	草原的味道李秀军词张艺军曲.txt	草原的味道李秀军词张艺军曲	分类/草原|草原|分类/草原|草原	67	0.78	86	87	只部分重合: 可能是改编/片段/共用同一曲调, 人工看一眼
共用曲调/改编	丢手绢.txt	丢手绢	分类/记谱|分类/记谱	儿歌联唱2.txt	儿歌联唱2	分类/儿歌|分类/儿歌	28	0.78	36	344	只部分重合: 可能是改编/片段/共用同一曲调, 人工看一眼
同名多版本	丑小鸭钢琴.txt	丑小鸭钢琴	分类/钢琴谱|分类/儿歌|分类/钢琴谱|分类/儿歌	丑小鸭钢琴_2.txt	丑小鸭钢琴	分类/钢琴谱|分类/儿歌|儿歌|分类/钢琴谱|分类/儿歌|儿歌	190	0.78	245	247	预期内(榜单的多版本留一就是这种); 不用动
共用曲调/改编	九儿.txt	九儿	分类/儿歌|胡莎莎|儿歌|分类/儿歌|胡莎莎|儿歌	红高粱.txt	红高粱	韩红|韩红	117	0.75	163	155	只部分重合: 可能是改编/片段/共用同一曲调, 人工看一眼
共用曲调/改编	九儿.txt	九儿	分类/儿歌|胡莎莎|儿歌|分类/儿歌|胡莎莎|儿歌	红高粱片尾主题曲-红高粱.txt	红高粱片尾主题曲-红高粱	韩红|分类/影视|韩红|分类/影视	117	0.75	163	155	只部分重合: 可能是改编/片段/共用同一曲调, 人工看一眼
同名多版本	爱慕.txt	爱慕	邓丽君|邓丽君	邓丽君_90.txt	爱慕	邓丽君|邓丽君	49	0.75	150	65	预期内(榜单的多版本留一就是这种); 不用动
共用曲调/改编	梦逍遥.txt	梦逍遥	降央卓玛|降央卓玛	梦逍遥_神仙姐姐记谱.txt	梦逍遥 神仙姐姐记谱	降央卓玛|降央卓玛	214	0.75	287	288	只部分重合: 可能是改编/片段/共用同一曲调, 人工看一眼
共用曲调/改编	恶狼传说.txt	恶狼传说	张学友|张学友	饿狼传说.txt	饿狼传说	张学友|张学友	52	0.74	70	147	只部分重合: 可能是改编/片段/共用同一曲调, 人工看一眼
同名多版本	无字碑.txt	无字碑	张靓颖|张靓颖	无字碑_2.txt	无字碑	张靓颖|张靓颖	176	0.73	242	242	预期内(榜单的多版本留一就是这种); 不用动
同名多版本	世上只有妈妈好.txt	世上只有妈妈好	分类/儿歌|分类/儿歌	世上只有妈妈好_3.txt	世上只有妈妈好	分类/儿歌|儿歌|分类/儿歌|儿歌	135	0.73	186	187	预期内(榜单的多版本留一就是这种); 不用动
同名多版本	世上只有妈妈好_2.txt	世上只有妈妈好	分类/儿歌|儿歌|分类/儿歌|儿歌	世上只有妈妈好_3.txt	世上只有妈妈好	分类/儿歌|儿歌|分类/儿歌|儿歌	135	0.72	188	187	预期内(榜单的多版本留一就是这种); 不用动
同名多版本	海风.txt	海风	邓丽君|邓丽君	邓丽君_87.txt	海风	邓丽君|邓丽君	87	0.72	287	121	预期内(榜单的多版本留一就是这种); 不用动
共用曲调/改编	珊瑚颂.txt	珊瑚颂	分类/通俗歌曲|分类/通俗歌曲	珊瑚颂G调伴奏.txt	珊瑚颂G调伴奏	韩红|韩红	140	0.71	288	198	只部分重合: 可能是改编/片段/共用同一曲调, 人工看一眼
同名多版本	《知道》.txt	《知道》	宋祖英|宋祖英	知道.txt	知道	宋祖英|宋祖英	79	0.69	115	114	预期内(榜单的多版本留一就是这种); 不用动
同名多版本	草原的歌唱给草原听.txt	草原的歌唱给草原听	分类/草原|分类/草原	草原的歌唱给草原听_3.txt	草原的歌唱给草原听	分类/草原|分类/草原	168	0.69	248	244	预期内(榜单的多版本留一就是这种); 不用动
同名多版本	草原的歌唱给草原听_2.txt	草原的歌唱给草原听	分类/草原|草原|分类/草原|草原	草原的歌唱给草原听_3.txt	草原的歌唱给草原听	分类/草原|分类/草原	168	0.69	250	244	预期内(榜单的多版本留一就是这种); 不用动
共用曲调/改编	玲之路.txt	玲之路	韩红|韩红	铃之路.txt	铃之路	韩红|韩红	97	0.69	141	141	只部分重合: 可能是改编/片段/共用同一曲调, 人工看一眼
同名多版本	诗的草原，画的草原.txt	诗的草原，画的草原	分类/草原|草原|分类/草原|草原	诗的草原，画的草原_2.txt	诗的草原，画的草原	分类/草原|分类/草原	96	0.68	142	143	预期内(榜单的多版本留一就是这种); 不用动
共用曲调/改编	康定情歌.txt	康定情歌	梦之旅组合|民歌|梦之旅组合|民歌	民族声乐考级歌曲：康定情歌.txt	民族声乐考级歌曲：康定情歌	民歌|民歌	31	0.67	302	46	只部分重合: 可能是改编/片段/共用同一曲调, 人工看一眼
同名多版本	狐狸.txt	狐狸	薛之谦|薛之谦	狐狸_2.txt	狐狸	薛之谦|薛之谦	181	0.66	277	274	预期内(榜单的多版本留一就是这种); 不用动
共用曲调/改编	小鸭和乌鸦.txt	小鸭和乌鸦	分类/儿歌|分类/儿歌	绿叶房.txt	绿叶房	分类/儿歌|分类/儿歌	51	0.65	106	78	只部分重合: 可能是改编/片段/共用同一曲调, 人工看一眼
同名多版本	小儿语.txt	小儿语	小海龟演唱组|小海龟演唱组	小儿语_2.txt	小儿语	小海龟演唱组|小海龟|儿歌|小海龟演唱组|小海龟|儿歌	180	0.65	277	277	预期内(榜单的多版本留一就是这种); 不用动
同名多版本	《牵手》----为新婚夫妻而作.txt	《牵手》----为新婚夫妻而作	宋祖英|宋祖英	《牵手》——为新婚夫妻而作.txt	《牵手》——为新婚夫妻而作	宋祖英|宋祖英	71	0.65	110	110	预期内(榜单的多版本留一就是这种); 不用动
同名多版本	迟来的爱__qupu123-178033.txt	迟来的爱		迟来的爱__qupu123-379774.txt	迟来的爱		150	0.64	233	245	预期内(榜单的多版本留一就是这种); 不用动
同名多版本	如果我有勇气.txt	如果我有勇气	邓丽君|邓丽君	如果我有勇气_2.txt	如果我有勇气	邓丽君|邓丽君	112	0.64	178	174	预期内(榜单的多版本留一就是这种); 不用动
共用曲调/改编	乡间小路.txt	乡间小路	分类/儿歌|儿歌|分类/儿歌|儿歌	走在乡间的小路上.txt	走在乡间的小路上	分类/葫芦丝谱|分类/葫芦丝谱	55	0.64	154	86	只部分重合: 可能是改编/片段/共用同一曲调, 人工看一眼
同名多版本	乡间的小路.txt	乡间的小路	分类/儿歌|卓依婷|儿歌|分类/儿歌|卓依婷|儿歌	走在乡间的小路上.txt	走在乡间的小路上	分类/葫芦丝谱|分类/葫芦丝谱	55	0.64	196	86	预期内(榜单的多版本留一就是这种); 不用动
同名多版本	邓丽君_114.txt	问自己	邓丽君|邓丽君	问自己.txt	问自己	邓丽君|邓丽君	77	0.64	121	256	预期内(榜单的多版本留一就是这种); 不用动
同名多版本	诗画中国.txt	诗画中国	许嵩|许嵩/谭维维|许嵩|许嵩/谭维维	诗画中国_2.txt	诗画中国	许嵩|许嵩/谭维维|许嵩|许嵩/谭维维	47	0.64	74	216	预期内(榜单的多版本留一就是这种); 不用动
同名多版本	诗画中国.txt	诗画中国	许嵩|许嵩/谭维维|许嵩|许嵩/谭维维	诗画中国_3.txt	诗画中国	许嵩|许嵩	47	0.64	74	216	预期内(榜单的多版本留一就是这种); 不用动
同名多版本	梦_2.txt	梦	邓丽君|邓丽君	邓丽君_80.txt	梦	邓丽君|邓丽君	91	0.63	144	167	预期内(榜单的多版本留一就是这种); 不用动
同名多版本	这片黑土地.txt	这片黑土地	分类/美声|分类/美声	这片黑土地_2.txt	这片黑土地	殷秀梅|殷秀梅	132	0.63	223	210	预期内(榜单的多版本留一就是这种); 不用动
共用曲调/改编	美丽中华.txt	美丽中华	宋祖英|宋祖英	美丽中华_电视片_百山百川行_片尾曲.txt	美丽中华 电视片 百山百川行 片尾曲	宋祖英|分类/影视|宋祖英|分类/影视	142	0.62	229	243	只部分重合: 可能是改编/片段/共用同一曲调, 人工看一眼
同名多版本	剑指苍天.txt	剑指苍天		剑指苍天—歼10.txt	剑指苍天—歼10		75	0.60	131	125	预期内(榜单的多版本留一就是这种); 不用动
共用曲调/改编	乡间小路.txt	乡间小路	分类/儿歌|儿歌|分类/儿歌|儿歌	乡间的小路.txt	乡间的小路	分类/儿歌|卓依婷|儿歌|分类/儿歌|卓依婷|儿歌	90	0.58	154	196	只部分重合: 可能是改编/片段/共用同一曲调, 人工看一眼
同名多版本	英_雄.txt	英 雄	宋祖英|宋祖英	英雄_2.txt	英雄		84	0.58	202	145	预期内(榜单的多版本留一就是这种); 不用动
同名多版本	三字经.txt	三字经	分类/儿歌|金帆合唱团|儿歌|分类/儿歌|金帆合唱团|儿歌	三字经_2.txt	三字经	分类/儿歌|儿歌|分类/儿歌|儿歌	186	0.57	324	334	预期内(榜单的多版本留一就是这种); 不用动
共用曲调/改编	Yesterday_Once_More_昨天再来.txt	Yesterday Once More 昨天再来	分类/外国歌曲|分类/外国歌曲	昨日重现.txt	昨日重现	分类/通俗歌曲|分类/通俗歌曲	31	0.57	54	184	只部分重合: 可能是改编/片段/共用同一曲调, 人工看一眼
共用曲调/改编	梦草原-_新歌.txt	梦草原- 新歌	蒋大为|蒋大为	梦草原_—.txt	梦草原 —	蒋大为|蒋大为	83	0.57	146	149	只部分重合: 可能是改编/片段/共用同一曲调, 人工看一眼
同名多版本	党啊亲爱的妈妈.txt	党啊亲爱的妈妈		党啊亲爱的妈妈红歌.txt	党啊亲爱的妈妈红歌	殷秀梅|殷秀梅	101	0.56	180	187	预期内(榜单的多版本留一就是这种); 不用动
共用曲调/改编	就这样.txt	就这样	李荣浩|李荣浩	就这样钢琴.txt	就这样钢琴	李荣浩|分类/钢琴谱|李荣浩|分类/钢琴谱	85	0.56	157	153	只部分重合: 可能是改编/片段/共用同一曲调, 人工看一眼
共用曲调/改编	甜蜜蜜.txt	甜蜜蜜	邓丽君|邓丽君	结识你那一天.txt	结识你那一天	邓丽君|邓丽君	28	0.55	250	51	只部分重合: 可能是改编/片段/共用同一曲调, 人工看一眼
同名多版本	邓丽君_117.txt	雪中莲	邓丽君|邓丽君	雪中莲.txt	雪中莲	邓丽君|邓丽君	57	0.55	104	115	预期内(榜单的多版本留一就是这种); 不用动
同名多版本	初次尝到寂寞.txt	初次尝到寂寞	邓丽君|邓丽君	初次尝到寂寞_2.txt	初次尝到寂寞	邓丽君|邓丽君	63	0.54	116	121	预期内(榜单的多版本留一就是这种); 不用动
同名多版本	我的深情为你守候.txt	我的深情为你守候	分类/美声|分类/美声	我的深情为你守候_2.txt	我的深情为你守候	分类/通俗歌曲|分类/通俗歌曲	89	0.54	222	164	预期内(榜单的多版本留一就是这种); 不用动
同名多版本	我好像在哪见过你.txt	我好像在哪见过你	薛之谦|薛之谦	我好像在哪见过你钢琴.txt	我好像在哪见过你钢琴	薛之谦|分类/钢琴谱|薛之谦|分类/钢琴谱	108	0.54	200	202	预期内(榜单的多版本留一就是这种); 不用动
同名多版本	稳稳的幸福.txt	稳稳的幸福		陈奕迅-稳稳的幸福.txt	陈奕迅-稳稳的幸福		91	0.54	178	169	预期内(榜单的多版本留一就是这种); 不用动
同名多版本	夜色.txt	夜色	邓丽君|邓丽君	邓丽君_37.txt	夜色	邓丽君|邓丽君	35	0.54	171	65	预期内(榜单的多版本留一就是这种); 不用动
同名多版本	爱.txt	爱		爱_4.txt	爱	分类/通俗歌曲|分类/通俗歌曲	85	0.53	159	163	预期内(榜单的多版本留一就是这种); 不用动
共用曲调/改编	芦苇花.txt	芦苇花	分类/民歌|分类/民歌	荻花伤.txt	荻花伤	分类/通俗歌曲|分类/通俗歌曲	42	0.53	79	87	只部分重合: 可能是改编/片段/共用同一曲调, 人工看一眼
共用曲调/改编	惩罚.txt	惩罚		惩罚1.txt	惩罚1		105	0.53	200	200	只部分重合: 可能是改编/片段/共用同一曲调, 人工看一眼
同名多版本	怒放的生命.txt	怒放的生命	汪峰|汪峰	怒放的生命_—.txt	怒放的生命 —	汪峰|汪峰	67	0.52	145	129	预期内(榜单的多版本留一就是这种); 不用动
同名多版本	原乡人.txt	原乡人	邓丽君|邓丽君	邓丽君_25.txt	原乡人	邓丽君|邓丽君	41	0.52	183	79	预期内(榜单的多版本留一就是这种); 不用动
共用曲调/改编	Danny_Boy（小野丽莎.txt	Danny Boy（小野丽莎		亲爱的人Danny_Boy合唱.txt	亲爱的人Danny Boy合唱	分类/合唱|分类/合唱	31	0.52	60	180	只部分重合(不是同一首的充分证据); 若确认同曲再考虑借标签: 分类/合唱/分类/合唱
共用曲调/改编	伊犁河的月夜.txt	伊犁河的月夜	杨洪基|杨洪基	民族声乐考级歌曲_伊犁河月夜.txt	民族声乐考级歌曲 伊犁河月夜	杨洪基|杨洪基	42	0.51	82	100	只部分重合: 可能是改编/片段/共用同一曲调, 人工看一眼
同名多版本	爱_2.txt	爱		爱_3.txt	爱		77	0.50	153	155	预期内(榜单的多版本留一就是这种); 不用动
共用曲调/改编	京华春梦.txt	京华春梦	分类/通俗歌曲|分类/通俗歌曲	追忆当日爱.txt	追忆当日爱	分类/通俗歌曲|分类/通俗歌曲	34	0.50	163	68	只部分重合: 可能是改编/片段/共用同一曲调, 人工看一眼
共用曲调/改编	一荤一素_2.txt	一荤一素	毛不易|毛不易	一荤一素二声部合唱谱.txt	一荤一素二声部合唱谱	分类/合唱|分类/合唱	85	0.50	271	171	只部分重合: 可能是改编/片段/共用同一曲调, 人工看一眼
共用曲调/改编	一荤一素二声部合唱谱.txt	一荤一素二声部合唱谱	分类/合唱|分类/合唱	一荤一素有声动态谱.txt	一荤一素有声动态谱	毛不易|毛不易	85	0.50	171	270	只部分重合: 可能是改编/片段/共用同一曲调, 人工看一眼
同名多版本	好久不见.txt	好久不见		好久不见_2.txt	好久不见	陈奕迅|陈奕迅	90	0.49	182	358	预期内(榜单的多版本留一就是这种); 不用动
同名多版本	好久不见_2.txt	好久不见	陈奕迅|陈奕迅	好久不见_3.txt	好久不见	陈奕迅|陈奕迅	90	0.49	358	182	预期内(榜单的多版本留一就是这种); 不用动
同名多版本	那时的我们.txt	那时的我们	毛不易|毛不易	那时的我们_2.txt	那时的我们	毛不易|毛不易	168	0.49	341	342	预期内(榜单的多版本留一就是这种); 不用动
共用曲调/改编	小丑.txt	小丑	分类/通俗歌曲|分类/通俗歌曲	深海_2.txt	深海	毛不易|毛不易	204	0.49	418	431	只部分重合: 可能是改编/片段/共用同一曲调, 人工看一眼
共用曲调/改编	意愿.txt	意愿	刘德华|刘德华	愿意.txt	愿意	刘德华|刘德华	98	0.49	215	202	只部分重合: 可能是改编/片段/共用同一曲调, 人工看一眼
共用曲调/改编	大白鹅（班南.txt	大白鹅（班南		泼水歌_2.txt	泼水歌	分类/儿歌|儿歌|分类/儿歌|儿歌	49	0.49	268	101	只部分重合(不是同一首的充分证据); 若确认同曲再考虑借标签: 分类/儿歌/儿歌/分类/儿歌
共用曲调/改编	粮仓满_天下安.txt	粮仓满 天下安	阎维文|阎维文	粮满仓.txt	粮满仓	阎维文|阎维文	92	0.48	258	190	只部分重合: 可能是改编/片段/共用同一曲调, 人工看一眼
共用曲调/改编	我从草原来C调伴奏.txt	我从草原来C调伴奏	凤凰传奇|凤凰传奇	未命名-jianpujia-7077.txt	未命名-jianpujia-7077	分类/草原|分类/草原	88	0.48	183	209	只部分重合: 可能是改编/片段/共用同一曲调, 人工看一眼
同名多版本	敢问路在何方.txt	敢问路在何方	分类/美声|分类/美声	敢问路在何方历史经典.txt	敢问路在何方历史经典	蒋大为|蒋大为	82	0.48	171	172	预期内(榜单的多版本留一就是这种); 不用动
同名多版本	说句心里话.txt	说句心里话	分类/谱友上传|分类/谱友上传	说句心里话怀旧经典.txt	说句心里话怀旧经典	阎维文|阎维文	70	0.48	146	189	预期内(榜单的多版本留一就是这种); 不用动
共用曲调/改编	民族声乐考级歌曲_祝福祖国.txt	民族声乐考级歌曲 祝福祖国	张也|张也	祝福祖国.txt	祝福祖国	分类/通俗歌曲|分类/通俗歌曲	58	0.48	121	204	只部分重合: 可能是改编/片段/共用同一曲调, 人工看一眼
共用曲调/改编	我从草原来——凤凰传奇.txt	我从草原来——凤凰传奇	凤凰传奇|凤凰传奇	未命名-jianpujia-7077.txt	未命名-jianpujia-7077	分类/草原|分类/草原	88	0.48	184	209	只部分重合: 可能是改编/片段/共用同一曲调, 人工看一眼
共用曲调/改编	大路上铺满金色的阳光.txt	大路上铺满金色的阳光	蒋大为|蒋大为	大露上铺满金色的阳光.txt	大露上铺满金色的阳光	蒋大为|蒋大为	59	0.48	124	125	只部分重合: 可能是改编/片段/共用同一曲调, 人工看一眼
同名多版本	诗画中国.txt	诗画中国	许嵩|许嵩/谭维维|许嵩|许嵩/谭维维	诗画中国_4.txt	诗画中国	许嵩|谭维维|许嵩|谭维维	35	0.47	74	376	预期内(榜单的多版本留一就是这种); 不用动
共用曲调/改编	生日歌.txt	生日歌	分类/儿歌|儿歌|分类/儿歌|儿歌	祝你生日快乐.txt	祝你生日快乐	分类/儿歌|儿歌|分类/儿歌|儿歌	26	0.47	117	55	只部分重合: 可能是改编/片段/共用同一曲调, 人工看一眼
共用曲调/改编	《合家欢》.txt	《合家欢》	费玉清|费玉清	合家欢-费玉清.txt	合家欢-费玉清	费玉清|费玉清	28	0.47	113	60	只部分重合: 可能是改编/片段/共用同一曲调, 人工看一眼
共用曲调/改编	儿歌联唱1.txt	儿歌联唱1	分类/儿歌|分类/儿歌	我爱北京天安门.txt	我爱北京天安门	分类/儿歌|金铭与少儿|儿歌|分类/儿歌|金铭与少儿|儿歌	81	0.47	211	174	只部分重合: 可能是改编/片段/共用同一曲调, 人工看一眼
共用曲调/改编	未命名-jianpujia-418203.txt	未命名-jianpujia-418203	分类/草原|分类/草原	草原雨，草原湖.txt	草原雨，草原湖	分类/草原|金磊鑫|分类/草原|金磊鑫	107	0.46	233	246	只部分重合: 可能是改编/片段/共用同一曲调, 人工看一眼
共用曲调/改编	《_郴_州_行_》_（张_也.txt	《 郴 州 行 》 （张 也	张也|张也	郴州行.txt	郴州行	张也|张也	82	0.46	180	180	只部分重合: 可能是改编/片段/共用同一曲调, 人工看一眼
共用曲调/改编	草原湖，草原雨独唱歌曲.txt	草原湖，草原雨独唱歌曲	分类/草原|金磊鑫|草原|分类/草原|金磊鑫|草原	草原雨，草原湖.txt	草原雨，草原湖	分类/草原|金磊鑫|分类/草原|金磊鑫	107	0.46	235	246	只部分重合: 可能是改编/片段/共用同一曲调, 人工看一眼
同名多版本	《说中国》.txt	《说中国》	蒋大为|蒋大为	说中国.txt	说中国	蒋大为|蒋大为	73	0.45	235	161	预期内(榜单的多版本留一就是这种); 不用动
同名多版本	望_3.txt	望	韩红|韩红	望_4.txt	望	韩红|韩红	80	0.45	177	210	预期内(榜单的多版本留一就是这种); 不用动
同名多版本	小城故事_3.txt	小城故事	邓丽君|邓丽君	小城故事_4.txt	小城故事	邓丽君|邓丽君	34	0.44	154	77	预期内(榜单的多版本留一就是这种); 不用动
同名多版本	小城故事_2.txt	小城故事	邓丽君|怀旧经典 邓丽君|邓丽君|怀旧经典 邓丽君	小城故事_4.txt	小城故事	邓丽君|邓丽君	34	0.44	163	77	预期内(榜单的多版本留一就是这种); 不用动
共用曲调/改编	草原情草原风.txt	草原情草原风	分类/草原|草原|分类/草原|草原	草原风：11.草原情.txt	草原风：11.草原情	分类/草原|分类/草原	86	0.44	200	197	只部分重合: 可能是改编/片段/共用同一曲调, 人工看一眼
共用曲调/改编	爱情接书_歌曲类.txt	爱情接书 歌曲类		爱情证书.txt	爱情证书		41	0.43	95	166	只部分重合: 可能是改编/片段/共用同一曲调, 人工看一眼
同名多版本	骏马奔驰保边疆.txt	骏马奔驰保边疆	蒋大为|蒋大为	骏马奔驰保边疆F调伴奏.txt	骏马奔驰保边疆F调伴奏	蒋大为|蒋大为	65	0.43	152	166	预期内(榜单的多版本留一就是这种); 不用动
同名多版本	星_2.txt	星	邓丽君|邓丽君	邓丽君_72.txt	星	邓丽君|邓丽君	49	0.43	168	115	预期内(榜单的多版本留一就是这种); 不用动
同名多版本	无问.txt	无问	毛不易|毛不易	无问_2.txt	无问	毛不易|毛不易	83	0.43	275	195	预期内(榜单的多版本留一就是这种); 不用动
同名多版本	望.txt	望	韩红|韩红	望_3.txt	望	韩红|韩红	75	0.42	210	177	预期内(榜单的多版本留一就是这种); 不用动
同名多版本	世界之城.txt	世界之城	宋祖英|宋祖英	北京——世界之城.txt	北京——世界之城	宋祖英|宋祖英	45	0.42	107	115	预期内(榜单的多版本留一就是这种); 不用动
共用曲调/改编	海风阵阵愁煞人.txt	海风阵阵愁煞人	宋祖英|宋祖英	珊瑚颂G调伴奏.txt	珊瑚颂G调伴奏	韩红|韩红	83	0.42	709	198	只部分重合: 可能是改编/片段/共用同一曲调, 人工看一眼
共用曲调/改编	祖国啊_春常在.txt	祖国啊 春常在	李谷一|李谷一	祖国春常在.txt	祖国春常在	李谷一|李谷一	45	0.42	108	143	只部分重合: 可能是改编/片段/共用同一曲调, 人工看一眼
同名多版本	简简单单-林俊杰.txt	简简单单-林俊杰	林俊杰|林俊杰	简简单单.txt	简简单单	林俊杰|林俊杰	66	0.42	159	161	预期内(榜单的多版本留一就是这种); 不用动
同名多版本	秋光.txt	秋光	邓丽君|邓丽君	邓丽君_98.txt	秋光	邓丽君|邓丽君	36	0.41	181	87	预期内(榜单的多版本留一就是这种); 不用动
同名多版本	挥别.txt	挥别	邓丽君|邓丽君	邓丽君_69.txt	挥别	邓丽君|邓丽君	38	0.41	175	92	预期内(榜单的多版本留一就是这种); 不用动
同名多版本	爱雨.txt	爱雨	邓丽君|邓丽君	邓丽君_93.txt	爱雨	邓丽君|邓丽君	35	0.41	166	85	预期内(榜单的多版本留一就是这种); 不用动
同名多版本	家_3.txt	家		家_4.txt	家		52	0.41	128	346	预期内(榜单的多版本留一就是这种); 不用动
同名多版本	槟城艳.txt	槟城艳	邓丽君|邓丽君	邓丽君_81.txt	槟城艳	邓丽君|邓丽君	34	0.40	213	84	预期内(榜单的多版本留一就是这种); 不用动
同名多版本	爱_2.txt	爱		爱_4.txt	爱	分类/通俗歌曲|分类/通俗歌曲	61	0.40	153	163	预期内(榜单的多版本留一就是这种); 不用动
同名多版本	爱.txt	爱		爱_2.txt	爱		61	0.40	159	153	预期内(榜单的多版本留一就是这种); 不用动
共用曲调/改编	原來你什么都不想要.txt	原來你什么都不想要		原来你什么都不想要_2.txt	原来你什么都不想要		60	0.40	151	191	只部分重合: 可能是改编/片段/共用同一曲调, 人工看一眼
共用曲调/改编	啊，新北京.txt	啊，新北京	分类/合唱|分类/合唱	啊，新西安.txt	啊，新西安	分类/合唱|分类/合唱	87	0.40	221	220	只部分重合: 可能是改编/片段/共用同一曲调, 人工看一眼
共用曲调/改编	小红帽.txt	小红帽	儿歌|儿歌	小红帽钢琴.txt	小红帽钢琴	分类/钢琴谱|分类/儿歌|儿歌|分类/钢琴谱|分类/儿歌|儿歌	73	0.39	205	185	只部分重合: 可能是改编/片段/共用同一曲调, 人工看一眼
同名多版本	南海姑娘.txt	南海姑娘	分类/记谱|分类/记谱	邓丽君_24.txt	南海姑娘	邓丽君|邓丽君	42	0.39	215	107	预期内(榜单的多版本留一就是这种); 不用动
同名多版本	良夜.txt	良夜	邓丽君|邓丽君	邓丽君_101.txt	良夜	邓丽君|邓丽君	34	0.39	212	87	预期内(榜单的多版本留一就是这种); 不用动
同名多版本	逃避行.txt	逃避行	邓丽君|邓丽君	邓丽君_107.txt	逃避行	邓丽君|邓丽君	46	0.39	213	118	预期内(榜单的多版本留一就是这种); 不用动
同名多版本	奈何.txt	奈何	邓丽君|邓丽君	邓丽君_41.txt	奈何	邓丽君|邓丽君	43	0.39	234	111	预期内(榜单的多版本留一就是这种); 不用动
同名多版本	惜别.txt	惜别	邓丽君|邓丽君	邓丽君_62.txt	惜别	邓丽君|邓丽君	34	0.39	242	88	预期内(榜单的多版本留一就是这种); 不用动
共用曲调/改编	卖报歌.txt	卖报歌	分类/儿歌|儿歌|分类/儿歌|儿歌	口琴四级曲目：卖报歌、集体舞.txt	口琴四级曲目：卖报歌、集体舞	分类/口琴谱|分类/口琴谱	41	0.38	170	107	只部分重合: 可能是改编/片段/共用同一曲调, 人工看一眼
共用曲调/改编	心湖里起涟渏.txt	心湖里起涟渏	邓丽君|邓丽君	邓丽君_51.txt	心湖里起涟漪	分类/通俗歌曲|分类/通俗歌曲	54	0.38	144	142	只部分重合: 可能是改编/片段/共用同一曲调, 人工看一眼
同名多版本	风中有朵雨做的云_歌曲类.txt	风中有朵雨做的云 歌曲类		风中有朵雨做的云降B调不转调伴奏.txt	风中有朵雨做的云降B调不转调伴奏	孟庭苇|孟庭苇	41	0.38	109	223	预期内(榜单的多版本留一就是这种); 不用动
共用曲调/改编	OVER_THE_RAINBOW）.txt	OVER THE RAINBOW）		Over_the_Rainbow_飞越彩虹.txt	Over the Rainbow 飞越彩虹	分类/外国歌曲|分类/外国歌曲	24	0.38	64	72	只部分重合(不是同一首的充分证据); 若确认同曲再考虑借标签: 分类/外国歌曲/分类/外国歌曲
同名多版本	少年壮志不言愁.txt	少年壮志不言愁	刘欢|刘欢	少年壮志不言愁怀旧经典.txt	少年壮志不言愁怀旧经典	刘欢|刘欢	69	0.37	185	207	预期内(榜单的多版本留一就是这种); 不用动
同名多版本	暗香.txt	暗香	分类/谱友上传|分类/谱友上传	暗香_2.txt	暗香		40	0.37	169	108	预期内(榜单的多版本留一就是这种); 不用动
共用曲调/改编	最好的来生缘.txt	最好的来生缘	刘德华|刘德华	来生缘4.txt	来生缘4	刘德华|刘德华	58	0.37	159	157	只部分重合: 可能是改编/片段/共用同一曲调, 人工看一眼
同名多版本	船歌.txt	船歌	邓丽君|邓丽君	邓丽君_100.txt	船歌	邓丽君|邓丽君	25	0.37	241	68	预期内(榜单的多版本留一就是这种); 不用动
同名多版本	水上人.txt	水上人	邓丽君|邓丽君	邓丽君_82.txt	水上人	邓丽君|邓丽君	29	0.37	236	79	预期内(榜单的多版本留一就是这种); 不用动
共用曲调/改编	怒放的生命.txt	怒放的生命	汪峰|汪峰	恕放的生命.txt	恕放的生命	汪峰|汪峰	38	0.37	145	104	只部分重合: 可能是改编/片段/共用同一曲调, 人工看一眼
同名多版本	心事.txt	心事	邓丽君|邓丽君	邓丽君_50.txt	心事	邓丽君|邓丽君	42	0.37	258	115	预期内(榜单的多版本留一就是这种); 不用动
共用曲调/改编	你爱你_中国.txt	你爱你 中国	殷秀梅|殷秀梅	我爱你中国.txt	我爱你中国	殷秀梅|殷秀梅	94	0.36	259	258	只部分重合: 可能是改编/片段/共用同一曲调, 人工看一眼
同名多版本	情湖.txt	情湖	邓丽君|邓丽君	邓丽君_2.txt	情湖	邓丽君|邓丽君	38	0.36	245	105	预期内(榜单的多版本留一就是这种); 不用动
共用曲调/改编	梦草原-_新歌.txt	梦草原- 新歌	蒋大为|蒋大为	梦草原.txt	梦草原	蒋大为|蒋大为	52	0.36	146	149	只部分重合: 可能是改编/片段/共用同一曲调, 人工看一眼
共用曲调/改编	再诉衷肠.txt	再诉衷肠	分类/谱友上传|分类/谱友上传	守望青春.txt	守望青春	分类/谱友上传|分类/谱友上传	56	0.35	159	173	只部分重合: 可能是改编/片段/共用同一曲调, 人工看一眼
共用曲调/改编	一荤一素.txt	一荤一素		一荤一素二声部合唱谱.txt	一荤一素二声部合唱谱	分类/合唱|分类/合唱	60	0.35	276	171	只部分重合(不是同一首的充分证据); 若确认同曲再考虑借标签: 分类/合唱/分类/合唱
共用曲调/改编	【日】真夏の果実（盛夏的果实）.txt	【日】真夏の果実（盛夏的果实）		每天爱你多一些.txt	每天爱你多一些	分类/通俗歌曲|分类/通俗歌曲	34	0.35	352	97	只部分重合(不是同一首的充分证据); 若确认同曲再考虑借标签: 分类/通俗歌曲/分类/通俗歌曲
共用曲调/改编	请你别再找我.txt	请你别再找我	邓丽君|邓丽君	请你别再来找我.txt	请你别再来找我	邓丽君|邓丽君	41	0.35	117	250	只部分重合: 可能是改编/片段/共用同一曲调, 人工看一眼
同名多版本	不必在乎我是谁1.txt	不必在乎我是谁1		不必在乎我是谁_歌曲类.txt	不必在乎我是谁 歌曲类		60	0.35	172	216	预期内(榜单的多版本留一就是这种); 不用动
同名多版本	望.txt	望	韩红|韩红	望_4.txt	望	韩红|韩红	73	0.35	210	210	预期内(榜单的多版本留一就是这种); 不用动
同名多版本	美如天仙.txt	美如天仙	降央卓玛|降央卓玛	美如天仙_—.txt	美如天仙 —	降央卓玛|降央卓玛	86	0.35	248	253	预期内(榜单的多版本留一就是这种); 不用动
同名多版本	谁_4.txt	谁	谢雨欣|谢雨欣	谁_5.txt	谁	谢雨欣|谢雨欣	47	0.35	136	139	预期内(榜单的多版本留一就是这种); 不用动
同名多版本	青城山下白素贞.txt	青城山下白素贞	分类/通俗歌曲|分类/通俗歌曲	青城山下白素贞_-陶笛伴奏_G调.txt	青城山下白素贞 -陶笛伴奏 G调	分类/笛谱|张靓颖|分类/笛谱|张靓颖	40	0.34	276	116	预期内(榜单的多版本留一就是这种); 不用动
共用曲调/改编	苿莉花.txt	苿莉花	宋祖英|宋祖英	茉莉花_2.txt	茉莉花	分类/儿歌|儿歌|分类/儿歌|儿歌	31	0.34	91	212	只部分重合: 可能是改编/片段/共用同一曲调, 人工看一眼
同名多版本	全世界最好的你.txt	全世界最好的你	许嵩|许嵩	全世界最好的你_2.txt	全世界最好的你	许嵩|许嵩	25	0.34	74	228	预期内(榜单的多版本留一就是这种); 不用动
共用曲调/改编	吉祥的藏历年.txt	吉祥的藏历年	降央卓玛|降央卓玛	吉祥藏历年.txt	吉祥藏历年	降央卓玛|降央卓玛	70	0.34	208	270	只部分重合: 可能是改编/片段/共用同一曲调, 人工看一眼
同名多版本	说好的幸福呢.txt	说好的幸福呢	分类/通俗歌曲|分类/通俗歌曲	说好的幸福呢Jay.txt	说好的幸福呢Jay	周杰伦|周杰伦	137	0.33	411	409	预期内(榜单的多版本留一就是这种); 不用动
共用曲调/改编	那一天02.txt	那一天02	许巍|许巍	那一年_2.txt	那一年	许巍|许巍	27	0.33	81	267	只部分重合: 可能是改编/片段/共用同一曲调, 人工看一眼
共用曲调/改编	荒城渡.txt	荒城渡	周深|周深	陈情令_荒城渡.txt	陈情令 荒城渡	周深|周深	24	0.33	263	73	只部分重合: 可能是改编/片段/共用同一曲调, 人工看一眼
共用曲调/改编	孤勇者.txt	孤勇者	陈奕迅|陈奕迅	孤勇者（.txt	孤勇者（	分类/谱友上传|分类/谱友上传	109	0.33	373	332	只部分重合: 可能是改编/片段/共用同一曲调, 人工看一眼
共用曲调/改编	相爱好往昔.txt	相爱好往昔	邓丽君|邓丽君	邓丽君_96.txt	相爱如往昔	邓丽君|邓丽君	46	0.33	141	147	只部分重合: 可能是改编/片段/共用同一曲调, 人工看一眼
同名多版本	相爱如往昔_—.txt	相爱如往昔 —	邓丽君|邓丽君	邓丽君_96.txt	相爱如往昔	邓丽君|邓丽君	46	0.33	141	147	预期内(榜单的多版本留一就是这种); 不用动
同名多版本	遥远的路.txt	遥远的路	邓丽君|邓丽君	邓丽君_110.txt	遥远的路	邓丽君|邓丽君	33	0.32	192	102	预期内(榜单的多版本留一就是这种); 不用动
共用曲调/改编	清夜悠悠-桃源忆故人_—.txt	清夜悠悠-桃源忆故人 —	邓丽君|邓丽君	清夜悠悠.txt	清夜悠悠	邓丽君|邓丽君	38	0.32	118	122	只部分重合: 可能是改编/片段/共用同一曲调, 人工看一眼
共用曲调/改编	升国旗.txt	升国旗	分类/儿歌|分类/儿歌	绿叶房.txt	绿叶房	分类/儿歌|分类/儿歌	25	0.32	85	78	只部分重合: 可能是改编/片段/共用同一曲调, 人工看一眼
同名多版本	寄语多情人.txt	寄语多情人	邓丽君|邓丽君	邓丽君_44.txt	寄语多情人	邓丽君|邓丽君	48	0.32	169	152	预期内(榜单的多版本留一就是这种); 不用动
同名多版本	风雨彩虹.txt	风雨彩虹	田震|铿锵玫瑰|田震|铿锵玫瑰	风雨彩虹_2.txt	风雨彩虹	田震|田震	52	0.32	165	171	预期内(榜单的多版本留一就是这种); 不用动
同名多版本	曼陀山庄.txt	曼陀山庄	许嵩|许嵩	曼陀山庄_2.txt	曼陀山庄	许嵩|许嵩	51	0.31	286	163	预期内(榜单的多版本留一就是这种); 不用动
共用曲调/改编	红树林.txt	红树林		红树林之歌.txt	红树林之歌	王宏伟|王宏伟	51	0.31	205	163	只部分重合(不是同一首的充分证据); 若确认同曲再考虑借标签: 王宏伟/王宏伟
同名多版本	襟裳岬.txt	襟裳岬	邓丽君|邓丽君	邓丽君_102.txt	襟裳岬	邓丽君|邓丽君	28	0.31	223	90	预期内(榜单的多版本留一就是这种); 不用动
同名多版本	邓丽君_120.txt	黄昏里	邓丽君|邓丽君	黄昏里.txt	黄昏里	邓丽君|邓丽君	30	0.31	97	206	预期内(榜单的多版本留一就是这种); 不用动
共用曲调/改编	每天爱你多一些.txt	每天爱你多一些	分类/通俗歌曲|分类/通俗歌曲	每天爱你多一点_歌曲类.txt	每天爱你多一点 歌曲类	张学友|张学友	30	0.31	97	128	只部分重合: 可能是改编/片段/共用同一曲调, 人工看一眼
共用曲调/改编	相思比梦长_歌曲类.txt	相思比梦长 歌曲类	费玉清|费玉清	真我的风采.txt	真我的风采	刘德华|刘德华	25	0.31	81	112	只部分重合: 可能是改编/片段/共用同一曲调, 人工看一眼
共用曲调/改编	生日快乐.txt	生日快乐	分类/儿歌|儿歌|分类/儿歌|儿歌	生日快乐完整好听版钢琴.txt	生日快乐完整好听版钢琴	分类/钢琴谱|分类/儿歌|儿歌|分类/钢琴谱|分类/儿歌|儿歌	45	0.31	146	148	只部分重合: 可能是改编/片段/共用同一曲调, 人工看一眼
共用曲调/改编	怒放的生命_—.txt	怒放的生命 —	汪峰|汪峰	恕放的生命.txt	恕放的生命	汪峰|汪峰	32	0.31	129	104	只部分重合: 可能是改编/片段/共用同一曲调, 人工看一眼
同名多版本	郊游.txt	郊游	分类/儿歌|儿歌|分类/儿歌|儿歌	郊游_2.txt	郊游	分类/儿歌|分类/儿歌	26	0.31	86	85	预期内(榜单的多版本留一就是这种); 不用动
共用曲调/改编	水涟漪（邓丽君.txt	水涟漪（邓丽君		邓丽君_83.txt	水涟漪	邓丽君|邓丽君	38	0.30	129	125	只部分重合(不是同一首的充分证据); 若确认同曲再考虑借标签: 邓丽君/邓丽君
同名多版本	爱人.txt	爱人	邓丽君|邓丽君	邓丽君_88.txt	爱人	邓丽君|邓丽君	27	0.30	176	89	预期内(榜单的多版本留一就是这种); 不用动
同名多版本	山茶花.txt	山茶花	邓丽君|邓丽君	邓丽君_48.txt	山茶花	邓丽君|邓丽君	29	0.30	230	96	预期内(榜单的多版本留一就是这种); 不用动
