目标曲名	页面标题	页面id	判定	类型	本地目录
双截棍	被遗忘的时光（吉他六线谱）	29770	不同歌✗	改编/器乐	qupu123-mp9001/被遗忘的时光（吉他六线谱）__qupu123-29770
浪花一朵朵	浪花一朵朵	84347	同名✓	简谱(疑似可转写)	qupu123-mp024/浪花一朵朵__qupu123-84347
我是一只鱼	我是一只鱼 吉他谱（无限延音编配）	372053	同名✓	改编/器乐	qupu123-mp025/我是一只鱼 吉他谱（无限延音编配）__qupu123-372053
天天想你	一天天想你（电视剧《难舍真情》片尾主题歌）	71276	不同歌✗	简谱(疑似可转写)	qupu123-mp026/一天天想你（电视剧《难舍真情》片尾主题歌）__qupu123-71276
天天想你	天天想你（全芳词 株株曲）	302417	同名✓	简谱(疑似可转写)	qupu123-mp026/天天想你（全芳词 株株曲）__qupu123-302417
天天想你	天天想你（吉他六线谱）	29752	同名✓	改编/器乐	qupu123-mp026/天天想你（吉他六线谱）__qupu123-29752
天天想你	天天想你（陈乐融词 陈志远曲）	5673	同名✓	简谱(疑似可转写)	qupu123-mp026/天天想你（陈乐融词 陈志远曲）__qupu123-5673
谁明浪子心	谁明浪子心（带和弦）	293223	同名✓	改编/器乐	qupu123-mp027/谁明浪子心（带和弦）__qupu123-293223
青苹果乐园	青苹果乐园	14113	同名✓	简谱(疑似可转写)	qupu123-mp028/青苹果乐园__qupu123-14113
青苹果乐园	青苹果乐园	783	同名✓	简谱(疑似可转写)	qupu123-mp028/青苹果乐园__qupu123-783
蝴蝶飞呀	蝴蝶飞呀飞	38240	同名✓	简谱(疑似可转写)	qupu123-mp029/蝴蝶飞呀飞__qupu123-38240
红蜻蜓	红蜻蜓	344590	同名✓	简谱(疑似可转写)	qupu123-mp030/红蜻蜓__qupu123-344590
红蜻蜓	红蜻蜓	371392	同名✓	简谱(疑似可转写)	qupu123-mp030/红蜻蜓__qupu123-371392
红蜻蜓	红蜻蜓（二部合唱）	103667	同名✓	简谱(疑似可转写)	qupu123-mp030/红蜻蜓（二部合唱）__qupu123-103667
红蜻蜓	红蜻蜓（梦之旅组合）	375660	同名✓	简谱(疑似可转写)	qupu123-mp030/红蜻蜓（梦之旅组合）__qupu123-375660
听说爱情回来过	听说爱情回来过（吉他谱）	69328	同名✓	改编/器乐	qupu123-mp031/听说爱情回来过（吉他谱）__qupu123-69328
征服	征服吉他谱六线谱（袁惟仁）	69368	不同歌✗	改编/器乐	qupu123-mp032/征服吉他谱六线谱（袁惟仁）__qupu123-69368
征服	征服天堂	373701	疑似	简谱(疑似可转写)	qupu123-mp032/征服天堂__qupu123-373701
征服	征服（ukulele四线谱）	212202	同名✓	简谱(疑似可转写)	qupu123-mp032/征服（ukulele四线谱）__qupu123-212202
征服	把命运征服	312119	不同歌✗	简谱(疑似可转写)	qupu123-mp032/把命运征服__qupu123-312119
山不转水转	山不转水转	270529	同名✓	简谱(疑似可转写)	qupu123-mp033/山不转水转__qupu123-270529
山不转水转	山不转水转（乐队总谱）	361314	同名✓	改编/器乐	qupu123-mp033/山不转水转（乐队总谱）__qupu123-361314
山不转水转	山不转水转（梦之旅组合）	376076	同名✓	简谱(疑似可转写)	qupu123-mp033/山不转水转（梦之旅组合）__qupu123-376076
山不转水转	山不转水转（葫芦丝旋律谱）	307334	同名✓	简谱(疑似可转写)	qupu123-mp033/山不转水转（葫芦丝旋律谱）__qupu123-307334
一笑而过	一笑而过解千愁（刘兰芳词 一只舟曲）	207843	同名✓	简谱(疑似可转写)	qupu123-mp034/一笑而过解千愁（刘兰芳词 一只舟曲）__qupu123-207843
一笑而过	顺境逆境一笑而过	383021	同名✓	简谱(疑似可转写)	qupu123-mp034/顺境逆境一笑而过__qupu123-383021
新长征路上的摇滚	新长征路上的摇滚	396060	同名✓	简谱(疑似可转写)	qupu123-mp9006/新长征路上的摇滚__qupu123-396060
花房姑娘	花房姑娘	350703	同名✓	简谱(疑似可转写)	qupu123-mp036/花房姑娘__qupu123-350703
花房姑娘	花房姑娘（乐队总谱）	363088	同名✓	改编/器乐	qupu123-mp036/花房姑娘（乐队总谱）__qupu123-363088
花房姑娘	花房姑娘（吉他六线谱、简单吉他编配版）	233284	同名✓	改编/器乐	qupu123-mp036/花房姑娘（吉他六线谱、简单吉他编配版）__qupu123-233284
花房姑娘	花房姑娘（简谱）	362266	同名✓	简谱(疑似可转写)	qupu123-mp036/花房姑娘（简谱）__qupu123-362266
无地自容	无地自容（乐队总谱）	361857	同名✓	改编/器乐	qupu123-mp038/无地自容（乐队总谱）__qupu123-361857
梦回唐朝	梦回唐朝（唐朝乐队 词曲）	107400	同名✓	改编/器乐	qupu123-mp039/梦回唐朝（唐朝乐队 词曲）__qupu123-107400
飞得更高	愿你飞得更高	276532	同名✓	简谱(疑似可转写)	qupu123-mp040/愿你飞得更高__qupu123-276532
飞得更高	飞得更高（刘继锋词 张世民曲）	189202	同名✓	简谱(疑似可转写)	qupu123-mp040/飞得更高（刘继锋词 张世民曲）__qupu123-189202
飞得更高	飞得更高（吉他六线谱）	291049	同名✓	改编/器乐	qupu123-mp040/飞得更高（吉他六线谱）__qupu123-291049
飞得更高	飞得更高（山西省蒲县鸿桥中学校歌）	210872	同名✓	简谱(疑似可转写)	qupu123-mp040/飞得更高（山西省蒲县鸿桥中学校歌）__qupu123-210872
白桦林	白桦林	293165	同名✓	简谱(疑似可转写)	qupu123-mp041/白桦林__qupu123-293165
白桦林	白桦林	331468	同名✓	简谱(疑似可转写)	qupu123-mp041/白桦林__qupu123-331468
白桦林	白桦林（吉他谱）	240647	同名✓	改编/器乐	qupu123-mp041/白桦林（吉他谱）__qupu123-240647
白桦林	白桦林（王彦霖）	330774	同名✓	简谱(疑似可转写)	qupu123-mp041/白桦林（王彦霖）__qupu123-330774
我怀念的	我怀念的（吉他六线谱）	265868	同名✓	改编/器乐	qupu123-mp043/我怀念的（吉他六线谱）__qupu123-265868
我怀念的	我怀念的（韩剧《绿蔷薇》片头曲、编配乐谱）	34766	不同歌✗	改编/器乐	qupu123-mp043/我怀念的（韩剧《绿蔷薇》片头曲、编配乐谱）__qupu123-34766
我怀念的	故乡啊，我怀念的天堂	66974	疑似	简谱(疑似可转写)	qupu123-mp043/故乡啊，我怀念的天堂__qupu123-66974
不想长大	不想长大（编配乐谱）	35065	同名✓	改编/器乐	qupu123-mp045/不想长大（编配乐谱）__qupu123-35065
中国话	中国话 大文化	115149	疑似	简谱(疑似可转写)	qupu123-mp046/中国话 大文化__qupu123-115149
中国话	中国话（曹光斌词 朝乐蒙曲）	192745	同名✓	简谱(疑似可转写)	qupu123-mp046/中国话（曹光斌词 朝乐蒙曲）__qupu123-192745
中国话	中国话（编配乐谱）	34893	同名✓	改编/器乐	qupu123-mp046/中国话（编配乐谱）__qupu123-34893
中国话	说中国话 过中国节	306270	不同歌✗	简谱(疑似可转写)	qupu123-mp046/说中国话 过中国节__qupu123-306270
亲爱的那不是爱情	亲爱的那不是爱情（简和谱）	350936	同名✓	改编/器乐	qupu123-mp048/亲爱的那不是爱情（简和谱）__qupu123-350936
亲爱的那不是爱情	亲爱的那不是爱情（编配乐谱）	34658	同名✓	改编/器乐	qupu123-mp048/亲爱的那不是爱情（编配乐谱）__qupu123-34658
亲爱的那不是爱情	张韶涵 亲爱的那不是爱情 吉他谱（无限延音编配）	352125	同名✓	改编/器乐	qupu123-mp048/张韶涵 亲爱的那不是爱情 吉他谱（无限延音编配）__qupu123-352125
爱很简单	爱很简单（吉他谱）	69347	同名✓	改编/器乐	qupu123-mp049/爱很简单（吉他谱）__qupu123-69347
爱很简单	爱很简单（简和谱）	339552	同名✓	改编/器乐	qupu123-mp049/爱很简单（简和谱）__qupu123-339552
爱很简单	爱很简单（编配乐谱）	296289	同名✓	改编/器乐	qupu123-mp049/爱很简单（编配乐谱）__qupu123-296289
爱很简单	陶喆 爱很简单 吉他谱（无限延音编配）	371964	同名✓	改编/器乐	qupu123-mp049/陶喆 爱很简单 吉他谱（无限延音编配）__qupu123-371964
普通朋友	​普通朋友	245906	同名✓	简谱(疑似可转写)	qupu123-mp050/​普通朋友__qupu123-245906
就是爱你	就是爱你（吉他六线谱）	225616	同名✓	改编/器乐	qupu123-mp051/就是爱你（吉他六线谱）__qupu123-225616
就是爱你	就是爱你（许冬子词 谭永红曲）	256071	同名✓	简谱(疑似可转写)	qupu123-mp051/就是爱你（许冬子词 谭永红曲）__qupu123-256071
就是爱你	我就是爱你	94353	同名✓	简谱(疑似可转写)	qupu123-mp051/我就是爱你__qupu123-94353
大城小爱	大城小爱	217312	同名✓	简谱(疑似可转写)	qupu123-mp9012/大城小爱__qupu123-217312
大城小爱	大城小爱	378876	同名✓	简谱(疑似可转写)	qupu123-mp9012/大城小爱__qupu123-378876
大城小爱	大城小爱（简和谱）	349535	同名✓	改编/器乐	qupu123-mp9012/大城小爱（简和谱）__qupu123-349535
大城小爱	大城小爱（编配乐谱）	35075	同名✓	改编/器乐	qupu123-mp9012/大城小爱（编配乐谱）__qupu123-35075
心中的日月	心中的日月（曲木铁西词 乌兰托嘎曲）	271508	同名✓	简谱(疑似可转写)	qupu123-mp054/心中的日月（曲木铁西词 乌兰托嘎曲）__qupu123-271508
心中的日月	心中的日月（王健词 颜辉曲）	70541	同名✓	简谱(疑似可转写)	qupu123-mp054/心中的日月（王健词 颜辉曲）__qupu123-70541
心中的日月	心中的日月（编配乐谱）	34730	同名✓	改编/器乐	qupu123-mp054/心中的日月（编配乐谱）__qupu123-34730
心中的日月	心中的日月（陈宇佐词 王力宏曲）	4801	同名✓	简谱(疑似可转写)	qupu123-mp054/心中的日月（陈宇佐词 王力宏曲）__qupu123-4801
需要人陪	需要人陪	378929	同名✓	简谱(疑似可转写)	qupu123-mp055/需要人陪__qupu123-378929
需要人陪	需要人陪（吉他六线谱）	29765	同名✓	改编/器乐	qupu123-mp055/需要人陪（吉他六线谱）__qupu123-29765
需要人陪	需要人陪（拇指琴卡林巴琴和弦简谱）	336977	同名✓	改编/器乐	qupu123-mp055/需要人陪（拇指琴卡林巴琴和弦简谱）__qupu123-336977
需要人陪	需要人陪（简和谱）	346170	同名✓	改编/器乐	qupu123-mp055/需要人陪（简和谱）__qupu123-346170
姐妹	姐妹俩	226582	疑似	简谱(疑似可转写)	qupu123-mp056/姐妹俩__qupu123-226582
姐妹	姐妹花	337356	疑似	简谱(疑似可转写)	qupu123-mp056/姐妹花__qupu123-337356
姐妹	姐妹花（车行词 李昕曲）	57032	疑似	简谱(疑似可转写)	qupu123-mp056/姐妹花（车行词 李昕曲）__qupu123-57032
我可以抱你吗	我可以抱你吗（简和谱）	345568	同名✓	改编/器乐	qupu123-mp057/我可以抱你吗（简和谱）__qupu123-345568
剪爱	剪爱（吉他六线谱）	291052	同名✓	改编/器乐	qupu123-mp058/剪爱（吉他六线谱）__qupu123-291052
剪爱	剪爱（简和谱）	364207	同名✓	改编/器乐	qupu123-mp058/剪爱（简和谱）__qupu123-364207
千千阙歌	千千阙歌	377993	同名✓	简谱(疑似可转写)	qupu123-mp060/千千阙歌__qupu123-377993
千千阙歌	千千阙歌（粤语版）	260965	同名✓	简谱(疑似可转写)	qupu123-mp060/千千阙歌（粤语版）__qupu123-260965
千千阙歌	千千阙歌（粤语）	5758	同名✓	简谱(疑似可转写)	qupu123-mp060/千千阙歌（粤语）__qupu123-5758
铁血丹心	铁血丹心	236699	同名✓	简谱(疑似可转写)	qupu123-mp062/铁血丹心__qupu123-236699
铁血丹心	铁血丹心	374532	同名✓	简谱(疑似可转写)	qupu123-mp062/铁血丹心__qupu123-374532
铁血丹心	铁血丹心	381085	同名✓	简谱(疑似可转写)	qupu123-mp062/铁血丹心__qupu123-381085
月半小夜曲	月半小夜曲	303278	同名✓	简谱(疑似可转写)	qupu123-mp063/月半小夜曲__qupu123-303278
月半小夜曲	月半小夜曲	380696	同名✓	简谱(疑似可转写)	qupu123-mp063/月半小夜曲__qupu123-380696
月半小夜曲	月半小夜曲（古筝谱）	357795	同名✓	改编/器乐	qupu123-mp063/月半小夜曲（古筝谱）__qupu123-357795
月半小夜曲	月半小夜曲（简和谱）	346348	同名✓	改编/器乐	qupu123-mp063/月半小夜曲（简和谱）__qupu123-346348
今宵多珍重	今宵多珍重	294770	同名✓	简谱(疑似可转写)	qupu123-mp064/今宵多珍重__qupu123-294770
今宵多珍重	今宵多珍重	330563	同名✓	简谱(疑似可转写)	qupu123-mp064/今宵多珍重__qupu123-330563
今宵多珍重	今宵多珍重（粤语）	1753	同名✓	简谱(疑似可转写)	qupu123-mp064/今宵多珍重（粤语）__qupu123-1753
沧海一声笑	沧海一声笑	315555	同名✓	简谱(疑似可转写)	qupu123-mp065/沧海一声笑__qupu123-315555
沧海一声笑	沧海一声笑	374586	同名✓	简谱(疑似可转写)	qupu123-mp065/沧海一声笑__qupu123-374586
沧海一声笑	沧海一声笑（乐队总谱）	358808	同名✓	改编/器乐	qupu123-mp065/沧海一声笑（乐队总谱）__qupu123-358808
沧海一声笑	沧海一声笑（葫芦丝谱）	306350	同名✓	简谱(疑似可转写)	qupu123-mp065/沧海一声笑（葫芦丝谱）__qupu123-306350
笑看风云	笑看风云（免费吉他谱）	372394	同名✓	改编/器乐	qupu123-mp066/笑看风云（免费吉他谱）__qupu123-372394
冬天里的一把火	冬天里的一把火	1038	同名✓	简谱(疑似可转写)	qupu123-mp067/冬天里的一把火__qupu123-1038
冬天里的一把火	冬天里的一把火	2234	同名✓	简谱(疑似可转写)	qupu123-mp067/冬天里的一把火__qupu123-2234
滚滚红尘	滚滚红尘（乐队总谱）	351986	同名✓	改编/器乐	qupu123-mp068/滚滚红尘（乐队总谱）__qupu123-351986
滚滚红尘	滚滚红尘（梦之旅组合）	375692	同名✓	简谱(疑似可转写)	qupu123-mp068/滚滚红尘（梦之旅组合）__qupu123-375692
滚滚红尘	滚滚红尘（老人适用）	341668	同名✓	简谱(疑似可转写)	qupu123-mp068/滚滚红尘（老人适用）__qupu123-341668
滚滚红尘	滚滚红尘（适合手机）	359408	同名✓	简谱(疑似可转写)	qupu123-mp068/滚滚红尘（适合手机）__qupu123-359408
领悟	领悟（李宗盛词曲）	261725	同名✓	简谱(疑似可转写)	qupu123-mp069/领悟（李宗盛词曲）__qupu123-261725
如果云知道	如果云知道	1908	同名✓	简谱(疑似可转写)	qupu123-mp070/如果云知道__qupu123-1908
如果云知道	如果云知道	271362	同名✓	简谱(疑似可转写)	qupu123-mp070/如果云知道__qupu123-271362
如果云知道	如果云知道（小提琴谱）	206142	同名✓	改编/器乐	qupu123-mp070/如果云知道（小提琴谱）__qupu123-206142
如果云知道	如果云知道（简和谱）	339664	同名✓	改编/器乐	qupu123-mp070/如果云知道（简和谱）__qupu123-339664
月亮惹的祸	月亮惹的祸	378855	同名✓	简谱(疑似可转写)	qupu123-mp071/月亮惹的祸__qupu123-378855
月亮惹的祸	月亮惹的祸	785	同名✓	简谱(疑似可转写)	qupu123-mp071/月亮惹的祸__qupu123-785
月亮惹的祸	月亮惹的祸（十一郎词 张宇曲）	110207	同名✓	简谱(疑似可转写)	qupu123-mp071/月亮惹的祸（十一郎词 张宇曲）__qupu123-110207
月亮惹的祸	月亮惹的祸（电视剧《圆月弯刀》主题曲）	270190	同名✓	简谱(疑似可转写)	qupu123-mp071/月亮惹的祸（电视剧《圆月弯刀》主题曲）__qupu123-270190
雨一直下	雨一直下	378854	同名✓	简谱(疑似可转写)	qupu123-mp072/雨一直下__qupu123-378854
太傻	太傻太愚蠢	253791	不同歌✗	简谱(疑似可转写)	qupu123-mp073/太傻太愚蠢__qupu123-253791
太傻	太傻（编配乐谱）	296925	同名✓	改编/器乐	qupu123-mp073/太傻（编配乐谱）__qupu123-296925
太傻	我太傻	350317	疑似	简谱(疑似可转写)	qupu123-mp073/我太傻__qupu123-350317
太傻	都怪我太傻	360797	不同歌✗	简谱(疑似可转写)	qupu123-mp073/都怪我太傻__qupu123-360797
春泥	垦春泥（丁育政词 鲁新华曲）	278746	疑似	简谱(疑似可转写)	qupu123-mp074/垦春泥（丁育政词 鲁新华曲）__qupu123-278746
春泥	垦春泥（合唱）	247452	疑似	简谱(疑似可转写)	qupu123-mp074/垦春泥（合唱）__qupu123-247452
春泥	春泥	358908	同名✓	简谱(疑似可转写)	qupu123-mp074/春泥__qupu123-358908
突然的自我	突然的自我	380881	同名✓	简谱(疑似可转写)	qupu123-mp076/突然的自我__qupu123-380881
突然的自我	突然的自我（简和谱）	349372	同名✓	改编/器乐	qupu123-mp076/突然的自我（简和谱）__qupu123-349372
突然的自我	突然的自我（编配乐谱）	34777	同名✓	改编/器乐	qupu123-mp076/突然的自我（编配乐谱）__qupu123-34777
你是我的花朵	你是我的花朵	49744	同名✓	简谱(疑似可转写)	qupu123-mp077/你是我的花朵__qupu123-49744
2002年的第一场雪	2002年的第一场雪	1198	同名✓	简谱(疑似可转写)	qupu123-mp078/2002年的第一场雪__qupu123-1198
2002年的第一场雪	2002年的第一场雪	300587	同名✓	简谱(疑似可转写)	qupu123-mp078/2002年的第一场雪__qupu123-300587
2002年的第一场雪	2002年的第一场雪（刀郎词曲）	204406	同名✓	简谱(疑似可转写)	qupu123-mp078/2002年的第一场雪（刀郎词曲）__qupu123-204406
为爱痴狂	《为爱痴狂》吉他谱G调入门版 高音教编配 猴哥吉他教学	352063	不同歌✗	改编/器乐	qupu123-mp079/《为爱痴狂》吉他谱G调入门版 高音教编配 猴哥吉他教学__qupu123-352063
为爱痴狂	为爱痴狂（简谱）	242616	同名✓	简谱(疑似可转写)	qupu123-mp079/为爱痴狂（简谱）__qupu123-242616
为爱痴狂	刘若英 为爱痴狂 吉他谱（无限延音编配）	352509	同名✓	改编/器乐	qupu123-mp079/刘若英 为爱痴狂 吉他谱（无限延音编配）__qupu123-352509
画心	画心（电影《画皮》主题曲）	286776	不同歌✗	简谱(疑似可转写)	qupu123-mp080/画心（电影《画皮》主题曲）__qupu123-286776
画心	画心（电影《画皮》主题歌）	7976	不同歌✗	简谱(疑似可转写)	qupu123-mp080/画心（电影《画皮》主题歌）__qupu123-7976
画心	画心（钢琴弹唱谱）	32681	同名✓	改编/器乐	qupu123-mp080/画心（钢琴弹唱谱）__qupu123-32681
画心	画心（陈少琪词 藤原育郎曲）	270218	同名✓	简谱(疑似可转写)	qupu123-mp080/画心（陈少琪词 藤原育郎曲）__qupu123-270218
如果这就是爱情	如果这就是爱情	19462	同名✓	简谱(疑似可转写)	qupu123-mp081/如果这就是爱情__qupu123-19462
安和桥	安和桥	252660	同名✓	简谱(疑似可转写)	qupu123-mp082/安和桥__qupu123-252660
安和桥	安和桥（安和桥）	357660	同名✓	简谱(疑似可转写)	qupu123-mp082/安和桥（安和桥）__qupu123-357660
小情歌	小情歌	377948	同名✓	简谱(疑似可转写)	qupu123-mp083/小情歌__qupu123-377948
小情歌	小情歌	53498	同名✓	简谱(疑似可转写)	qupu123-mp083/小情歌__qupu123-53498
小情歌	小情歌（ukulele重制版）	355159	同名✓	简谱(疑似可转写)	qupu123-mp083/小情歌（ukulele重制版）__qupu123-355159
小情歌	小情歌（简和谱）	339770	同名✓	改编/器乐	qupu123-mp083/小情歌（简和谱）__qupu123-339770
无与伦比的美丽	无与伦比的美丽	32353	同名✓	简谱(疑似可转写)	qupu123-mp084/无与伦比的美丽__qupu123-32353
有点甜	有点甜	52345	同名✓	简谱(疑似可转写)	qupu123-mp085/有点甜__qupu123-52345
有点甜	有点甜（五线谱）	337060	同名✓	改编/器乐	qupu123-mp085/有点甜（五线谱）__qupu123-337060
有点甜	有点甜（弹唱谱）	357288	同名✓	改编/器乐	qupu123-mp085/有点甜（弹唱谱）__qupu123-357288
有点甜	有点甜（钢琴谱）	354404	同名✓	改编/器乐	qupu123-mp085/有点甜（钢琴谱）__qupu123-354404
老男孩	老男孩	288567	同名✓	简谱(疑似可转写)	qupu123-mp086/老男孩__qupu123-288567
老男孩	老男孩	91471	同名✓	简谱(疑似可转写)	qupu123-mp086/老男孩__qupu123-91471
老男孩	老男孩（吉他谱）	240670	同名✓	改编/器乐	qupu123-mp086/老男孩（吉他谱）__qupu123-240670
老男孩	老男孩（简和谱）	339628	同名✓	改编/器乐	qupu123-mp086/老男孩（简和谱）__qupu123-339628
时间都去哪儿了	时间都去哪儿了（合唱线谱）	323974	同名✓	简谱(疑似可转写)	qupu123-mp087/时间都去哪儿了（合唱线谱）__qupu123-323974
时间都去哪儿了	时间都去哪儿了（吉他六线谱）	97642	同名✓	改编/器乐	qupu123-mp087/时间都去哪儿了（吉他六线谱）__qupu123-97642
时间都去哪儿了	时间都去哪儿了（董冬冬词 陈曦曲）	63498	同名✓	简谱(疑似可转写)	qupu123-mp087/时间都去哪儿了（董冬冬词 陈曦曲）__qupu123-63498
时间都去哪儿了	时间都去哪儿了（陈曦词 董冬冬曲）	105801	同名✓	简谱(疑似可转写)	qupu123-mp087/时间都去哪儿了（陈曦词 董冬冬曲）__qupu123-105801
你快回来	你快回来	383116	同名✓	简谱(疑似可转写)	qupu123-mp088/你快回来__qupu123-383116
你快回来	叫声哥哥你快回来	53706	同名✓	简谱(疑似可转写)	qupu123-mp088/叫声哥哥你快回来__qupu123-53706
你快回来	妈妈，你快回来吧	222001	同名✓	简谱(疑似可转写)	qupu123-mp088/妈妈，你快回来吧__qupu123-222001
你快回来	民族声乐考级歌曲：叫一声哥哥你快回来	304161	不同歌✗	改编/器乐	qupu123-mp088/民族声乐考级歌曲：叫一声哥哥你快回来__qupu123-304161
不见不散	2022不见不散	257121	同名✓	简谱(疑似可转写)	qupu123-mp089/2022不见不散__qupu123-257121
不见不散	不见不散	365282	同名✓	简谱(疑似可转写)	qupu123-mp089/不见不散__qupu123-365282
不见不散	不见不散（同名电影主题曲）	1540	同名✓	简谱(疑似可转写)	qupu123-mp089/不见不散（同名电影主题曲）__qupu123-1540
不见不散	不见不散（吴铭词曲）	305332	同名✓	简谱(疑似可转写)	qupu123-mp089/不见不散（吴铭词曲）__qupu123-305332
懂你	懂你	373047	同名✓	简谱(疑似可转写)	qupu123-mp090/懂你__qupu123-373047
懂你	懂你（崔浩词 邹兴淮曲）	243065	同名✓	简谱(疑似可转写)	qupu123-mp090/懂你（崔浩词 邹兴淮曲）__qupu123-243065
懂你	懂你（笛子演奏提示版）	357935	同名✓	简谱(疑似可转写)	qupu123-mp090/懂你（笛子演奏提示版）__qupu123-357935
懂你	懂你（简和谱）	339699	同名✓	改编/器乐	qupu123-mp090/懂你（简和谱）__qupu123-339699
知心爱人	知心爱人	104191	同名✓	简谱(疑似可转写)	qupu123-mp091/知心爱人__qupu123-104191
知心爱人	知心爱人	302184	同名✓	简谱(疑似可转写)	qupu123-mp091/知心爱人__qupu123-302184
知心爱人	知心爱人（吉他六线谱）	254272	同名✓	改编/器乐	qupu123-mp091/知心爱人（吉他六线谱）__qupu123-254272
纤夫的爱	纤夫的爱	350318	同名✓	简谱(疑似可转写)	qupu123-mp092/纤夫的爱__qupu123-350318
纤夫的爱	纤夫的爱（乐队总谱）	361315	同名✓	改编/器乐	qupu123-mp092/纤夫的爱（乐队总谱）__qupu123-361315
纤夫的爱	纤夫的爱（梦之旅组合）	381558	同名✓	简谱(疑似可转写)	qupu123-mp092/纤夫的爱（梦之旅组合）__qupu123-381558
纤夫的爱	纤夫的爱（老人适用）	341623	同名✓	简谱(疑似可转写)	qupu123-mp092/纤夫的爱（老人适用）__qupu123-341623
常回家看看	常回家看看	1756	同名✓	简谱(疑似可转写)	qupu123-mp093/常回家看看__qupu123-1756
常回家看看	常回家看看	178034	同名✓	简谱(疑似可转写)	qupu123-mp093/常回家看看__qupu123-178034
常回家看看	常回家看看（合唱）	74092	同名✓	简谱(疑似可转写)	qupu123-mp093/常回家看看（合唱）__qupu123-74092
常回家看看	常回家看看（正谱）	104754	同名✓	改编/器乐	qupu123-mp093/常回家看看（正谱）__qupu123-104754
十五的月亮	十五的月亮	1718	同名✓	简谱(疑似可转写)	qupu123-mp094/十五的月亮__qupu123-1718
十五的月亮	十五的月亮	294545	同名✓	简谱(疑似可转写)	qupu123-mp094/十五的月亮__qupu123-294545
十五的月亮	十五的月亮	374538	同名✓	简谱(疑似可转写)	qupu123-mp094/十五的月亮__qupu123-374538
万里长城永不倒	未来的主人翁	6727	不同歌✗	简谱(疑似可转写)	qupu123-mp001/未来的主人翁__qupu123-6727
万里长城永不倒	被遗忘的时光	327110	不同歌✗	简谱(疑似可转写)	qupu123-mp001/被遗忘的时光__qupu123-327110
万里长城永不倒	被遗忘的时光（吉他六线谱）	29770	不同歌✗	改编/器乐	qupu123-mp001/被遗忘的时光（吉他六线谱）__qupu123-29770
前尘	我是一片云	371351	不同歌✗	简谱(疑似可转写)	qupu123-mp002/我是一片云__qupu123-371351
前尘	我是一片云	382309	不同歌✗	简谱(疑似可转写)	qupu123-mp002/我是一片云__qupu123-382309
前尘	请跟我来（电影《搭错车》插曲）	232321	不同歌✗	简谱(疑似可转写)	qupu123-mp002/请跟我来（电影《搭错车》插曲）__qupu123-232321
前尘	请跟我来（电影《搭错车》插曲）	250480	不同歌✗	简谱(疑似可转写)	qupu123-mp002/请跟我来（电影《搭错车》插曲）__qupu123-250480
姐姐	凡人歌（乐队总谱）	351991	不同歌✗	改编/器乐	qupu123-mp003/凡人歌（乐队总谱）__qupu123-351991
姐姐	凡人歌（李宗盛 词曲）	251451	不同歌✗	简谱(疑似可转写)	qupu123-mp003/凡人歌（李宗盛 词曲）__qupu123-251451
姐姐	凡人歌（电视剧《碧海情天》主题曲）	1482	不同歌✗	简谱(疑似可转写)	qupu123-mp003/凡人歌（电视剧《碧海情天》主题曲）__qupu123-1482
姐姐	鹿港小镇	223738	不同歌✗	简谱(疑似可转写)	qupu123-mp003/鹿港小镇__qupu123-223738
姐姐	鹿港小镇	267174	不同歌✗	简谱(疑似可转写)	qupu123-mp003/鹿港小镇__qupu123-267174
阿姐鼓	爱的代价	378938	不同歌✗	简谱(疑似可转写)	qupu123-mp004/爱的代价__qupu123-378938
阿姐鼓	爱的代价（ukulele四线谱）	211326	不同歌✗	简谱(疑似可转写)	qupu123-mp004/爱的代价（ukulele四线谱）__qupu123-211326
阿姐鼓	爱的代价（梦之旅组合）	376437	不同歌✗	简谱(疑似可转写)	qupu123-mp004/爱的代价（梦之旅组合）__qupu123-376437
阿姐鼓	爱的代价（简和谱）	350092	不同歌✗	改编/器乐	qupu123-mp004/爱的代价（简和谱）__qupu123-350092
明天你是否依然爱我	我是一只小小鸟	993	不同歌✗	简谱(疑似可转写)	qupu123-mp005/我是一只小小鸟__qupu123-993
明天你是否依然爱我	我是一只小小鸟（二重唱）	65489	不同歌✗	简谱(疑似可转写)	qupu123-mp005/我是一只小小鸟（二重唱）__qupu123-65489
明天你是否依然爱我	我是一只小小鸟（李宗盛词曲）	227242	不同歌✗	简谱(疑似可转写)	qupu123-mp005/我是一只小小鸟（李宗盛词曲）__qupu123-227242
明天你是否依然爱我	我是一只小小鸟（简和谱）	353670	不同歌✗	改编/器乐	qupu123-mp005/我是一只小小鸟（简和谱）__qupu123-353670
天籁……星河传说	我很丑可是我很温柔	1241	不同歌✗	简谱(疑似可转写)	qupu123-mp006/我很丑可是我很温柔__qupu123-1241
天籁……星河传说	我很丑可是我很温柔（带和弦）	54033	不同歌✗	改编/器乐	qupu123-mp006/我很丑可是我很温柔（带和弦）__qupu123-54033
每段路	《爱要怎么说出口》吉他谱C调入门版 林俊杰 高音教编配	341893	不同歌✗	改编/器乐	qupu123-mp007/《爱要怎么说出口》吉他谱C调入门版 林俊杰 高音教编配__qupu123-341893
每段路	爱要怎么说出口	1000	不同歌✗	简谱(疑似可转写)	qupu123-mp007/爱要怎么说出口__qupu123-1000
终身美丽	真心英雄（ukulele四线谱）	221786	不同歌✗	简谱(疑似可转写)	qupu123-mp008/真心英雄（ukulele四线谱）__qupu123-221786
终身美丽	真心英雄（李宗盛词曲）	232814	不同歌✗	简谱(疑似可转写)	qupu123-mp008/真心英雄（李宗盛词曲）__qupu123-232814
终身美丽	真心英雄（纳兰临风 词曲）	332339	不同歌✗	简谱(疑似可转写)	qupu123-mp008/真心英雄（纳兰临风 词曲）__qupu123-332339
终身美丽	真心英雄（陶明翠词 纳兰临风曲）	332020	不同歌✗	简谱(疑似可转写)	qupu123-mp008/真心英雄（陶明翠词 纳兰临风曲）__qupu123-332020
留住我吧	红豆	381945	不同歌✗	简谱(疑似可转写)	qupu123-mp010/红豆__qupu123-381945
留住我吧	红豆（史光柱词曲）	41428	不同歌✗	简谱(疑似可转写)	qupu123-mp010/红豆（史光柱词曲）__qupu123-41428
留住我吧	红豆（简和谱）	339811	不同歌✗	改编/器乐	qupu123-mp010/红豆（简和谱）__qupu123-339811
恋爱症候群	匆匆那年（五线谱）	337480	不同歌✗	改编/器乐	qupu123-mp011/匆匆那年（五线谱）__qupu123-337480
恋爱症候群	匆匆那年（同名电影主题曲）	196329	不同歌✗	简谱(疑似可转写)	qupu123-mp011/匆匆那年（同名电影主题曲）__qupu123-196329
恋爱症候群	匆匆那年（林夕词 梁翘柏曲）	261979	不同歌✗	简谱(疑似可转写)	qupu123-mp011/匆匆那年（林夕词 梁翘柏曲）__qupu123-261979
恋爱症候群	匆匆那年（男生版、ukulele四线谱）	209128	不同歌✗	简谱(疑似可转写)	qupu123-mp011/匆匆那年（男生版、ukulele四线谱）__qupu123-209128
情义两心坚	一起走过的日子	339585	不同歌✗	简谱(疑似可转写)	qupu123-mp012/一起走过的日子__qupu123-339585
情义两心坚	一起走过的日子（刘德华现场版）	364116	不同歌✗	简谱(疑似可转写)	qupu123-mp012/一起走过的日子（刘德华现场版）__qupu123-364116
情义两心坚	一起走过的日子（小美词 胡伟立曲）	14600	不同歌✗	简谱(疑似可转写)	qupu123-mp012/一起走过的日子（小美词 胡伟立曲）__qupu123-14600
情义两心坚	一起走过的日子（梦之旅组合）	377266	不同歌✗	简谱(疑似可转写)	qupu123-mp012/一起走过的日子（梦之旅组合）__qupu123-377266
恼人的秋风	真的爱你（Beyond）	346969	不同歌✗	简谱(疑似可转写)	qupu123-mp013/真的爱你（Beyond）__qupu123-346969
恼人的秋风	真的爱你（Beyond）	358376	不同歌✗	简谱(疑似可转写)	qupu123-mp013/真的爱你（Beyond）__qupu123-358376
恼人的秋风	真的爱你（简和谱）	339795	不同歌✗	改编/器乐	qupu123-mp013/真的爱你（简和谱）__qupu123-339795
恼人的秋风	真的爱你（钢琴谱）	354343	不同歌✗	改编/器乐	qupu123-mp013/真的爱你（钢琴谱）__qupu123-354343
忘尽心中情	星星点灯	276361	不同歌✗	简谱(疑似可转写)	qupu123-mp015/星星点灯__qupu123-276361
忘尽心中情	星星点灯	354460	不同歌✗	简谱(疑似可转写)	qupu123-mp015/星星点灯__qupu123-354460
忘尽心中情	星星点灯	382115	不同歌✗	简谱(疑似可转写)	qupu123-mp015/星星点灯__qupu123-382115
忘尽心中情	星星点灯（乐队总谱）	346996	不同歌✗	改编/器乐	qupu123-mp015/星星点灯（乐队总谱）__qupu123-346996
唯一	游戏人间（连续剧《海马歌舞厅》主题曲）	298193	不同歌✗	简谱(疑似可转写)	qupu123-mp018/游戏人间（连续剧《海马歌舞厅》主题曲）__qupu123-298193
特别的人	别哭我最爱的人	200299	不同歌✗	简谱(疑似可转写)	qupu123-mp019/别哭我最爱的人__qupu123-200299
春娇与志明	外面的世界	1752	不同歌✗	简谱(疑似可转写)	qupu123-mp020/外面的世界__qupu123-1752
春娇与志明	外面的世界（吉他谱）	240691	不同歌✗	改编/器乐	qupu123-mp020/外面的世界（吉他谱）__qupu123-240691
春娇与志明	外面的世界（吉他谱）	69334	不同歌✗	改编/器乐	qupu123-mp020/外面的世界（吉他谱）__qupu123-69334
春娇与志明	外面的世界（带和弦）	53933	不同歌✗	改编/器乐	qupu123-mp020/外面的世界（带和弦）__qupu123-53933
搁浅	夜夜夜夜熬（(DJ版)-张鑫雨）	384128	不同歌✗	简谱(疑似可转写)	qupu123-mp021/夜夜夜夜熬（(DJ版)-张鑫雨）__qupu123-384128
搁浅	夜夜夜夜（吉他谱）	69330	不同歌✗	改编/器乐	qupu123-mp021/夜夜夜夜（吉他谱）__qupu123-69330
搁浅	夜夜夜夜（熊天平词曲、正谱）	327888	不同歌✗	改编/器乐	qupu123-mp021/夜夜夜夜（熊天平词曲、正谱）__qupu123-327888
兰亭序	【日】幸せ（《伤心太平洋》原曲）	318614	不同歌✗	简谱(疑似可转写)	qupu123-mp023/【日】幸せ（《伤心太平洋》原曲）__qupu123-318614
兰亭序	伤心太平洋	384524	不同歌✗	简谱(疑似可转写)	qupu123-mp023/伤心太平洋__qupu123-384524
兰亭序	伤心太平洋（电视剧《新神雕侠侣》片尾曲）	1758	不同歌✗	简谱(疑似可转写)	qupu123-mp023/伤心太平洋（电视剧《新神雕侠侣》片尾曲）__qupu123-1758
兰亭序	伤心太平洋（简和谱）	349371	不同歌✗	改编/器乐	qupu123-mp023/伤心太平洋（简和谱）__qupu123-349371
明明就	浪花一朵朵	84347	不同歌✗	简谱(疑似可转写)	qupu123-mp024/浪花一朵朵__qupu123-84347
一路向北	我是一只鱼 吉他谱（无限延音编配）	372053	不同歌✗	改编/器乐	qupu123-mp025/我是一只鱼 吉他谱（无限延音编配）__qupu123-372053
说了再见	一天天想你（电视剧《难舍真情》片尾主题歌）	71276	不同歌✗	简谱(疑似可转写)	qupu123-mp026/一天天想你（电视剧《难舍真情》片尾主题歌）__qupu123-71276
说了再见	天天想你（全芳词 株株曲）	302417	不同歌✗	简谱(疑似可转写)	qupu123-mp026/天天想你（全芳词 株株曲）__qupu123-302417
说了再见	天天想你（吉他六线谱）	29752	不同歌✗	改编/器乐	qupu123-mp026/天天想你（吉他六线谱）__qupu123-29752
说了再见	天天想你（陈乐融词 陈志远曲）	5673	不同歌✗	简谱(疑似可转写)	qupu123-mp026/天天想你（陈乐融词 陈志远曲）__qupu123-5673
天地龙鳞	谁明浪子心（带和弦）	293223	不同歌✗	改编/器乐	qupu123-mp027/谁明浪子心（带和弦）__qupu123-293223
小三对白	青苹果乐园	14113	不同歌✗	简谱(疑似可转写)	qupu123-mp028/青苹果乐园__qupu123-14113
小三对白	青苹果乐园	783	不同歌✗	简谱(疑似可转写)	qupu123-mp028/青苹果乐园__qupu123-783
句号	蝴蝶飞呀飞	38240	不同歌✗	简谱(疑似可转写)	qupu123-mp029/蝴蝶飞呀飞__qupu123-38240
暮色回响	红蜻蜓	344590	不同歌✗	简谱(疑似可转写)	qupu123-mp030/红蜻蜓__qupu123-344590
暮色回响	红蜻蜓	371392	不同歌✗	简谱(疑似可转写)	qupu123-mp030/红蜻蜓__qupu123-371392
暮色回响	红蜻蜓（二部合唱）	103667	不同歌✗	简谱(疑似可转写)	qupu123-mp030/红蜻蜓（二部合唱）__qupu123-103667
暮色回响	红蜻蜓（梦之旅组合）	375660	不同歌✗	简谱(疑似可转写)	qupu123-mp030/红蜻蜓（梦之旅组合）__qupu123-375660
就是哪吒	听说爱情回来过（吉他谱）	69328	不同歌✗	改编/器乐	qupu123-mp031/听说爱情回来过（吉他谱）__qupu123-69328
反方向的钟	征服吉他谱六线谱（袁惟仁）	69368	不同歌✗	改编/器乐	qupu123-mp032/征服吉他谱六线谱（袁惟仁）__qupu123-69368
反方向的钟	征服天堂	373701	不同歌✗	简谱(疑似可转写)	qupu123-mp032/征服天堂__qupu123-373701
反方向的钟	征服（ukulele四线谱）	212202	不同歌✗	简谱(疑似可转写)	qupu123-mp032/征服（ukulele四线谱）__qupu123-212202
反方向的钟	把命运征服	312119	不同歌✗	简谱(疑似可转写)	qupu123-mp032/把命运征服__qupu123-312119
退后	山不转水转	270529	不同歌✗	简谱(疑似可转写)	qupu123-mp033/山不转水转__qupu123-270529
退后	山不转水转（乐队总谱）	361314	不同歌✗	改编/器乐	qupu123-mp033/山不转水转（乐队总谱）__qupu123-361314
退后	山不转水转（梦之旅组合）	376076	不同歌✗	简谱(疑似可转写)	qupu123-mp033/山不转水转（梦之旅组合）__qupu123-376076
退后	山不转水转（葫芦丝旋律谱）	307334	不同歌✗	简谱(疑似可转写)	qupu123-mp033/山不转水转（葫芦丝旋律谱）__qupu123-307334
凄美地	一笑而过解千愁（刘兰芳词 一只舟曲）	207843	不同歌✗	简谱(疑似可转写)	qupu123-mp034/一笑而过解千愁（刘兰芳词 一只舟曲）__qupu123-207843
凄美地	顺境逆境一笑而过	383021	不同歌✗	简谱(疑似可转写)	qupu123-mp034/顺境逆境一笑而过__qupu123-383021
还是分开	花房姑娘	350703	不同歌✗	简谱(疑似可转写)	qupu123-mp036/花房姑娘__qupu123-350703
还是分开	花房姑娘（乐队总谱）	363088	不同歌✗	改编/器乐	qupu123-mp036/花房姑娘（乐队总谱）__qupu123-363088
还是分开	花房姑娘（吉他六线谱、简单吉他编配版）	233284	不同歌✗	改编/器乐	qupu123-mp036/花房姑娘（吉他六线谱、简单吉他编配版）__qupu123-233284
还是分开	花房姑娘（简谱）	362266	不同歌✗	简谱(疑似可转写)	qupu123-mp036/花房姑娘（简谱）__qupu123-362266
虚拟	无地自容（乐队总谱）	361857	不同歌✗	改编/器乐	qupu123-mp038/无地自容（乐队总谱）__qupu123-361857
推开世界的门	梦回唐朝（唐朝乐队 词曲）	107400	不同歌✗	改编/器乐	qupu123-mp039/梦回唐朝（唐朝乐队 词曲）__qupu123-107400
借过一下	愿你飞得更高	276532	不同歌✗	简谱(疑似可转写)	qupu123-mp040/愿你飞得更高__qupu123-276532
借过一下	飞得更高（刘继锋词 张世民曲）	189202	不同歌✗	简谱(疑似可转写)	qupu123-mp040/飞得更高（刘继锋词 张世民曲）__qupu123-189202
借过一下	飞得更高（吉他六线谱）	291049	不同歌✗	改编/器乐	qupu123-mp040/飞得更高（吉他六线谱）__qupu123-291049
借过一下	飞得更高（山西省蒲县鸿桥中学校歌）	210872	不同歌✗	简谱(疑似可转写)	qupu123-mp040/飞得更高（山西省蒲县鸿桥中学校歌）__qupu123-210872
缝合	白桦林	293165	不同歌✗	简谱(疑似可转写)	qupu123-mp041/白桦林__qupu123-293165
缝合	白桦林	331468	不同歌✗	简谱(疑似可转写)	qupu123-mp041/白桦林__qupu123-331468
缝合	白桦林（吉他谱）	240647	不同歌✗	改编/器乐	qupu123-mp041/白桦林（吉他谱）__qupu123-240647
缝合	白桦林（王彦霖）	330774	不同歌✗	简谱(疑似可转写)	qupu123-mp041/白桦林（王彦霖）__qupu123-330774
写在星星上	我怀念的（吉他六线谱）	265868	不同歌✗	改编/器乐	qupu123-mp043/我怀念的（吉他六线谱）__qupu123-265868
写在星星上	我怀念的（韩剧《绿蔷薇》片头曲、编配乐谱）	34766	不同歌✗	改编/器乐	qupu123-mp043/我怀念的（韩剧《绿蔷薇》片头曲、编配乐谱）__qupu123-34766
写在星星上	故乡啊，我怀念的天堂	66974	不同歌✗	简谱(疑似可转写)	qupu123-mp043/故乡啊，我怀念的天堂__qupu123-66974
瘦子	不想长大（编配乐谱）	35065	不同歌✗	改编/器乐	qupu123-mp045/不想长大（编配乐谱）__qupu123-35065
